<?xml version="1.0" encoding="UTF-8"?>
<gpx xmlns="http://www.topografix.com/GPX/1/1" xmlns:xsi="http://www.w3.org/2001/XMLSchema-instance" xsi:schemaLocation="http://www.topografix.com/GPX/1/1 http://www.topografix.com/GPX/1/1/gpx.xsd" version="1.1" creator="open-rando">
  <metadata>
    <name>GR 303</name>
    <desc>À travers le Bourbonnais</desc>
  </metadata>
  <wpt lat="46.5363578" lon="2.6106846">
    <name>Vallon-en-Sully</name>
  </wpt>
  <wpt lat="46.6295472" lon="2.5866674">
    <name>Urçay</name>
  </wpt>
  <wpt lat="46.5615946" lon="3.3393685">
    <name>Moulins-sur-Allier</name>
  </wpt>
  <trk>
    <name>GR 303</name>
    <trkseg>
      <trkpt lat="46.5605587" lon="2.5856238">
        <ele>178.24568</ele>
      </trkpt>
      <trkpt lat="46.5608123" lon="2.585064">
        <ele>177.07571999999254</ele>
      </trkpt>
      <trkpt lat="46.5612099" lon="2.5841073">
        <ele>177.64435999999478</ele>
      </trkpt>
      <trkpt lat="46.5616539" lon="2.5832337">
        <ele>178.35867999999982</ele>
      </trkpt>
      <trkpt lat="46.5620257" lon="2.5831667">
        <ele>178.59987999999976</ele>
      </trkpt>
      <trkpt lat="46.5622985" lon="2.5832672">
        <ele>178.44730323199258</ele>
      </trkpt>
      <trkpt lat="46.5624412" lon="2.583217">
        <ele>178.87697158400437</ele>
      </trkpt>
      <trkpt lat="46.5625932" lon="2.5830395">
        <ele>179.0</ele>
      </trkpt>
      <trkpt lat="46.5633018" lon="2.5825423">
        <ele>177.86500682560094</ele>
      </trkpt>
      <trkpt lat="46.5635148" lon="2.5824954">
        <ele>177.36327999999958</ele>
      </trkpt>
      <trkpt lat="46.5635988" lon="2.5824435">
        <ele>177.2477199999953</ele>
      </trkpt>
      <trkpt lat="46.563638" lon="2.582318">
        <ele>177.49497664001592</ele>
      </trkpt>
      <trkpt lat="46.5637174" lon="2.5819982">
        <ele>177.54331150719307</ele>
      </trkpt>
      <trkpt lat="46.5640213" lon="2.5819547">
        <ele>176.98067902560027</ele>
      </trkpt>
      <trkpt lat="46.5643481" lon="2.5819466">
        <ele>177.65315999998757</ele>
      </trkpt>
      <trkpt lat="46.5643954" lon="2.5818994">
        <ele>177.98560000000725</ele>
      </trkpt>
      <trkpt lat="46.5645282" lon="2.5817666">
        <ele>178.64024000000018</ele>
      </trkpt>
      <trkpt lat="46.5646197" lon="2.5817489">
        <ele>178.70395999999982</ele>
      </trkpt>
      <trkpt lat="46.5646876" lon="2.5817872">
        <ele>178.56608000000006</ele>
      </trkpt>
      <trkpt lat="46.5647673" lon="2.5819142">
        <ele>178.10888000000023</ele>
      </trkpt>
      <trkpt lat="46.564906" lon="2.5821444">
        <ele>178.0</ele>
      </trkpt>
      <trkpt lat="46.5650507" lon="2.5823097">
        <ele>178.18252000000166</ele>
      </trkpt>
      <trkpt lat="46.5651569" lon="2.5823746">
        <ele>178.56483999999318</ele>
      </trkpt>
      <trkpt lat="46.5652927" lon="2.5823983">
        <ele>179.03405203360123</ele>
      </trkpt>
      <trkpt lat="46.5654344" lon="2.5823746">
        <ele>179.30930007040186</ele>
      </trkpt>
      <trkpt lat="46.5656735" lon="2.5822802">
        <ele>179.54469748800747</ele>
      </trkpt>
      <trkpt lat="46.5660454" lon="2.5821798">
        <ele>180.88003255680076</ele>
      </trkpt>
      <trkpt lat="46.5663731" lon="2.5821385">
        <ele>183.84661157599822</ele>
      </trkpt>
      <trkpt lat="46.5665591" lon="2.5821208">
        <ele>185.2255199999945</ele>
      </trkpt>
      <trkpt lat="46.5668749" lon="2.5822034">
        <ele>188.94776439362778</ele>
      </trkpt>
      <trkpt lat="46.5671642" lon="2.5822802">
        <ele>192.2082374336059</ele>
      </trkpt>
      <trkpt lat="46.5673443" lon="2.5823068">
        <ele>192.69551999999976</ele>
      </trkpt>
      <trkpt lat="46.5674859" lon="2.582289">
        <ele>192.75960000000077</ele>
      </trkpt>
      <trkpt lat="46.5676896" lon="2.5822359">
        <ele>192.95075999999972</ele>
      </trkpt>
      <trkpt lat="46.5678226" lon="2.582241">
        <ele>192.9433079360004</ele>
      </trkpt>
      <trkpt lat="46.5679199" lon="2.5822448">
        <ele>192.96030609920018</ele>
      </trkpt>
      <trkpt lat="46.5682298" lon="2.5823127">
        <ele>193.42296235839365</ele>
      </trkpt>
      <trkpt lat="46.5687611" lon="2.582534">
        <ele>192.40373110398988</ele>
      </trkpt>
      <trkpt lat="46.5690386" lon="2.5826226">
        <ele>192.0</ele>
      </trkpt>
      <trkpt lat="46.5691065" lon="2.5826344">
        <ele>192.0</ele>
      </trkpt>
      <trkpt lat="46.5691537" lon="2.582599">
        <ele>192.0</ele>
      </trkpt>
      <trkpt lat="46.5691596" lon="2.5825016">
        <ele>192.0</ele>
      </trkpt>
      <trkpt lat="46.5690711" lon="2.5819702">
        <ele>192.65596000000778</ele>
      </trkpt>
      <trkpt lat="46.5690357" lon="2.5815629">
        <ele>192.3310860688018</ele>
      </trkpt>
      <trkpt lat="46.569015" lon="2.5803644">
        <ele>192.82973536000017</ele>
      </trkpt>
      <trkpt lat="46.5690239" lon="2.5792073">
        <ele>193.5850579312076</ele>
      </trkpt>
      <trkpt lat="46.5690327" lon="2.5782243">
        <ele>193.7967845455985</ele>
      </trkpt>
      <trkpt lat="46.5690477" lon="2.5779679">
        <ele>193.29313196320317</ele>
      </trkpt>
      <trkpt lat="46.5690504" lon="2.5779203">
        <ele>193.2147547647968</ele>
      </trkpt>
      <trkpt lat="46.5690888" lon="2.5776989">
        <ele>192.92040033280307</ele>
      </trkpt>
      <trkpt lat="46.5692777" lon="2.5773034">
        <ele>192.69196000000193</ele>
      </trkpt>
      <trkpt lat="46.5694962" lon="2.5768606">
        <ele>193.73071882882738</ele>
      </trkpt>
      <trkpt lat="46.569874" lon="2.5761817">
        <ele>197.1388511679983</ele>
      </trkpt>
      <trkpt lat="46.5698681" lon="2.5760901">
        <ele>196.92435999999998</ele>
      </trkpt>
      <trkpt lat="46.5697972" lon="2.5760429">
        <ele>196.75444000000016</ele>
      </trkpt>
      <trkpt lat="46.5695493" lon="2.575792">
        <ele>195.1725109759949</ele>
      </trkpt>
      <trkpt lat="46.569319" lon="2.5754496">
        <ele>193.54840000000058</ele>
      </trkpt>
      <trkpt lat="46.5690799" lon="2.5750865">
        <ele>192.90273109599832</ele>
      </trkpt>
      <trkpt lat="46.5688202" lon="2.5747589">
        <ele>194.11524000000873</ele>
      </trkpt>
      <trkpt lat="46.5683804" lon="2.5743633">
        <ele>194.1199431872058</ele>
      </trkpt>
      <trkpt lat="46.5679582" lon="2.5739707">
        <ele>191.1958166303969</ele>
      </trkpt>
      <trkpt lat="46.5677546" lon="2.5738231">
        <ele>189.61604192960377</ele>
      </trkpt>
      <trkpt lat="46.567669" lon="2.5737759">
        <ele>188.96932721601198</ele>
      </trkpt>
      <trkpt lat="46.5675597" lon="2.5737375">
        <ele>188.3127085999833</ele>
      </trkpt>
      <trkpt lat="46.5674558" lon="2.5737305">
        <ele>187.68175999998311</ele>
      </trkpt>
      <trkpt lat="46.5674264" lon="2.5736718">
        <ele>187.47008000001597</ele>
      </trkpt>
      <trkpt lat="46.5673429" lon="2.5735758">
        <ele>186.86887999999908</ele>
      </trkpt>
      <trkpt lat="46.5672177" lon="2.5734756">
        <ele>185.96744000000353</ele>
      </trkpt>
      <trkpt lat="46.567034" lon="2.5733086">
        <ele>184.70513350399793</ele>
      </trkpt>
      <trkpt lat="46.5669171" lon="2.5731625">
        <ele>184.61499999999978</ele>
      </trkpt>
      <trkpt lat="46.5668279" lon="2.5729581">
        <ele>185.4980384303997</ele>
      </trkpt>
      <trkpt lat="46.5667611" lon="2.572989">
        <ele>185.39774558399833</ele>
      </trkpt>
      <trkpt lat="46.5665472" lon="2.5730641">
        <ele>185.37286147839305</ele>
      </trkpt>
      <trkpt lat="46.5663406" lon="2.5730641">
        <ele>185.90772000000106</ele>
      </trkpt>
      <trkpt lat="46.566053" lon="2.5730641">
        <ele>185.70495499198907</ele>
      </trkpt>
      <trkpt lat="46.5655514" lon="2.5729997">
        <ele>184.17416815677942</ele>
      </trkpt>
      <trkpt lat="46.5654039" lon="2.5729997">
        <ele>183.21894163679823</ele>
      </trkpt>
      <trkpt lat="46.5652165" lon="2.5730212">
        <ele>182.4133923840051</ele>
      </trkpt>
      <trkpt lat="46.5651511" lon="2.5730512">
        <ele>182.47309858559467</ele>
      </trkpt>
      <trkpt lat="46.5651503" lon="2.572987">
        <ele>182.725997088002</ele>
      </trkpt>
      <trkpt lat="46.5651812" lon="2.5728583">
        <ele>183.27413095679637</ele>
      </trkpt>
      <trkpt lat="46.5652329" lon="2.5727302">
        <ele>183.83843999999294</ele>
      </trkpt>
      <trkpt lat="46.5654248" lon="2.5724203">
        <ele>185.49734101761902</ele>
      </trkpt>
      <trkpt lat="46.5655842" lon="2.5720631">
        <ele>188.32438252164016</ele>
      </trkpt>
      <trkpt lat="46.5656993" lon="2.5717886">
        <ele>190.36024697917688</ele>
      </trkpt>
      <trkpt lat="46.5658204" lon="2.5716026">
        <ele>192.7564614015964</ele>
      </trkpt>
      <trkpt lat="46.5660093" lon="2.5714078">
        <ele>196.12427268155554</ele>
      </trkpt>
      <trkpt lat="46.5661716" lon="2.5711687">
        <ele>197.37993399679098</ele>
      </trkpt>
      <trkpt lat="46.5662425" lon="2.5709975">
        <ele>196.87054300000196</ele>
      </trkpt>
      <trkpt lat="46.5662336" lon="2.5706816">
        <ele>195.45375999999942</ele>
      </trkpt>
      <trkpt lat="46.5662218" lon="2.5703835">
        <ele>195.246818512002</ele>
      </trkpt>
      <trkpt lat="46.5661716" lon="2.5700824">
        <ele>195.06459632639678</ele>
      </trkpt>
      <trkpt lat="46.5659414" lon="2.5693031">
        <ele>193.80204088640036</ele>
      </trkpt>
      <trkpt lat="46.5656875" lon="2.5685327">
        <ele>194.67319699998723</ele>
      </trkpt>
      <trkpt lat="46.5654012" lon="2.5675202">
        <ele>197.0404090496012</ele>
      </trkpt>
      <trkpt lat="46.5652005" lon="2.5667881">
        <ele>197.27819999998883</ele>
      </trkpt>
      <trkpt lat="46.5651236" lon="2.5662448">
        <ele>197.76919034880098</ele>
      </trkpt>
      <trkpt lat="46.5650234" lon="2.5659296">
        <ele>197.3173657855987</ele>
      </trkpt>
      <trkpt lat="46.564894" lon="2.5655247">
        <ele>197.51898374399264</ele>
      </trkpt>
      <trkpt lat="46.56456" lon="2.5648693">
        <ele>196.94547999999986</ele>
      </trkpt>
      <trkpt lat="46.5643074" lon="2.5643371">
        <ele>196.0</ele>
      </trkpt>
      <trkpt lat="46.5640423" lon="2.5638632">
        <ele>197.0</ele>
      </trkpt>
      <trkpt lat="46.563819" lon="2.5635126">
        <ele>196.4829874240056</ele>
      </trkpt>
      <trkpt lat="46.5635831" lon="2.5630722">
        <ele>196.09479766719167</ele>
      </trkpt>
      <trkpt lat="46.563529" lon="2.5629729">
        <ele>196.2955999999906</ele>
      </trkpt>
      <trkpt lat="46.5635172" lon="2.5628695">
        <ele>196.3380800000009</ele>
      </trkpt>
      <trkpt lat="46.563405" lon="2.5624769">
        <ele>197.8037047199879</ele>
      </trkpt>
      <trkpt lat="46.5633194" lon="2.5621168">
        <ele>198.9498399999909</ele>
      </trkpt>
      <trkpt lat="46.5632516" lon="2.5618571">
        <ele>198.79828082560226</ele>
      </trkpt>
      <trkpt lat="46.5631423" lon="2.5616061">
        <ele>198.93191046879804</ele>
      </trkpt>
      <trkpt lat="46.5629328" lon="2.5612372">
        <ele>198.49464734720038</ele>
      </trkpt>
      <trkpt lat="46.5625992" lon="2.5607235">
        <ele>199.1412052480016</ele>
      </trkpt>
      <trkpt lat="46.5622243" lon="2.5602011">
        <ele>198.28145522079188</ele>
      </trkpt>
      <trkpt lat="46.5620856" lon="2.5599915">
        <ele>199.0</ele>
      </trkpt>
      <trkpt lat="46.5620236" lon="2.559838">
        <ele>199.0</ele>
      </trkpt>
      <trkpt lat="46.5619852" lon="2.5597789">
        <ele>199.0</ele>
      </trkpt>
      <trkpt lat="46.561938" lon="2.5597612">
        <ele>198.97354457599107</ele>
      </trkpt>
      <trkpt lat="46.5618968" lon="2.5597361">
        <ele>198.81991086079833</ele>
      </trkpt>
      <trkpt lat="46.5619295" lon="2.559535">
        <ele>198.9461999999926</ele>
      </trkpt>
      <trkpt lat="46.5619469" lon="2.5591235">
        <ele>199.00137373600134</ele>
      </trkpt>
      <trkpt lat="46.5619743" lon="2.55781">
        <ele>200.78503999997974</ele>
      </trkpt>
      <trkpt lat="46.5619284" lon="2.5578128">
        <ele>201.05776000000242</ele>
      </trkpt>
      <trkpt lat="46.5618019" lon="2.5578161">
        <ele>201.5131600000036</ele>
      </trkpt>
      <trkpt lat="46.5616414" lon="2.557851">
        <ele>201.90903999999705</ele>
      </trkpt>
      <trkpt lat="46.5614717" lon="2.5579234">
        <ele>201.29811999999447</ele>
      </trkpt>
      <trkpt lat="46.5607979" lon="2.5582312">
        <ele>198.87243999998987</ele>
      </trkpt>
      <trkpt lat="46.560675" lon="2.5582775">
        <ele>198.43000000001211</ele>
      </trkpt>
      <trkpt lat="46.5606079" lon="2.5582714">
        <ele>198.18844000000308</ele>
      </trkpt>
      <trkpt lat="46.5605323" lon="2.5582178">
        <ele>197.95110082239677</ele>
      </trkpt>
      <trkpt lat="46.5604795" lon="2.5581407">
        <ele>197.9160748239995</ele>
      </trkpt>
      <trkpt lat="46.5604132" lon="2.5578215">
        <ele>198.84259999999927</ele>
      </trkpt>
      <trkpt lat="46.5603634" lon="2.5574245">
        <ele>200.08377963199973</ele>
      </trkpt>
      <trkpt lat="46.5603663" lon="2.5571985">
        <ele>200.3768647279941</ele>
      </trkpt>
      <trkpt lat="46.5603257" lon="2.5568338">
        <ele>200.67039816640042</ele>
      </trkpt>
      <trkpt lat="46.5602243" lon="2.5561686">
        <ele>199.0</ele>
      </trkpt>
      <trkpt lat="46.5601505" lon="2.5557797">
        <ele>199.73487999999588</ele>
      </trkpt>
      <trkpt lat="46.5600214" lon="2.5554712">
        <ele>200.10043550718387</ele>
      </trkpt>
      <trkpt lat="46.5598112" lon="2.5550125">
        <ele>200.5812255999896</ele>
      </trkpt>
      <trkpt lat="46.5593656" lon="2.5538438">
        <ele>201.71615999999858</ele>
      </trkpt>
      <trkpt lat="46.5592929" lon="2.5536285">
        <ele>201.45444000000953</ele>
      </trkpt>
      <trkpt lat="46.5591443" lon="2.5532322">
        <ele>200.08052000000066</ele>
      </trkpt>
      <trkpt lat="46.5588824" lon="2.5529157">
        <ele>201.011761292797</ele>
      </trkpt>
      <trkpt lat="46.5586935" lon="2.5527729">
        <ele>201.7086082960112</ele>
      </trkpt>
      <trkpt lat="46.5585607" lon="2.5526763">
        <ele>202.06629827359873</ele>
      </trkpt>
      <trkpt lat="46.5583837" lon="2.552443">
        <ele>203.02387999999974</ele>
      </trkpt>
      <trkpt lat="46.5583124" lon="2.552267">
        <ele>203.77558803199497</ele>
      </trkpt>
      <trkpt lat="46.5583088" lon="2.5521513">
        <ele>203.91167999999607</ele>
      </trkpt>
      <trkpt lat="46.5583162" lon="2.5520601">
        <ele>203.93832000000066</ele>
      </trkpt>
      <trkpt lat="46.5583254" lon="2.5520091">
        <ele>203.9714400000039</ele>
      </trkpt>
      <trkpt lat="46.558342" lon="2.5519609">
        <ele>203.96879999998828</ele>
      </trkpt>
      <trkpt lat="46.5583759" lon="2.5519186">
        <ele>203.76797744959518</ele>
      </trkpt>
      <trkpt lat="46.5584139" lon="2.5519017">
        <ele>203.6007113552067</ele>
      </trkpt>
      <trkpt lat="46.5583217" lon="2.5514726">
        <ele>202.30135999999948</ele>
      </trkpt>
      <trkpt lat="46.558251" lon="2.5510607">
        <ele>201.2964000000054</ele>
      </trkpt>
      <trkpt lat="46.5581106" lon="2.5505215">
        <ele>202.82613441600293</ele>
      </trkpt>
      <trkpt lat="46.5579934" lon="2.5501422">
        <ele>203.602627219199</ele>
      </trkpt>
      <trkpt lat="46.5579099" lon="2.5497777">
        <ele>204.3806451791959</ele>
      </trkpt>
      <trkpt lat="46.5575508" lon="2.548211">
        <ele>203.45726035199658</ele>
      </trkpt>
      <trkpt lat="46.557456" lon="2.5476445">
        <ele>203.4797999999996</ele>
      </trkpt>
      <trkpt lat="46.5573195" lon="2.5472636">
        <ele>204.29803420799533</ele>
      </trkpt>
      <trkpt lat="46.5572752" lon="2.5471564">
        <ele>203.95375999999783</ele>
      </trkpt>
      <trkpt lat="46.5573896" lon="2.5470544">
        <ele>203.9984000000013</ele>
      </trkpt>
      <trkpt lat="46.5574966" lon="2.5468613">
        <ele>203.389120000003</ele>
      </trkpt>
      <trkpt lat="46.5575254" lon="2.5467563">
        <ele>202.79873414081908</ele>
      </trkpt>
      <trkpt lat="46.5575482" lon="2.5466736">
        <ele>202.39262894079638</ele>
      </trkpt>
      <trkpt lat="46.5575519" lon="2.546459">
        <ele>202.23399841599982</ele>
      </trkpt>
      <trkpt lat="46.5575245" lon="2.5456949">
        <ele>204.36620464800257</ele>
      </trkpt>
      <trkpt lat="46.5575187" lon="2.5452198">
        <ele>204.94673103039202</ele>
      </trkpt>
      <trkpt lat="46.5575482" lon="2.5448765">
        <ele>205.0</ele>
      </trkpt>
      <trkpt lat="46.557574" lon="2.544383">
        <ele>205.0589276800021</ele>
      </trkpt>
      <trkpt lat="46.5575556" lon="2.5440986">
        <ele>205.15111279360153</ele>
      </trkpt>
      <trkpt lat="46.5575003" lon="2.5437768">
        <ele>205.0</ele>
      </trkpt>
      <trkpt lat="46.557408" lon="2.5434603">
        <ele>204.8201848960047</ele>
      </trkpt>
      <trkpt lat="46.5572863" lon="2.5432564">
        <ele>204.2945691328055</ele>
      </trkpt>
      <trkpt lat="46.5572125" lon="2.5430848">
        <ele>203.96868479999523</ele>
      </trkpt>
      <trkpt lat="46.5572052" lon="2.5429131">
        <ele>203.97014683519743</ele>
      </trkpt>
      <trkpt lat="46.5572052" lon="2.5426663">
        <ele>204.0</ele>
      </trkpt>
      <trkpt lat="46.5572088" lon="2.5423177">
        <ele>204.59285710079067</ele>
      </trkpt>
      <trkpt lat="46.5572347" lon="2.5421567">
        <ele>205.38123572962562</ele>
      </trkpt>
      <trkpt lat="46.5572041" lon="2.5419885">
        <ele>205.7109199999993</ele>
      </trkpt>
      <trkpt lat="46.5569938" lon="2.5416774">
        <ele>203.73562888961118</ele>
      </trkpt>
      <trkpt lat="46.5568869" lon="2.5414145">
        <ele>201.65877984801577</ele>
      </trkpt>
      <trkpt lat="46.5568168" lon="2.5410926">
        <ele>201.5764975872005</ele>
      </trkpt>
      <trkpt lat="46.556459" lon="2.540347">
        <ele>203.31209808000824</ele>
      </trkpt>
      <trkpt lat="46.5556179" lon="2.5386169">
        <ele>197.67332000001556</ele>
      </trkpt>
      <trkpt lat="46.5553359" lon="2.5377978">
        <ele>197.19415798080973</ele>
      </trkpt>
      <trkpt lat="46.5552628" lon="2.5369639">
        <ele>198.64424000001918</ele>
      </trkpt>
      <trkpt lat="46.5552755" lon="2.5368062">
        <ele>200.45207804800785</ele>
      </trkpt>
      <trkpt lat="46.5552988" lon="2.5367554">
        <ele>201.44425521925152</ele>
      </trkpt>
      <trkpt lat="46.5551726" lon="2.5365429">
        <ele>200.17371999997272</ele>
      </trkpt>
      <trkpt lat="46.555035" lon="2.536219">
        <ele>197.75599999992755</ele>
      </trkpt>
      <trkpt lat="46.554955" lon="2.5360037">
        <ele>196.41464215999568</ele>
      </trkpt>
      <trkpt lat="46.5548867" lon="2.5359099">
        <ele>195.66393195676793</ele>
      </trkpt>
      <trkpt lat="46.5548369" lon="2.5358455">
        <ele>195.2128023919774</ele>
      </trkpt>
      <trkpt lat="46.5548074" lon="2.5357784">
        <ele>194.91992000001505</ele>
      </trkpt>
      <trkpt lat="46.5547466" lon="2.5357006">
        <ele>194.26328000001536</ele>
      </trkpt>
      <trkpt lat="46.5546728" lon="2.5356711">
        <ele>193.4662399999861</ele>
      </trkpt>
      <trkpt lat="46.5545215" lon="2.5356604">
        <ele>191.83219999999847</ele>
      </trkpt>
      <trkpt lat="46.5540641" lon="2.5356363">
        <ele>189.63075999999273</ele>
      </trkpt>
      <trkpt lat="46.5538133" lon="2.5356175">
        <ele>188.93931724000143</ele>
      </trkpt>
      <trkpt lat="46.5535181" lon="2.5355343">
        <ele>189.66968000001452</ele>
      </trkpt>
      <trkpt lat="46.5531142" lon="2.5353573">
        <ele>192.5777599999774</ele>
      </trkpt>
      <trkpt lat="46.5527914" lon="2.5352071">
        <ele>193.69652000001201</ele>
      </trkpt>
      <trkpt lat="46.5526531" lon="2.5351776">
        <ele>194.08819999999764</ele>
      </trkpt>
      <trkpt lat="46.5525184" lon="2.5351722">
        <ele>194.55368000001135</ele>
      </trkpt>
      <trkpt lat="46.5523118" lon="2.5351937">
        <ele>196.25743175361478</ele>
      </trkpt>
      <trkpt lat="46.551812" lon="2.5352259">
        <ele>199.953600000013</ele>
      </trkpt>
      <trkpt lat="46.5515205" lon="2.5352769">
        <ele>201.52786279199168</ele>
      </trkpt>
      <trkpt lat="46.5513398" lon="2.5353332">
        <ele>201.97719999999617</ele>
      </trkpt>
      <trkpt lat="46.5511959" lon="2.5353761">
        <ele>202.34079999998767</ele>
      </trkpt>
      <trkpt lat="46.5501814" lon="2.535647">
        <ele>213.13733923200323</ele>
      </trkpt>
      <trkpt lat="46.5501057" lon="2.5356658">
        <ele>213.8816992223722</ele>
      </trkpt>
      <trkpt lat="46.5500338" lon="2.5357006">
        <ele>214.73742357118928</ele>
      </trkpt>
      <trkpt lat="46.5498346" lon="2.5358348">
        <ele>217.79160000003276</ele>
      </trkpt>
      <trkpt lat="46.5495034" lon="2.5360473">
        <ele>223.10228422721602</ele>
      </trkpt>
      <trkpt lat="46.5493263" lon="2.5362002">
        <ele>225.6694713696497</ele>
      </trkpt>
      <trkpt lat="46.5491824" lon="2.536345">
        <ele>227.0804908800096</ele>
      </trkpt>
      <trkpt lat="46.5490791" lon="2.5364416">
        <ele>227.06120000000033</ele>
      </trkpt>
      <trkpt lat="46.548985" lon="2.5364684">
        <ele>227.44927999998708</ele>
      </trkpt>
      <trkpt lat="46.5488089" lon="2.5364409">
        <ele>227.9701952607836</ele>
      </trkpt>
      <trkpt lat="46.5481531" lon="2.5362726">
        <ele>226.0</ele>
      </trkpt>
      <trkpt lat="46.5479621" lon="2.5362129">
        <ele>226.21315492640093</ele>
      </trkpt>
      <trkpt lat="46.547901" lon="2.5362237">
        <ele>226.3308799519938</ele>
      </trkpt>
      <trkpt lat="46.5478397" lon="2.5361201">
        <ele>226.75193369120888</ele>
      </trkpt>
      <trkpt lat="46.547589" lon="2.5357441">
        <ele>228.2183147039974</ele>
      </trkpt>
      <trkpt lat="46.5475192" lon="2.5356475">
        <ele>228.62275871999128</ele>
      </trkpt>
      <trkpt lat="46.5474774" lon="2.5355848">
        <ele>228.81335999999328</ele>
      </trkpt>
      <trkpt lat="46.5472684" lon="2.5352686">
        <ele>230.03303999999935</ele>
      </trkpt>
      <trkpt lat="46.5474575" lon="2.535104">
        <ele>230.62559999999985</ele>
      </trkpt>
      <trkpt lat="46.547477" lon="2.5350357">
        <ele>230.87148000000047</ele>
      </trkpt>
      <trkpt lat="46.5474783" lon="2.534933">
        <ele>231.22235745600113</ele>
      </trkpt>
      <trkpt lat="46.5474445" lon="2.5345953">
        <ele>231.89149261599508</ele>
      </trkpt>
      <trkpt lat="46.5473978" lon="2.5344454">
        <ele>231.99873435519993</ele>
      </trkpt>
      <trkpt lat="46.5473502" lon="2.5342687">
        <ele>232.63267999999948</ele>
      </trkpt>
      <trkpt lat="46.5473205" lon="2.5342172">
        <ele>232.81807999999978</ele>
      </trkpt>
      <trkpt lat="46.5472809" lon="2.534204">
        <ele>232.8656000000003</ele>
      </trkpt>
      <trkpt lat="46.5472031" lon="2.5342315">
        <ele>232.76659999999924</ele>
      </trkpt>
      <trkpt lat="46.5471292" lon="2.5342208">
        <ele>232.80512000000022</ele>
      </trkpt>
      <trkpt lat="46.5470928" lon="2.5341134">
        <ele>233.0</ele>
      </trkpt>
      <trkpt lat="46.5470227" lon="2.5339862">
        <ele>233.0</ele>
      </trkpt>
      <trkpt lat="46.5468786" lon="2.5337637">
        <ele>233.13021081280124</ele>
      </trkpt>
      <trkpt lat="46.5466303" lon="2.5333358">
        <ele>233.0</ele>
      </trkpt>
      <trkpt lat="46.5465925" lon="2.5332617">
        <ele>233.0</ele>
      </trkpt>
      <trkpt lat="46.5463475" lon="2.5329037">
        <ele>233.61422467999532</ele>
      </trkpt>
      <trkpt lat="46.546288" lon="2.5328272">
        <ele>233.88670054400228</ele>
      </trkpt>
      <trkpt lat="46.5457052" lon="2.5319578">
        <ele>234.0</ele>
      </trkpt>
      <trkpt lat="46.5456514" lon="2.5318809">
        <ele>233.84213729920495</ele>
      </trkpt>
      <trkpt lat="46.5453781" lon="2.5314783">
        <ele>233.71581018079564</ele>
      </trkpt>
      <trkpt lat="46.5452457" lon="2.5313233">
        <ele>233.26437286240127</ele>
      </trkpt>
      <trkpt lat="46.5451643" lon="2.5312576">
        <ele>232.38899710720577</ele>
      </trkpt>
      <trkpt lat="46.545044" lon="2.5312046">
        <ele>231.45132889599483</ele>
      </trkpt>
      <trkpt lat="46.5449169" lon="2.5311782">
        <ele>230.82157375359253</ele>
      </trkpt>
      <trkpt lat="46.5447853" lon="2.5312034">
        <ele>230.81537011840098</ele>
      </trkpt>
      <trkpt lat="46.5444947" lon="2.531279">
        <ele>230.21869609600586</ele>
      </trkpt>
      <trkpt lat="46.5443939" lon="2.5313106">
        <ele>230.31263639358212</ele>
      </trkpt>
      <trkpt lat="46.5442346" lon="2.5313175">
        <ele>231.31673191998192</ele>
      </trkpt>
      <trkpt lat="46.5441969" lon="2.5313062">
        <ele>231.5170394911823</ele>
      </trkpt>
      <trkpt lat="46.5440773" lon="2.5312742">
        <ele>232.0416717536106</ele>
      </trkpt>
      <trkpt lat="46.543937" lon="2.5312203">
        <ele>232.72168145600205</ele>
      </trkpt>
      <trkpt lat="46.5437093" lon="2.5310762">
        <ele>234.81387999996537</ele>
      </trkpt>
      <trkpt lat="46.5435607" lon="2.5309766">
        <ele>235.42788012479997</ele>
      </trkpt>
      <trkpt lat="46.5434813" lon="2.5310899">
        <ele>235.8879554448009</ele>
      </trkpt>
      <trkpt lat="46.5434112" lon="2.531165">
        <ele>236.0</ele>
      </trkpt>
      <trkpt lat="46.5431677" lon="2.5313581">
        <ele>236.0</ele>
      </trkpt>
      <trkpt lat="46.5429943" lon="2.5314601">
        <ele>235.8360125071909</ele>
      </trkpt>
      <trkpt lat="46.5426733" lon="2.531621">
        <ele>235.89743412800158</ele>
      </trkpt>
      <trkpt lat="46.5425737" lon="2.5316854">
        <ele>236.0495468192009</ele>
      </trkpt>
      <trkpt lat="46.5422711" lon="2.5318785">
        <ele>236.9582270959994</ele>
      </trkpt>
      <trkpt lat="46.5421825" lon="2.5319482">
        <ele>237.0</ele>
      </trkpt>
      <trkpt lat="46.542153" lon="2.5320019">
        <ele>237.0</ele>
      </trkpt>
      <trkpt lat="46.542153" lon="2.5320502">
        <ele>237.0</ele>
      </trkpt>
      <trkpt lat="46.5419353" lon="2.5321467">
        <ele>237.0</ele>
      </trkpt>
      <trkpt lat="46.5415922" lon="2.5323076">
        <ele>236.6102429311954</ele>
      </trkpt>
      <trkpt lat="46.5413929" lon="2.5323398">
        <ele>236.15955216319776</ele>
      </trkpt>
      <trkpt lat="46.5409723" lon="2.532313">
        <ele>236.33678849600014</ele>
      </trkpt>
      <trkpt lat="46.5406107" lon="2.5322969">
        <ele>234.98305011680915</ele>
      </trkpt>
      <trkpt lat="46.5402934" lon="2.5321843">
        <ele>234.18508211520955</ele>
      </trkpt>
      <trkpt lat="46.5401421" lon="2.5320502">
        <ele>234.13083999998935</ele>
      </trkpt>
      <trkpt lat="46.5400166" lon="2.5319375">
        <ele>234.08326600000396</ele>
      </trkpt>
      <trkpt lat="46.5397952" lon="2.5318624">
        <ele>234.07759697920034</ele>
      </trkpt>
      <trkpt lat="46.5394631" lon="2.5318034">
        <ele>234.47365883840243</ele>
      </trkpt>
      <trkpt lat="46.538869" lon="2.531621">
        <ele>236.0</ele>
      </trkpt>
      <trkpt lat="46.5386403" lon="2.531562">
        <ele>236.0</ele>
      </trkpt>
      <trkpt lat="46.5381753" lon="2.5315513">
        <ele>234.09844385439428</ele>
      </trkpt>
      <trkpt lat="46.5372039" lon="2.5315169">
        <ele>227.341280000016</ele>
      </trkpt>
      <trkpt lat="46.5369235" lon="2.531533">
        <ele>224.2941175200029</ele>
      </trkpt>
      <trkpt lat="46.5366061" lon="2.5316296">
        <ele>221.59301525760128</ele>
      </trkpt>
      <trkpt lat="46.5363967" lon="2.53168">
        <ele>220.0575897599808</ele>
      </trkpt>
      <trkpt lat="46.5361559" lon="2.5317422">
        <ele>217.8663287615735</ele>
      </trkpt>
      <trkpt lat="46.5360637" lon="2.5317905">
        <ele>216.9192182879985</ele>
      </trkpt>
      <trkpt lat="46.535976" lon="2.5318195">
        <ele>216.4620345599933</ele>
      </trkpt>
      <trkpt lat="46.5358607" lon="2.5318388">
        <ele>216.0749382528017</ele>
      </trkpt>
      <trkpt lat="46.535655" lon="2.5318785">
        <ele>216.64200000000574</ele>
      </trkpt>
      <trkpt lat="46.5353551" lon="2.5319729">
        <ele>218.44328000002315</ele>
      </trkpt>
      <trkpt lat="46.5352447" lon="2.532002">
        <ele>219.14375337600097</ele>
      </trkpt>
      <trkpt lat="46.5349909" lon="2.5321917">
        <ele>220.95564000002219</ele>
      </trkpt>
      <trkpt lat="46.5345669" lon="2.5324896">
        <ele>221.47828000000573</ele>
      </trkpt>
      <trkpt lat="46.5341286" lon="2.5328265">
        <ele>216.10104000003548</ele>
      </trkpt>
      <trkpt lat="46.5339804" lon="2.5328701">
        <ele>213.6530399999615</ele>
      </trkpt>
      <trkpt lat="46.5337518" lon="2.5328494">
        <ele>210.01671999995506</ele>
      </trkpt>
      <trkpt lat="46.5333924" lon="2.5327899">
        <ele>204.7289196095527</ele>
      </trkpt>
      <trkpt lat="46.5331133" lon="2.5327646">
        <ele>200.134279999937</ele>
      </trkpt>
      <trkpt lat="46.5328406" lon="2.5326913">
        <ele>197.59313626240072</ele>
      </trkpt>
      <trkpt lat="46.5326892" lon="2.5326569">
        <ele>196.54235617920043</ele>
      </trkpt>
      <trkpt lat="46.5326085" lon="2.5326977">
        <ele>196.21492216800948</ele>
      </trkpt>
      <trkpt lat="46.532581" lon="2.5327278">
        <ele>196.1641446720016</ele>
      </trkpt>
      <trkpt lat="46.5325259" lon="2.532788">
        <ele>196.09324000001106</ele>
      </trkpt>
      <trkpt lat="46.5311711" lon="2.532435">
        <ele>196.23399999999992</ele>
      </trkpt>
      <trkpt lat="46.5308303" lon="2.5323483">
        <ele>197.62650910885077</ele>
      </trkpt>
      <trkpt lat="46.5305874" lon="2.5323731">
        <ele>204.21167641275338</ele>
      </trkpt>
      <trkpt lat="46.5303786" lon="2.532435">
        <ele>210.47925264003254</ele>
      </trkpt>
      <trkpt lat="46.5301954" lon="2.532627">
        <ele>214.43214723201777</ele>
      </trkpt>
      <trkpt lat="46.528815" lon="2.5335498">
        <ele>221.05871151999884</ele>
      </trkpt>
      <trkpt lat="46.5276774" lon="2.5343363">
        <ele>220.77932467520367</ele>
      </trkpt>
      <trkpt lat="46.5276208" lon="2.5344749">
        <ele>220.49683975680392</ele>
      </trkpt>
      <trkpt lat="46.5273994" lon="2.5344856">
        <ele>220.51031999999918</ele>
      </trkpt>
      <trkpt lat="46.5270488" lon="2.5345392">
        <ele>222.17840803838732</ele>
      </trkpt>
      <trkpt lat="46.5265616" lon="2.5347055">
        <ele>221.96257004799946</ele>
      </trkpt>
      <trkpt lat="46.5262884" lon="2.534845">
        <ele>222.36176000000523</ele>
      </trkpt>
      <trkpt lat="46.5238598" lon="2.5362505">
        <ele>240.00322300799957</ele>
      </trkpt>
      <trkpt lat="46.5237491" lon="2.536331">
        <ele>240.28971043200764</ele>
      </trkpt>
      <trkpt lat="46.5236716" lon="2.5364436">
        <ele>240.21776000000045</ele>
      </trkpt>
      <trkpt lat="46.5231438" lon="2.5372912">
        <ele>238.8517537024009</ele>
      </trkpt>
      <trkpt lat="46.5231366" lon="2.5373149">
        <ele>238.94453719359632</ele>
      </trkpt>
      <trkpt lat="46.5222917" lon="2.53631">
        <ele>241.17908591999134</ele>
      </trkpt>
      <trkpt lat="46.522131" lon="2.5360124">
        <ele>241.0</ele>
      </trkpt>
      <trkpt lat="46.5213352" lon="2.5338236">
        <ele>242.57617146878187</ele>
      </trkpt>
      <trkpt lat="46.5209805" lon="2.5328866">
        <ele>244.86195999999836</ele>
      </trkpt>
      <trkpt lat="46.520427" lon="2.5320009">
        <ele>248.0</ele>
      </trkpt>
      <trkpt lat="46.5201199" lon="2.531509">
        <ele>248.56760000000077</ele>
      </trkpt>
      <trkpt lat="46.5198106" lon="2.5310134">
        <ele>249.0</ele>
      </trkpt>
      <trkpt lat="46.5186967" lon="2.5295474">
        <ele>251.81920159680496</ele>
      </trkpt>
      <trkpt lat="46.5185706" lon="2.5294252">
        <ele>252.65924759037847</ele>
      </trkpt>
      <trkpt lat="46.5183254" lon="2.5293438">
        <ele>251.33376000000726</ele>
      </trkpt>
      <trkpt lat="46.5176949" lon="2.5292318">
        <ele>251.2284005471941</ele>
      </trkpt>
      <trkpt lat="46.5171765" lon="2.5293132">
        <ele>252.0</ele>
      </trkpt>
      <trkpt lat="46.5161117" lon="2.5292114">
        <ele>253.99787999998807</ele>
      </trkpt>
      <trkpt lat="46.5148716" lon="2.5289162">
        <ele>256.4167925632026</ele>
      </trkpt>
      <trkpt lat="46.5147926" lon="2.528801">
        <ele>256.6664768960011</ele>
      </trkpt>
      <trkpt lat="46.5147107" lon="2.528745">
        <ele>257.02148663999645</ele>
      </trkpt>
      <trkpt lat="46.5143532" lon="2.5269615">
        <ele>256.61012000000756</ele>
      </trkpt>
      <trkpt lat="46.5143532" lon="2.5266357">
        <ele>257.0</ele>
      </trkpt>
      <trkpt lat="46.5146895" lon="2.5245487">
        <ele>258.95578730400393</ele>
      </trkpt>
      <trkpt lat="46.5126741" lon="2.5233885">
        <ele>256.0</ele>
      </trkpt>
      <trkpt lat="46.5127114" lon="2.523315">
        <ele>255.9842286400003</ele>
      </trkpt>
      <trkpt lat="46.512807" lon="2.5231749">
        <ele>256.10520000000815</ele>
      </trkpt>
      <trkpt lat="46.5129274" lon="2.5230252">
        <ele>256.5975025792089</ele>
      </trkpt>
      <trkpt lat="46.5135983" lon="2.5223071">
        <ele>257.07814757281113</ele>
      </trkpt>
      <trkpt lat="46.5122023" lon="2.5205426">
        <ele>258.04663999999934</ele>
      </trkpt>
      <trkpt lat="46.5108926" lon="2.5187844">
        <ele>262.2959025024025</ele>
      </trkpt>
      <trkpt lat="46.5098354" lon="2.5173547">
        <ele>262.5230800000006</ele>
      </trkpt>
      <trkpt lat="46.5093272" lon="2.5164689">
        <ele>264.3005040767966</ele>
      </trkpt>
      <trkpt lat="46.5078397" lon="2.5165991">
        <ele>264.0</ele>
      </trkpt>
      <trkpt lat="46.5065136" lon="2.5167074">
        <ele>264.38312450559425</ele>
      </trkpt>
      <trkpt lat="46.5063606" lon="2.5123554">
        <ele>268.89816000000246</ele>
      </trkpt>
      <trkpt lat="46.5060066" lon="2.5102775">
        <ele>273.24851999999464</ele>
      </trkpt>
      <trkpt lat="46.5043202" lon="2.5080079">
        <ele>274.0948246432015</ele>
      </trkpt>
      <trkpt lat="46.5043328" lon="2.5079934">
        <ele>274.13382638079986</ele>
      </trkpt>
      <trkpt lat="46.5052308" lon="2.5073075">
        <ele>271.4761200000014</ele>
      </trkpt>
      <trkpt lat="46.5052086" lon="2.5068998">
        <ele>270.87930570879763</ele>
      </trkpt>
      <trkpt lat="46.5052152" lon="2.5066747">
        <ele>270.24768490239273</ele>
      </trkpt>
      <trkpt lat="46.5052234" lon="2.5063956">
        <ele>270.0047295616</ele>
      </trkpt>
      <trkpt lat="46.5057403" lon="2.5039011">
        <ele>263.4033569167968</ele>
      </trkpt>
      <trkpt lat="46.5060652" lon="2.5022542">
        <ele>258.0269059328073</ele>
      </trkpt>
      <trkpt lat="46.5064197" lon="2.5016642">
        <ele>254.9743449695998</ele>
      </trkpt>
      <trkpt lat="46.5069236" lon="2.5008917">
        <ele>251.53955259520066</ele>
      </trkpt>
      <trkpt lat="46.5070935" lon="2.5005564">
        <ele>249.54594252800965</ele>
      </trkpt>
      <trkpt lat="46.5073944" lon="2.5002158">
        <ele>245.9173599999715</ele>
      </trkpt>
      <trkpt lat="46.5076695" lon="2.4998939">
        <ele>241.87162398401105</ele>
      </trkpt>
      <trkpt lat="46.5077378" lon="2.499741">
        <ele>241.16337798399607</ele>
      </trkpt>
      <trkpt lat="46.5077488" lon="2.4995506">
        <ele>241.03986693119774</ele>
      </trkpt>
      <trkpt lat="46.5077627" lon="2.4993843">
        <ele>240.98824729440054</ele>
      </trkpt>
      <trkpt lat="46.5077608" lon="2.4992689">
        <ele>240.96137460479954</ele>
      </trkpt>
      <trkpt lat="46.5077617" lon="2.4991832">
        <ele>240.94556501761085</ele>
      </trkpt>
      <trkpt lat="46.5077008" lon="2.4988478">
        <ele>242.42348840962353</ele>
      </trkpt>
      <trkpt lat="46.5077415" lon="2.4986735">
        <ele>244.0577327600212</ele>
      </trkpt>
      <trkpt lat="46.5078412" lon="2.4984214">
        <ele>247.27920000002223</ele>
      </trkpt>
      <trkpt lat="46.5079685" lon="2.4981585">
        <ele>251.6345999999544</ele>
      </trkpt>
      <trkpt lat="46.5081347" lon="2.4978393">
        <ele>256.1268799999966</ele>
      </trkpt>
      <trkpt lat="46.5082362" lon="2.497775">
        <ele>257.31763359999303</ele>
      </trkpt>
      <trkpt lat="46.5083673" lon="2.4978286">
        <ele>257.6788246976038</ele>
      </trkpt>
      <trkpt lat="46.5084429" lon="2.4977857">
        <ele>257.96545885759934</ele>
      </trkpt>
      <trkpt lat="46.508838" lon="2.49704">
        <ele>259.81679999999005</ele>
      </trkpt>
      <trkpt lat="46.5088411" lon="2.4969197">
        <ele>259.8432853231933</ele>
      </trkpt>
      <trkpt lat="46.5088783" lon="2.4968951">
        <ele>259.9686516367976</ele>
      </trkpt>
      <trkpt lat="46.5089213" lon="2.4968292">
        <ele>260.281768198376</ele>
      </trkpt>
      <trkpt lat="46.5104096" lon="2.4929416">
        <ele>272.6049234944042</ele>
      </trkpt>
      <trkpt lat="46.5112011" lon="2.4909411">
        <ele>277.67603999999665</ele>
      </trkpt>
      <trkpt lat="46.512017" lon="2.4890091">
        <ele>280.0</ele>
      </trkpt>
      <trkpt lat="46.5119255" lon="2.4888398">
        <ele>280.0120523040021</ele>
      </trkpt>
      <trkpt lat="46.5120234" lon="2.4886308">
        <ele>280.0</ele>
      </trkpt>
      <trkpt lat="46.5120748" lon="2.4882666">
        <ele>281.0</ele>
      </trkpt>
      <trkpt lat="46.5121327" lon="2.4876968">
        <ele>281.0</ele>
      </trkpt>
      <trkpt lat="46.512197" lon="2.4869123">
        <ele>280.09079999999835</ele>
      </trkpt>
      <trkpt lat="46.512242" lon="2.4844652">
        <ele>278.0035199999975</ele>
      </trkpt>
      <trkpt lat="46.5123512" lon="2.4830829">
        <ele>276.0984399999995</ele>
      </trkpt>
      <trkpt lat="46.5123062" lon="2.4827467">
        <ele>274.58580000000825</ele>
      </trkpt>
      <trkpt lat="46.5123255" lon="2.4825038">
        <ele>273.64187999998944</ele>
      </trkpt>
      <trkpt lat="46.5123705" lon="2.4822703">
        <ele>273.4661999999894</ele>
      </trkpt>
      <trkpt lat="46.5126148" lon="2.4819154">
        <ele>272.5867199999948</ele>
      </trkpt>
      <trkpt lat="46.5128012" lon="2.4811869">
        <ele>272.55852000001164</ele>
      </trkpt>
      <trkpt lat="46.5128245" lon="2.4811039">
        <ele>272.66796647199544</ele>
      </trkpt>
      <trkpt lat="46.5128719" lon="2.4809347">
        <ele>272.5375105071981</ele>
      </trkpt>
      <trkpt lat="46.5131483" lon="2.479926">
        <ele>271.04601436798305</ele>
      </trkpt>
      <trkpt lat="46.5132447" lon="2.4793936">
        <ele>266.87112440320715</ele>
      </trkpt>
      <trkpt lat="46.5133925" lon="2.4787772">
        <ele>262.49448304001055</ele>
      </trkpt>
      <trkpt lat="46.5135275" lon="2.4784222">
        <ele>261.242544080009</ele>
      </trkpt>
      <trkpt lat="46.513701" lon="2.4777684">
        <ele>260.30076473599075</ele>
      </trkpt>
      <trkpt lat="46.5137291" lon="2.4776044">
        <ele>260.06571820159496</ele>
      </trkpt>
      <trkpt lat="46.513842" lon="2.4771604">
        <ele>259.6086399999879</ele>
      </trkpt>
      <trkpt lat="46.5138189" lon="2.476943">
        <ele>258.7428399999883</ele>
      </trkpt>
      <trkpt lat="46.5137286" lon="2.4766153">
        <ele>257.05312000000276</ele>
      </trkpt>
      <trkpt lat="46.5135585" lon="2.4768704">
        <ele>257.2157264640203</ele>
      </trkpt>
      <trkpt lat="46.5134928" lon="2.4769374">
        <ele>256.70768133121754</ele>
      </trkpt>
      <trkpt lat="46.5134189" lon="2.4772172">
        <ele>256.2265906367689</ele>
      </trkpt>
      <trkpt lat="46.5133055" lon="2.4776407">
        <ele>256.4076266080037</ele>
      </trkpt>
      <trkpt lat="46.5131536" lon="2.4779377">
        <ele>258.1514400000001</ele>
      </trkpt>
      <trkpt lat="46.5129796" lon="2.4781143">
        <ele>259.96983999999156</ele>
      </trkpt>
      <trkpt lat="46.5121593" lon="2.4784233">
        <ele>265.5503999999992</ele>
      </trkpt>
      <trkpt lat="46.5109763" lon="2.4794541">
        <ele>272.03475999999955</ele>
      </trkpt>
      <trkpt lat="46.5104061" lon="2.4780807">
        <ele>261.7190800000101</ele>
      </trkpt>
      <trkpt lat="46.5099428" lon="2.476981">
        <ele>258.33752000000845</ele>
      </trkpt>
      <trkpt lat="46.5090973" lon="2.4767235">
        <ele>261.49943999999596</ele>
      </trkpt>
      <trkpt lat="46.5079546" lon="2.4763748">
        <ele>268.6254400000139</ele>
      </trkpt>
      <trkpt lat="46.5075208" lon="2.47623">
        <ele>270.83945727998616</ele>
      </trkpt>
      <trkpt lat="46.5073177" lon="2.4760825">
        <ele>272.20955999998887</ele>
      </trkpt>
      <trkpt lat="46.5065479" lon="2.4753663">
        <ele>277.85511999999244</ele>
      </trkpt>
      <trkpt lat="46.5061381" lon="2.4750203">
        <ele>281.55248090558365</ele>
      </trkpt>
      <trkpt lat="46.5059535" lon="2.474913">
        <ele>283.8376903200304</ele>
      </trkpt>
      <trkpt lat="46.5051505" lon="2.47464">
        <ele>284.21922719999503</ele>
      </trkpt>
      <trkpt lat="46.5051432" lon="2.4745919">
        <ele>284.25833863679486</ele>
      </trkpt>
      <trkpt lat="46.5051432" lon="2.474508">
        <ele>284.4046709759957</ele>
      </trkpt>
      <trkpt lat="46.504316" lon="2.4744007">
        <ele>284.0846612480018</ele>
      </trkpt>
      <trkpt lat="46.5040667" lon="2.474382">
        <ele>283.64012000001003</ele>
      </trkpt>
      <trkpt lat="46.503812" lon="2.4743873">
        <ele>282.78014329600995</ele>
      </trkpt>
      <trkpt lat="46.5032083" lon="2.4744383">
        <ele>281.55983665438987</ele>
      </trkpt>
      <trkpt lat="46.5031178" lon="2.4744329">
        <ele>281.25632723519396</ele>
      </trkpt>
      <trkpt lat="46.502983" lon="2.4743981">
        <ele>280.9492186080005</ele>
      </trkpt>
      <trkpt lat="46.5028382" lon="2.4743216">
        <ele>281.005803955198</ele>
      </trkpt>
      <trkpt lat="46.5027089" lon="2.4743028">
        <ele>281.26779999999485</ele>
      </trkpt>
      <trkpt lat="46.5016833" lon="2.4745161">
        <ele>285.37976664477736</ele>
      </trkpt>
      <trkpt lat="46.501328" lon="2.4745469">
        <ele>286.49280972800193</ele>
      </trkpt>
      <trkpt lat="46.5011737" lon="2.4745107">
        <ele>286.1715766736068</ele>
      </trkpt>
      <trkpt lat="46.5006734" lon="2.4741593">
        <ele>285.5757600000122</ele>
      </trkpt>
      <trkpt lat="46.5004362" lon="2.4740829">
        <ele>286.42967999998973</ele>
      </trkpt>
      <trkpt lat="46.5000208" lon="2.473981">
        <ele>287.92511999999465</ele>
      </trkpt>
      <trkpt lat="46.4995471" lon="2.4737946">
        <ele>289.21399655359846</ele>
      </trkpt>
      <trkpt lat="46.4994004" lon="2.4736564">
        <ele>289.8111083776</ele>
      </trkpt>
      <trkpt lat="46.4991992" lon="2.4734392">
        <ele>290.61887999999976</ele>
      </trkpt>
      <trkpt lat="46.4990625" lon="2.4733909">
        <ele>290.3400450000036</ele>
      </trkpt>
      <trkpt lat="46.4986656" lon="2.4733506">
        <ele>289.825713305602</ele>
      </trkpt>
      <trkpt lat="46.4985759" lon="2.4733439">
        <ele>290.1345780496073</ele>
      </trkpt>
      <trkpt lat="46.4985482" lon="2.4733091">
        <ele>290.6274399999879</ele>
      </trkpt>
      <trkpt lat="46.4985012" lon="2.4731173">
        <ele>292.3468000000007</ele>
      </trkpt>
      <trkpt lat="46.4984182" lon="2.4727981">
        <ele>294.59896815678786</ele>
      </trkpt>
      <trkpt lat="46.4983351" lon="2.4725433">
        <ele>294.9936400000056</ele>
      </trkpt>
      <trkpt lat="46.4982169" lon="2.472259">
        <ele>295.72732643198236</ele>
      </trkpt>
      <trkpt lat="46.4981117" lon="2.4720686">
        <ele>296.59575999998106</ele>
      </trkpt>
      <trkpt lat="46.497975" lon="2.471862">
        <ele>297.67287200001624</ele>
      </trkpt>
      <trkpt lat="46.4979075" lon="2.471681">
        <ele>298.98689720002477</ele>
      </trkpt>
      <trkpt lat="46.4975217" lon="2.4702299">
        <ele>306.9245352367992</ele>
      </trkpt>
      <trkpt lat="46.497482" lon="2.4702017">
        <ele>307.3386800000071</ele>
      </trkpt>
      <trkpt lat="46.4970065" lon="2.4703613">
        <ele>308.2424119120061</ele>
      </trkpt>
      <trkpt lat="46.4966372" lon="2.4702996">
        <ele>308.9572936447905</ele>
      </trkpt>
      <trkpt lat="46.4963114" lon="2.4701588">
        <ele>311.0161158527925</ele>
      </trkpt>
      <trkpt lat="46.4961276" lon="2.4700985">
        <ele>311.6243509439976</ele>
      </trkpt>
      <trkpt lat="46.4961202" lon="2.4697712">
        <ele>312.7967291904005</ele>
      </trkpt>
      <trkpt lat="46.4961249" lon="2.4694185">
        <ele>315.0483963760055</ele>
      </trkpt>
      <trkpt lat="46.49616" lon="2.468866">
        <ele>318.0678975999996</ele>
      </trkpt>
      <trkpt lat="46.4962099" lon="2.4686621">
        <ele>318.5260812784099</ele>
      </trkpt>
      <trkpt lat="46.4962911" lon="2.4685334">
        <ele>318.45052671039724</ele>
      </trkpt>
      <trkpt lat="46.4966359" lon="2.4680993">
        <ele>318.8425199999999</ele>
      </trkpt>
      <trkpt lat="46.496845" lon="2.467836">
        <ele>319.14839999999776</ele>
      </trkpt>
      <trkpt lat="46.4969909" lon="2.467651">
        <ele>319.4563999999998</ele>
      </trkpt>
      <trkpt lat="46.4973038" lon="2.4672097">
        <ele>321.3706009055901</ele>
      </trkpt>
      <trkpt lat="46.4973065" lon="2.4671905">
        <ele>321.4971517200014</ele>
      </trkpt>
      <trkpt lat="46.4973222" lon="2.4670783">
        <ele>322.2096782495998</ele>
      </trkpt>
      <trkpt lat="46.4974238" lon="2.4667296">
        <ele>324.1225398784009</ele>
      </trkpt>
      <trkpt lat="46.4975955" lon="2.46633">
        <ele>328.18448560002076</ele>
      </trkpt>
      <trkpt lat="46.49795" lon="2.4656058">
        <ele>333.12785440001943</ele>
      </trkpt>
      <trkpt lat="46.4981394" lon="2.4650868">
        <ele>335.2911999999965</ele>
      </trkpt>
      <trkpt lat="46.4982584" lon="2.4646107">
        <ele>339.2634399999806</ele>
      </trkpt>
      <trkpt lat="46.4982963" lon="2.4640997">
        <ele>342.03872157119963</ele>
      </trkpt>
      <trkpt lat="46.4982417" lon="2.4635029">
        <ele>345.0596800000046</ele>
      </trkpt>
      <trkpt lat="46.4980748" lon="2.4629541">
        <ele>346.4598238271881</ele>
      </trkpt>
      <trkpt lat="46.4975346" lon="2.4615664">
        <ele>349.0</ele>
      </trkpt>
      <trkpt lat="46.4974101" lon="2.461141">
        <ele>348.7111836640105</ele>
      </trkpt>
      <trkpt lat="46.497255" lon="2.4604436">
        <ele>346.9524412799962</ele>
      </trkpt>
      <trkpt lat="46.4971644" lon="2.4599934">
        <ele>345.76808000000983</ele>
      </trkpt>
      <trkpt lat="46.4971184" lon="2.4597113">
        <ele>344.5622962431925</ele>
      </trkpt>
      <trkpt lat="46.4971192" lon="2.459477">
        <ele>343.19093286400107</ele>
      </trkpt>
      <trkpt lat="46.4971738" lon="2.4583515">
        <ele>333.95647999999596</ele>
      </trkpt>
      <trkpt lat="46.4972033" lon="2.4575468">
        <ele>330.25736314240896</ele>
      </trkpt>
      <trkpt lat="46.4971738" lon="2.4571177">
        <ele>326.8332068703892</ele>
      </trkpt>
      <trkpt lat="46.4969227" lon="2.4541136">
        <ele>306.7306799999958</ele>
      </trkpt>
      <trkpt lat="46.4968477" lon="2.4529833">
        <ele>299.0433199999745</ele>
      </trkpt>
      <trkpt lat="46.4968857" lon="2.4526609">
        <ele>297.82450232480096</ele>
      </trkpt>
      <trkpt lat="46.496892" lon="2.4526078">
        <ele>297.51409049601267</ele>
      </trkpt>
      <trkpt lat="46.4968256" lon="2.4523074">
        <ele>295.4820871424012</ele>
      </trkpt>
      <trkpt lat="46.4965386" lon="2.451485">
        <ele>295.8135198399989</ele>
      </trkpt>
      <trkpt lat="46.4964205" lon="2.4508735">
        <ele>297.85539999999946</ele>
      </trkpt>
      <trkpt lat="46.4964131" lon="2.4503263">
        <ele>298.91247999999314</ele>
      </trkpt>
      <trkpt lat="46.4965312" lon="2.4497362">
        <ele>300.9496800000006</ele>
      </trkpt>
      <trkpt lat="46.4966642" lon="2.4494036">
        <ele>303.138159999992</ele>
      </trkpt>
      <trkpt lat="46.4968994" lon="2.4492711">
        <ele>303.6240400000006</ele>
      </trkpt>
      <trkpt lat="46.4976601" lon="2.4484879">
        <ele>299.91502048321064</ele>
      </trkpt>
      <trkpt lat="46.498768" lon="2.447812">
        <ele>293.87680000000046</ele>
      </trkpt>
      <trkpt lat="46.4991151" lon="2.4474579">
        <ele>295.965919999991</ele>
      </trkpt>
      <trkpt lat="46.4993292" lon="2.4472863">
        <ele>296.0492245184074</ele>
      </trkpt>
      <trkpt lat="46.5001501" lon="2.4465927">
        <ele>303.20311293919394</ele>
      </trkpt>
      <trkpt lat="46.5007767" lon="2.4464923">
        <ele>305.20336089280227</ele>
      </trkpt>
      <trkpt lat="46.5002524" lon="2.4453658">
        <ele>305.6831200000006</ele>
      </trkpt>
      <trkpt lat="46.4999064" lon="2.4446293">
        <ele>308.3369599999985</ele>
      </trkpt>
      <trkpt lat="46.4998093" lon="2.4442071">
        <ele>307.8320799999901</ele>
      </trkpt>
      <trkpt lat="46.4998399" lon="2.4434277">
        <ele>309.4324410192107</ele>
      </trkpt>
      <trkpt lat="46.4998241" lon="2.4429196">
        <ele>311.122680000007</ele>
      </trkpt>
      <trkpt lat="46.499669" lon="2.4424798">
        <ele>313.26432000000955</ele>
      </trkpt>
      <trkpt lat="46.4994326" lon="2.4419326">
        <ele>316.0</ele>
      </trkpt>
      <trkpt lat="46.4993145" lon="2.4416161">
        <ele>316.0851583120018</ele>
      </trkpt>
      <trkpt lat="46.4992148" lon="2.4412138">
        <ele>317.3478181504167</ele>
      </trkpt>
      <trkpt lat="46.4990523" lon="2.4406773">
        <ele>319.56172000000015</ele>
      </trkpt>
      <trkpt lat="46.4990117" lon="2.4403823">
        <ele>320.9716809136069</ele>
      </trkpt>
      <trkpt lat="46.4990043" lon="2.4400926">
        <ele>321.5845199999899</ele>
      </trkpt>
      <trkpt lat="46.4988049" lon="2.4391431">
        <ele>325.38719999998875</ele>
      </trkpt>
      <trkpt lat="46.498731" lon="2.4385959">
        <ele>326.54476558400273</ele>
      </trkpt>
      <trkpt lat="46.4986398" lon="2.4381654">
        <ele>326.793440000004</ele>
      </trkpt>
      <trkpt lat="46.4986066" lon="2.4378275">
        <ele>327.0295730399854</ele>
      </trkpt>
      <trkpt lat="46.4985992" lon="2.4374198">
        <ele>328.6508196863951</ele>
      </trkpt>
      <trkpt lat="46.4986313" lon="2.4364287">
        <ele>330.77358350240195</ele>
      </trkpt>
      <trkpt lat="46.4986461" lon="2.4360371">
        <ele>330.840479217591</ele>
      </trkpt>
      <trkpt lat="46.4987174" lon="2.435215">
        <ele>330.46072000002346</ele>
      </trkpt>
      <trkpt lat="46.4988197" lon="2.4340147">
        <ele>332.9021600000219</ele>
      </trkpt>
      <trkpt lat="46.4988235" lon="2.433589">
        <ele>329.86199999999553</ele>
      </trkpt>
      <trkpt lat="46.4983664" lon="2.4327288">
        <ele>330.5646108671853</ele>
      </trkpt>
      <trkpt lat="46.4978753" lon="2.4322508">
        <ele>329.7879191104091</ele>
      </trkpt>
      <trkpt lat="46.4977622" lon="2.4320962">
        <ele>329.03136474878863</ele>
      </trkpt>
      <trkpt lat="46.497736" lon="2.4320594">
        <ele>328.7031969280097</ele>
      </trkpt>
      <trkpt lat="46.49788" lon="2.4318286">
        <ele>328.0</ele>
      </trkpt>
      <trkpt lat="46.497989" lon="2.4317047">
        <ele>328.0</ele>
      </trkpt>
      <trkpt lat="46.4981317" lon="2.4315931">
        <ele>328.27412000000663</ele>
      </trkpt>
      <trkpt lat="46.4981693" lon="2.4315578">
        <ele>328.40948000000253</ele>
      </trkpt>
      <trkpt lat="46.4982186" lon="2.4315901">
        <ele>328.58696000000464</ele>
      </trkpt>
      <trkpt lat="46.4982848" lon="2.4316101">
        <ele>328.8252800000014</ele>
      </trkpt>
      <trkpt lat="46.498525" lon="2.4316244">
        <ele>329.0</ele>
      </trkpt>
      <trkpt lat="46.4986881" lon="2.4315853">
        <ele>328.16851999997243</ele>
      </trkpt>
      <trkpt lat="46.4990066" lon="2.431479">
        <ele>324.72871999998597</ele>
      </trkpt>
      <trkpt lat="46.4991359" lon="2.4314195">
        <ele>323.33228000001236</ele>
      </trkpt>
      <trkpt lat="46.4991952" lon="2.4313073">
        <ele>322.69183999997176</ele>
      </trkpt>
      <trkpt lat="46.4992301" lon="2.4313429">
        <ele>322.31492000001754</ele>
      </trkpt>
      <trkpt lat="46.4993224" lon="2.4313704">
        <ele>321.318080000033</ele>
      </trkpt>
      <trkpt lat="46.4998325" lon="2.4312292">
        <ele>315.1556526400436</ele>
      </trkpt>
      <trkpt lat="46.500061" lon="2.4310143">
        <ele>312.21227999998405</ele>
      </trkpt>
      <trkpt lat="46.5001654" lon="2.4313171">
        <ele>311.80911999999853</ele>
      </trkpt>
      <trkpt lat="46.5002329" lon="2.4317012">
        <ele>312.0573251391986</ele>
      </trkpt>
      <trkpt lat="46.5002975" lon="2.4320362">
        <ele>311.0710000000074</ele>
      </trkpt>
      <trkpt lat="46.5003454" lon="2.4323222">
        <ele>311.60336000000257</ele>
      </trkpt>
      <trkpt lat="46.5003988" lon="2.4327215">
        <ele>312.4356799999973</ele>
      </trkpt>
      <trkpt lat="46.5003988" lon="2.4332731">
        <ele>312.8776328511995</ele>
      </trkpt>
      <trkpt lat="46.5003735" lon="2.4335836">
        <ele>313.0</ele>
      </trkpt>
      <trkpt lat="46.5003707" lon="2.4341351">
        <ele>310.22727999999825</ele>
      </trkpt>
      <trkpt lat="46.5003819" lon="2.434511">
        <ele>309.1497883359996</ele>
      </trkpt>
      <trkpt lat="46.5003594" lon="2.4349032">
        <ele>310.16623736319553</ele>
      </trkpt>
      <trkpt lat="46.500322" lon="2.4351694">
        <ele>311.1943534720276</ele>
      </trkpt>
      <trkpt lat="46.5004935" lon="2.4354617">
        <ele>309.67020000002685</ele>
      </trkpt>
      <trkpt lat="46.5007503" lon="2.4357648">
        <ele>309.2773704575996</ele>
      </trkpt>
      <trkpt lat="46.5008332" lon="2.4357943">
        <ele>308.86037255038366</ele>
      </trkpt>
      <trkpt lat="46.5019578" lon="2.4357809">
        <ele>303.763160000002</ele>
      </trkpt>
      <trkpt lat="46.5024009" lon="2.4359633">
        <ele>300.26011913122767</ele>
      </trkpt>
      <trkpt lat="46.5026224" lon="2.4361886">
        <ele>297.6780800000006</ele>
      </trkpt>
      <trkpt lat="46.502988" lon="2.4366499">
        <ele>295.1975195519923</ele>
      </trkpt>
      <trkpt lat="46.5033203" lon="2.4367411">
        <ele>294.74461268320164</ele>
      </trkpt>
      <trkpt lat="46.5035603" lon="2.4366928">
        <ele>295.79987088638694</ele>
      </trkpt>
      <trkpt lat="46.5036764" lon="2.4368243">
        <ele>296.8067795008414</ele>
      </trkpt>
      <trkpt lat="46.5038758" lon="2.4372481">
        <ele>298.72713939844044</ele>
      </trkpt>
      <trkpt lat="46.5040309" lon="2.4375431">
        <ele>298.4354039983855</ele>
      </trkpt>
      <trkpt lat="46.504245" lon="2.437865">
        <ele>298.7425479999879</ele>
      </trkpt>
      <trkpt lat="46.5046717" lon="2.4381251">
        <ele>300.1355200000203</ele>
      </trkpt>
      <trkpt lat="46.5055706" lon="2.4384497">
        <ele>305.1083199999903</ele>
      </trkpt>
      <trkpt lat="46.505792" lon="2.4386228">
        <ele>306.6540584959964</ele>
      </trkpt>
      <trkpt lat="46.5058864" lon="2.4387742">
        <ele>306.5250434048027</ele>
      </trkpt>
      <trkpt lat="46.5061966" lon="2.4390264">
        <ele>305.73403351037587</ele>
      </trkpt>
      <trkpt lat="46.5064993" lon="2.4392892">
        <ele>303.33673637759654</ele>
      </trkpt>
      <trkpt lat="46.5067762" lon="2.4397023">
        <ele>302.63396063040904</ele>
      </trkpt>
      <trkpt lat="46.5071287" lon="2.4403702">
        <ele>299.0039599999909</ele>
      </trkpt>
      <trkpt lat="46.5073559" lon="2.4406786">
        <ele>297.518759999999</ele>
      </trkpt>
      <trkpt lat="46.5080574" lon="2.4412741">
        <ele>295.58012000000485</ele>
      </trkpt>
      <trkpt lat="46.5082125" lon="2.4415155">
        <ele>295.8908000000031</ele>
      </trkpt>
      <trkpt lat="46.508482" lon="2.4420144">
        <ele>294.9295999999945</ele>
      </trkpt>
      <trkpt lat="46.508674" lon="2.4424113">
        <ele>293.393094048008</ele>
      </trkpt>
      <trkpt lat="46.5088918" lon="2.4428405">
        <ele>292.2048399999951</ele>
      </trkpt>
      <trkpt lat="46.5090395" lon="2.4433286">
        <ele>292.89855999999963</ele>
      </trkpt>
      <trkpt lat="46.509645" lon="2.4427654">
        <ele>289.31017232000363</ele>
      </trkpt>
      <trkpt lat="46.5097114" lon="2.4424757">
        <ele>290.0</ele>
      </trkpt>
      <trkpt lat="46.5098185" lon="2.4417461">
        <ele>289.6533999999947</ele>
      </trkpt>
      <trkpt lat="46.5098997" lon="2.4414082">
        <ele>289.95558228160013</ele>
      </trkpt>
      <trkpt lat="46.5104699" lon="2.4408637">
        <ele>292.9662900847988</ele>
      </trkpt>
      <trkpt lat="46.511262" lon="2.4415798">
        <ele>293.4567999999924</ele>
      </trkpt>
      <trkpt lat="46.5114392" lon="2.4417354">
        <ele>292.797376332799</ele>
      </trkpt>
      <trkpt lat="46.512281" lon="2.4422021">
        <ele>292.98467169599945</ele>
      </trkpt>
      <trkpt lat="46.5124028" lon="2.4424113">
        <ele>292.3193200000005</ele>
      </trkpt>
      <trkpt lat="46.5128273" lon="2.4423352">
        <ele>290.82172000000764</ele>
      </trkpt>
      <trkpt lat="46.5135399" lon="2.4422075">
        <ele>284.782667080024</ele>
      </trkpt>
      <trkpt lat="46.5138057" lon="2.442127">
        <ele>282.1385782560096</ele>
      </trkpt>
      <trkpt lat="46.5141305" lon="2.4418373">
        <ele>283.25552000000084</ele>
      </trkpt>
      <trkpt lat="46.5143779" lon="2.4416335">
        <ele>284.7604399999982</ele>
      </trkpt>
      <trkpt lat="46.5151236" lon="2.4411721">
        <ele>284.45734458238826</ele>
      </trkpt>
      <trkpt lat="46.5159431" lon="2.4403728">
        <ele>290.0503036672115</ele>
      </trkpt>
      <trkpt lat="46.5169657" lon="2.4394716">
        <ele>295.0</ele>
      </trkpt>
      <trkpt lat="46.5176168" lon="2.4388842">
        <ele>295.41338229759634</ele>
      </trkpt>
      <trkpt lat="46.5181336" lon="2.4384926">
        <ele>297.11986877439807</ele>
      </trkpt>
      <trkpt lat="46.5189778" lon="2.4382309">
        <ele>296.7979527007957</ele>
      </trkpt>
      <trkpt lat="46.5193637" lon="2.4381009">
        <ele>295.53390939680327</ele>
      </trkpt>
      <trkpt lat="46.5196171" lon="2.4380046">
        <ele>295.0</ele>
      </trkpt>
      <trkpt lat="46.521025" lon="2.4374004">
        <ele>291.26143999998817</ele>
      </trkpt>
      <trkpt lat="46.5212453" lon="2.4372945">
        <ele>290.49188516799455</ele>
      </trkpt>
      <trkpt lat="46.5213961" lon="2.4372078">
        <ele>290.92346784321006</ele>
      </trkpt>
      <trkpt lat="46.5214921" lon="2.4371404">
        <ele>290.44332671359206</ele>
      </trkpt>
      <trkpt lat="46.5215633" lon="2.4370851">
        <ele>290.18842668320576</ele>
      </trkpt>
      <trkpt lat="46.5217903" lon="2.4368588">
        <ele>290.0</ele>
      </trkpt>
      <trkpt lat="46.5218549" lon="2.4367866">
        <ele>290.0</ele>
      </trkpt>
      <trkpt lat="46.5219261" lon="2.4367408">
        <ele>290.0</ele>
      </trkpt>
      <trkpt lat="46.5223766" lon="2.4366325">
        <ele>290.67876000000433</ele>
      </trkpt>
      <trkpt lat="46.5224909" lon="2.4366012">
        <ele>291.2029200000036</ele>
      </trkpt>
      <trkpt lat="46.5225936" lon="2.4365579">
        <ele>291.39156000000025</ele>
      </trkpt>
      <trkpt lat="46.522688" lon="2.4365098">
        <ele>291.56471999999985</ele>
      </trkpt>
      <trkpt lat="46.5233935" lon="2.435985">
        <ele>292.5668000000187</ele>
      </trkpt>
      <trkpt lat="46.5234664" lon="2.4359513">
        <ele>292.0419200000242</ele>
      </trkpt>
      <trkpt lat="46.523555" lon="2.4359477">
        <ele>291.40399999998726</ele>
      </trkpt>
      <trkpt lat="46.5239347" lon="2.4360279">
        <ele>288.58492343520487</ele>
      </trkpt>
      <trkpt lat="46.5243188" lon="2.4361564">
        <ele>288.0737462527985</ele>
      </trkpt>
      <trkpt lat="46.5245382" lon="2.436183">
        <ele>288.16281964800305</ele>
      </trkpt>
      <trkpt lat="46.5246114" lon="2.4362007">
        <ele>288.21334515839663</ele>
      </trkpt>
      <trkpt lat="46.5246906" lon="2.4362849">
        <ele>287.77732571520045</ele>
      </trkpt>
      <trkpt lat="46.524843" lon="2.4364266">
        <ele>285.40637689602926</ele>
      </trkpt>
      <trkpt lat="46.5249314" lon="2.4364709">
        <ele>284.2998150592003</ele>
      </trkpt>
      <trkpt lat="46.5250808" lon="2.4364754">
        <ele>283.397680000008</ele>
      </trkpt>
      <trkpt lat="46.5252789" lon="2.4365019">
        <ele>282.59480363360484</ele>
      </trkpt>
      <trkpt lat="46.5254313" lon="2.4364661">
        <ele>282.87566293280094</ele>
      </trkpt>
      <trkpt lat="46.5255275" lon="2.4364462">
        <ele>282.979161680002</ele>
      </trkpt>
      <trkpt lat="46.525669" lon="2.4363868">
        <ele>283.40088000000264</ele>
      </trkpt>
      <trkpt lat="46.5258275" lon="2.4362982">
        <ele>283.65251999999373</ele>
      </trkpt>
      <trkpt lat="46.5260866" lon="2.4361918">
        <ele>283.9373919551982</ele>
      </trkpt>
      <trkpt lat="46.5261994" lon="2.4360944">
        <ele>283.95896125440066</ele>
      </trkpt>
      <trkpt lat="46.5264707" lon="2.4359039">
        <ele>284.58903999998074</ele>
      </trkpt>
      <trkpt lat="46.5267114" lon="2.435833">
        <ele>286.48412675203764</ele>
      </trkpt>
      <trkpt lat="46.527151" lon="2.4357516">
        <ele>289.96239686401583</ele>
      </trkpt>
      <trkpt lat="46.5275072" lon="2.4356335">
        <ele>290.69347999999263</ele>
      </trkpt>
      <trkpt lat="46.5281714" lon="2.4355229">
        <ele>290.2994799999926</ele>
      </trkpt>
      <trkpt lat="46.528389" lon="2.435448">
        <ele>290.6128000000001</ele>
      </trkpt>
      <trkpt lat="46.5283778" lon="2.4350685">
        <ele>289.2465999999995</ele>
      </trkpt>
      <trkpt lat="46.528365" lon="2.4349461">
        <ele>288.63404056</ele>
      </trkpt>
      <trkpt lat="46.5283495" lon="2.4347865">
        <ele>287.5075325199924</ele>
      </trkpt>
      <trkpt lat="46.5283282" lon="2.4346891">
        <ele>287.0</ele>
      </trkpt>
      <trkpt lat="46.5283115" lon="2.4346381">
        <ele>287.0</ele>
      </trkpt>
      <trkpt lat="46.5285852" lon="2.4345167">
        <ele>287.9067200000072</ele>
      </trkpt>
      <trkpt lat="46.5297472" lon="2.4341266">
        <ele>291.1442400000003</ele>
      </trkpt>
      <trkpt lat="46.529894" lon="2.4340612">
        <ele>291.37968000000023</ele>
      </trkpt>
      <trkpt lat="46.530032" lon="2.4339834">
        <ele>291.58375564800406</ele>
      </trkpt>
      <trkpt lat="46.5301872" lon="2.4338913">
        <ele>291.323249625599</ele>
      </trkpt>
      <trkpt lat="46.5303484" lon="2.4337867">
        <ele>291.0</ele>
      </trkpt>
      <trkpt lat="46.5310226" lon="2.4333625">
        <ele>292.39617719999995</ele>
      </trkpt>
      <trkpt lat="46.5311803" lon="2.4332792">
        <ele>293.6930400000192</ele>
      </trkpt>
      <trkpt lat="46.531619" lon="2.433051">
        <ele>297.67601423999486</ele>
      </trkpt>
      <trkpt lat="46.5316789" lon="2.4330131">
        <ele>298.15957107360106</ele>
      </trkpt>
      <trkpt lat="46.5318009" lon="2.4329018">
        <ele>298.82100300480204</ele>
      </trkpt>
      <trkpt lat="46.5319203" lon="2.4327763">
        <ele>299.9184000000107</ele>
      </trkpt>
      <trkpt lat="46.5320725" lon="2.4325876">
        <ele>299.7626400000124</ele>
      </trkpt>
      <trkpt lat="46.5321674" lon="2.4324517">
        <ele>299.5342830432082</ele>
      </trkpt>
      <trkpt lat="46.5324353" lon="2.4319854">
        <ele>300.19857827519075</ele>
      </trkpt>
      <trkpt lat="46.5325678" lon="2.4318007">
        <ele>300.2733999999905</ele>
      </trkpt>
      <trkpt lat="46.5327506" lon="2.4316105">
        <ele>300.2802567519997</ele>
      </trkpt>
      <trkpt lat="46.5332178" lon="2.4311287">
        <ele>301.93668000000025</ele>
      </trkpt>
      <trkpt lat="46.5333197" lon="2.4310623">
        <ele>302.15847132480053</ele>
      </trkpt>
      <trkpt lat="46.5334355" lon="2.4310134">
        <ele>303.0873600000223</ele>
      </trkpt>
      <trkpt lat="46.5336689" lon="2.430898">
        <ele>304.92680828800593</ele>
      </trkpt>
      <trkpt lat="46.5338122" lon="2.4308087">
        <ele>305.69943722559947</ele>
      </trkpt>
      <trkpt lat="46.5339435" lon="2.4307219">
        <ele>306.2754680559971</ele>
      </trkpt>
      <trkpt lat="46.5340988" lon="2.4305898">
        <ele>307.41819976961676</ele>
      </trkpt>
      <trkpt lat="46.534218" lon="2.4305107">
        <ele>307.70688150400247</ele>
      </trkpt>
      <trkpt lat="46.534695" lon="2.4302697">
        <ele>306.09230032000266</ele>
      </trkpt>
      <trkpt lat="46.534823" lon="2.4302307">
        <ele>306.0</ele>
      </trkpt>
      <trkpt lat="46.5349633" lon="2.4302117">
        <ele>306.0</ele>
      </trkpt>
      <trkpt lat="46.5354726" lon="2.4301813">
        <ele>308.70135999999457</ele>
      </trkpt>
      <trkpt lat="46.535682" lon="2.43018">
        <ele>309.0</ele>
      </trkpt>
      <trkpt lat="46.5361148" lon="2.4301755">
        <ele>308.6534703039996</ele>
      </trkpt>
      <trkpt lat="46.5361744" lon="2.4301959">
        <ele>309.09376188160167</ele>
      </trkpt>
      <trkpt lat="46.5362241" lon="2.4302586">
        <ele>309.7163972895891</ele>
      </trkpt>
      <trkpt lat="46.5363048" lon="2.4304093">
        <ele>311.19818813443095</ele>
      </trkpt>
      <trkpt lat="46.5363781" lon="2.4305559">
        <ele>312.8847200000032</ele>
      </trkpt>
      <trkpt lat="46.5364557" lon="2.430675">
        <ele>313.9110399999829</ele>
      </trkpt>
      <trkpt lat="46.5365493" lon="2.4307982">
        <ele>315.0284799999795</ele>
      </trkpt>
      <trkpt lat="46.5366558" lon="2.4309003">
        <ele>315.93119104958976</ele>
      </trkpt>
      <trkpt lat="46.5372866" lon="2.4314119">
        <ele>313.9363589984003</ele>
      </trkpt>
      <trkpt lat="46.5373052" lon="2.4313279">
        <ele>314.15397303680135</ele>
      </trkpt>
      <trkpt lat="46.5374116" lon="2.431056">
        <ele>314.31824000000483</ele>
      </trkpt>
      <trkpt lat="46.5376274" lon="2.430667">
        <ele>314.5987999999995</ele>
      </trkpt>
      <trkpt lat="46.5379152" lon="2.430232">
        <ele>317.23751014400216</ele>
      </trkpt>
      <trkpt lat="46.5379929" lon="2.4301567">
        <ele>318.0830770927948</ele>
      </trkpt>
      <trkpt lat="46.5382212" lon="2.430045">
        <ele>320.03064000001814</ele>
      </trkpt>
      <trkpt lat="46.5383727" lon="2.429592">
        <ele>322.2834399999747</ele>
      </trkpt>
      <trkpt lat="46.538459" lon="2.4293911">
        <ele>322.7127600000231</ele>
      </trkpt>
      <trkpt lat="46.5385207" lon="2.4294052">
        <ele>323.20775999999614</ele>
      </trkpt>
      <trkpt lat="46.5385554" lon="2.4294078">
        <ele>323.4669599999993</ele>
      </trkpt>
      <trkpt lat="46.5386311" lon="2.4294135">
        <ele>323.96056000001204</ele>
      </trkpt>
      <trkpt lat="46.5387443" lon="2.4294325">
        <ele>324.436479999991</ele>
      </trkpt>
      <trkpt lat="46.5387905" lon="2.4294588">
        <ele>324.6791749439906</ele>
      </trkpt>
      <trkpt lat="46.5389038" lon="2.4295636">
        <ele>325.4596134271992</ele>
      </trkpt>
      <trkpt lat="46.539024" lon="2.4297005">
        <ele>325.9598364799994</ele>
      </trkpt>
      <trkpt lat="46.5390686" lon="2.4297817">
        <ele>325.71028707520037</ele>
      </trkpt>
      <trkpt lat="46.539097" lon="2.4298545">
        <ele>325.4043690399976</ele>
      </trkpt>
      <trkpt lat="46.53912" lon="2.4299204">
        <ele>325.16670207999266</ele>
      </trkpt>
      <trkpt lat="46.5391291" lon="2.4300089">
        <ele>324.83271999998874</ele>
      </trkpt>
      <trkpt lat="46.5391616" lon="2.4300071">
        <ele>324.9561999999994</ele>
      </trkpt>
      <trkpt lat="46.5392295" lon="2.4299753">
        <ele>325.1090337039986</ele>
      </trkpt>
      <trkpt lat="46.5394015" lon="2.4298947">
        <ele>325.69955423199417</ele>
      </trkpt>
      <trkpt lat="46.5394507" lon="2.4299007">
        <ele>325.7149599999989</ele>
      </trkpt>
      <trkpt lat="46.5394868" lon="2.4299051">
        <ele>325.68327999999974</ele>
      </trkpt>
      <trkpt lat="46.5395121" lon="2.429846">
        <ele>326.10880000000043</ele>
      </trkpt>
      <trkpt lat="46.5396539" lon="2.4297032">
        <ele>327.0</ele>
      </trkpt>
      <trkpt lat="46.5397905" lon="2.4295924">
        <ele>326.75419999999167</ele>
      </trkpt>
      <trkpt lat="46.5398855" lon="2.4295476">
        <ele>326.4122000000111</ele>
      </trkpt>
      <trkpt lat="46.5399014" lon="2.4295254">
        <ele>326.3549600000074</ele>
      </trkpt>
      <trkpt lat="46.5399233" lon="2.4294966">
        <ele>326.2761200000068</ele>
      </trkpt>
      <trkpt lat="46.5400121" lon="2.42929">
        <ele>325.9564400000056</ele>
      </trkpt>
      <trkpt lat="46.5401299" lon="2.4288703">
        <ele>325.49673446881104</ele>
      </trkpt>
      <trkpt lat="46.5402378" lon="2.4286614">
        <ele>325.02605527680015</ele>
      </trkpt>
      <trkpt lat="46.5403227" lon="2.4285261">
        <ele>324.69396000000006</ele>
      </trkpt>
      <trkpt lat="46.5406863" lon="2.4278919">
        <ele>325.2773058287941</ele>
      </trkpt>
      <trkpt lat="46.54112" lon="2.4271973">
        <ele>325.9651289600023</ele>
      </trkpt>
      <trkpt lat="46.5412443" lon="2.4270153">
        <ele>325.1633457583843</ele>
      </trkpt>
      <trkpt lat="46.5413524" lon="2.4268396">
        <ele>324.5905794815944</ele>
      </trkpt>
      <trkpt lat="46.5414891" lon="2.426553">
        <ele>324.0169029920018</ele>
      </trkpt>
      <trkpt lat="46.5416861" lon="2.4261501">
        <ele>323.07977958559877</ele>
      </trkpt>
      <trkpt lat="46.541715" lon="2.4260568">
        <ele>323.0125004800152</ele>
      </trkpt>
      <trkpt lat="46.5417569" lon="2.425999">
        <ele>323.05234542401445</ele>
      </trkpt>
      <trkpt lat="46.5417955" lon="2.4259331">
        <ele>323.1201815919954</ele>
      </trkpt>
      <trkpt lat="46.5419189" lon="2.4258377">
        <ele>323.817525611192</ele>
      </trkpt>
      <trkpt lat="46.5419753" lon="2.4257892">
        <ele>323.7300400000106</ele>
      </trkpt>
      <trkpt lat="46.5423284" lon="2.4255426">
        <ele>321.9711876736004</ele>
      </trkpt>
      <trkpt lat="46.5425468" lon="2.4253848">
        <ele>321.9350880256047</ele>
      </trkpt>
      <trkpt lat="46.5426907" lon="2.4252212">
        <ele>321.9361503936012</ele>
      </trkpt>
      <trkpt lat="46.5428549" lon="2.4250281">
        <ele>321.9719139375993</ele>
      </trkpt>
      <trkpt lat="46.5429287" lon="2.4248564">
        <ele>322.0</ele>
      </trkpt>
      <trkpt lat="46.5430098" lon="2.4246123">
        <ele>322.0</ele>
      </trkpt>
      <trkpt lat="46.5431923" lon="2.4240441">
        <ele>321.50771999999574</ele>
      </trkpt>
      <trkpt lat="46.5434088" lon="2.4235036">
        <ele>319.7283199999938</ele>
      </trkpt>
      <trkpt lat="46.543629" lon="2.4229947">
        <ele>320.0</ele>
      </trkpt>
      <trkpt lat="46.5440862" lon="2.42201">
        <ele>322.16763552000265</ele>
      </trkpt>
      <trkpt lat="46.5442714" lon="2.4216829">
        <ele>322.0</ele>
      </trkpt>
      <trkpt lat="46.5447334" lon="2.4211687">
        <ele>323.0402399999941</ele>
      </trkpt>
      <trkpt lat="46.54482" lon="2.4210637">
        <ele>323.52268000000527</ele>
      </trkpt>
      <trkpt lat="46.5450582" lon="2.4206545">
        <ele>325.209519999999</ele>
      </trkpt>
      <trkpt lat="46.5451166" lon="2.4205542">
        <ele>325.4246399999995</ele>
      </trkpt>
      <trkpt lat="46.5453" lon="2.4202977">
        <ele>327.00827999999115</ele>
      </trkpt>
      <trkpt lat="46.5455562" lon="2.4199986">
        <ele>329.00233169280006</ele>
      </trkpt>
      <trkpt lat="46.5460759" lon="2.4195946">
        <ele>332.2744413855908</ele>
      </trkpt>
      <trkpt lat="46.5463285" lon="2.4194057">
        <ele>333.75227704800545</ele>
      </trkpt>
      <trkpt lat="46.5467175" lon="2.4191912">
        <ele>335.9278425599993</ele>
      </trkpt>
      <trkpt lat="46.5470948" lon="2.4188216">
        <ele>335.3475996671901</ele>
      </trkpt>
      <trkpt lat="46.5473486" lon="2.4186222">
        <ele>335.0</ele>
      </trkpt>
      <trkpt lat="46.5475735" lon="2.4184192">
        <ele>335.26459999999497</ele>
      </trkpt>
      <trkpt lat="46.5479868" lon="2.4179031">
        <ele>336.54883999999925</ele>
      </trkpt>
      <trkpt lat="46.548326" lon="2.4174729">
        <ele>338.0</ele>
      </trkpt>
      <trkpt lat="46.547434" lon="2.4147464">
        <ele>332.59115929601967</ele>
      </trkpt>
      <trkpt lat="46.5469027" lon="2.4129762">
        <ele>328.0</ele>
      </trkpt>
      <trkpt lat="46.5466687" lon="2.4122662">
        <ele>328.00731999999243</ele>
      </trkpt>
      <trkpt lat="46.5462334" lon="2.4111557">
        <ele>327.25005267518407</ele>
      </trkpt>
      <trkpt lat="46.5458644" lon="2.4097771">
        <ele>326.1118399999973</ele>
      </trkpt>
      <trkpt lat="46.5454291" lon="2.4084628">
        <ele>328.2800182591997</ele>
      </trkpt>
      <trkpt lat="46.5450188" lon="2.4070787">
        <ele>332.03496890240217</ele>
      </trkpt>
      <trkpt lat="46.5447606" lon="2.4057537">
        <ele>337.76328770882185</ele>
      </trkpt>
      <trkpt lat="46.5446663" lon="2.4050982">
        <ele>337.79868000001056</ele>
      </trkpt>
      <trkpt lat="46.5446663" lon="2.4050027">
        <ele>337.79868000001056</ele>
      </trkpt>
      <trkpt lat="46.5446499" lon="2.4039164">
        <ele>340.49493394557885</ele>
      </trkpt>
      <trkpt lat="46.5445724" lon="2.4035785">
        <ele>341.4760391360007</ele>
      </trkpt>
      <trkpt lat="46.5444986" lon="2.4026799">
        <ele>338.1062561055756</ele>
      </trkpt>
      <trkpt lat="46.5445115" lon="2.4019557">
        <ele>337.251181527995</ele>
      </trkpt>
      <trkpt lat="46.5445392" lon="2.4015775">
        <ele>338.1020009599937</ele>
      </trkpt>
      <trkpt lat="46.544565" lon="2.4011108">
        <ele>338.13214784000957</ele>
      </trkpt>
      <trkpt lat="46.5446757" lon="2.398729">
        <ele>340.504521487999</ele>
      </trkpt>
      <trkpt lat="46.5447015" lon="2.3980129">
        <ele>342.0745999999922</ele>
      </trkpt>
      <trkpt lat="46.5447458" lon="2.3975891">
        <ele>341.9151199999958</ele>
      </trkpt>
      <trkpt lat="46.5448196" lon="2.3972243">
        <ele>340.6569200000117</ele>
      </trkpt>
      <trkpt lat="46.5451258" lon="2.3961219">
        <ele>338.6801999999889</ele>
      </trkpt>
      <trkpt lat="46.5452587" lon="2.3953468">
        <ele>334.57481439363386</ele>
      </trkpt>
      <trkpt lat="46.545373" lon="2.3946923">
        <ele>330.45028641602966</ele>
      </trkpt>
      <trkpt lat="46.5454024" lon="2.3942722">
        <ele>328.375887308795</ele>
      </trkpt>
      <trkpt lat="46.5454745" lon="2.3931876">
        <ele>323.336380096028</ele>
      </trkpt>
      <trkpt lat="46.545456" lon="2.3923534">
        <ele>319.9444800000015</ele>
      </trkpt>
      <trkpt lat="46.5454044" lon="2.391412">
        <ele>316.62001177599234</ele>
      </trkpt>
      <trkpt lat="46.5453509" lon="2.3903954">
        <ele>314.7854936543782</ele>
      </trkpt>
      <trkpt lat="46.5453767" lon="2.3885125">
        <ele>310.28888000000575</ele>
      </trkpt>
      <trkpt lat="46.5453693" lon="2.3879492">
        <ele>306.7786086976131</ele>
      </trkpt>
      <trkpt lat="46.5453177" lon="2.386989">
        <ele>300.74592000002394</ele>
      </trkpt>
      <trkpt lat="46.5451756" lon="2.3858222">
        <ele>290.8396799999973</ele>
      </trkpt>
      <trkpt lat="46.5450188" lon="2.384854">
        <ele>278.49088000000233</ele>
      </trkpt>
      <trkpt lat="46.5449266" lon="2.3840439">
        <ele>272.85072702076155</ele>
      </trkpt>
      <trkpt lat="46.544779" lon="2.3829013">
        <ele>264.33117259200276</ele>
      </trkpt>
      <trkpt lat="46.5446591" lon="2.3820001">
        <ele>259.7914098063798</ele>
      </trkpt>
      <trkpt lat="46.5445282" lon="2.381908">
        <ele>258.5634805760137</ele>
      </trkpt>
      <trkpt lat="46.544434" lon="2.3818813">
        <ele>258.02905276799305</ele>
      </trkpt>
      <trkpt lat="46.5444627" lon="2.3814346">
        <ele>258.0108148831981</ele>
      </trkpt>
      <trkpt lat="46.5444703" lon="2.3809841">
        <ele>258.4146801007991</ele>
      </trkpt>
      <trkpt lat="46.5444608" lon="2.3807534">
        <ele>259.2288799999885</ele>
      </trkpt>
      <trkpt lat="46.5444441" lon="2.3804329">
        <ele>259.99930753439946</ele>
      </trkpt>
      <trkpt lat="46.5444654" lon="2.3804256">
        <ele>259.95985384959994</ele>
      </trkpt>
      <trkpt lat="46.5448306" lon="2.3803916">
        <ele>258.9697919616154</ele>
      </trkpt>
      <trkpt lat="46.5451995" lon="2.3803379">
        <ele>258.0</ele>
      </trkpt>
      <trkpt lat="46.5452809" lon="2.3803157">
        <ele>258.02094551521066</ele>
      </trkpt>
      <trkpt lat="46.5453657" lon="2.3802835">
        <ele>258.6265196879844</ele>
      </trkpt>
      <trkpt lat="46.5456054" lon="2.3801502">
        <ele>260.73574679679666</ele>
      </trkpt>
      <trkpt lat="46.545897" lon="2.3799884">
        <ele>262.18743999998674</ele>
      </trkpt>
      <trkpt lat="46.5462104" lon="2.3798873">
        <ele>263.38678167039745</ele>
      </trkpt>
      <trkpt lat="46.5464207" lon="2.3798337">
        <ele>265.2892783327973</ele>
      </trkpt>
      <trkpt lat="46.5468635" lon="2.3798176">
        <ele>265.2913999999978</ele>
      </trkpt>
      <trkpt lat="46.5473542" lon="2.3798068">
        <ele>265.3304554624025</ele>
      </trkpt>
      <trkpt lat="46.5480037" lon="2.3797846">
        <ele>271.2532800000354</ele>
      </trkpt>
      <trkpt lat="46.5482544" lon="2.3798122">
        <ele>274.6314851071678</ele>
      </trkpt>
      <trkpt lat="46.5484647" lon="2.3798605">
        <ele>276.21053957598224</ele>
      </trkpt>
      <trkpt lat="46.5487084" lon="2.3799509">
        <ele>277.7004800000177</ele>
      </trkpt>
      <trkpt lat="46.548867" lon="2.3799884">
        <ele>278.84240000000955</ele>
      </trkpt>
      <trkpt lat="46.5489886" lon="2.379957">
        <ele>279.71792000000914</ele>
      </trkpt>
      <trkpt lat="46.5490883" lon="2.379849">
        <ele>280.4357600000076</ele>
      </trkpt>
      <trkpt lat="46.5492911" lon="2.3794635">
        <ele>281.47869005599165</ele>
      </trkpt>
      <trkpt lat="46.5495419" lon="2.3789968">
        <ele>280.6030256768026</ele>
      </trkpt>
      <trkpt lat="46.5496489" lon="2.3787876">
        <ele>280.3714000000034</ele>
      </trkpt>
      <trkpt lat="46.5497707" lon="2.3785677">
        <ele>280.2017939856142</ele>
      </trkpt>
      <trkpt lat="46.5499147" lon="2.378304">
        <ele>281.5646123520168</ele>
      </trkpt>
      <trkpt lat="46.5500254" lon="2.3781323">
        <ele>283.47270304320347</ele>
      </trkpt>
      <trkpt lat="46.5501398" lon="2.3779714">
        <ele>284.30296000000044</ele>
      </trkpt>
      <trkpt lat="46.5503427" lon="2.3777354">
        <ele>285.3862800000052</ele>
      </trkpt>
      <trkpt lat="46.5504644" lon="2.3776227">
        <ele>286.2301200000104</ele>
      </trkpt>
      <trkpt lat="46.5506273" lon="2.3780197">
        <ele>285.38736000000836</ele>
      </trkpt>
      <trkpt lat="46.5506977" lon="2.3782186">
        <ele>285.22511917120386</ele>
      </trkpt>
      <trkpt lat="46.5507549" lon="2.3783975">
        <ele>285.20428000000766</ele>
      </trkpt>
      <trkpt lat="46.5508502" lon="2.3787179">
        <ele>285.1214399999949</ele>
      </trkpt>
      <trkpt lat="46.5509276" lon="2.378933">
        <ele>285.6787200000099</ele>
      </trkpt>
      <trkpt lat="46.5513597" lon="2.3800082">
        <ele>289.89181803839654</ele>
      </trkpt>
      <trkpt lat="46.5521029" lon="2.3815972">
        <ele>294.32036000000403</ele>
      </trkpt>
      <trkpt lat="46.5522128" lon="2.3817466">
        <ele>295.244079180798</ele>
      </trkpt>
      <trkpt lat="46.5523227" lon="2.381876">
        <ele>295.75360000000046</ele>
      </trkpt>
      <trkpt lat="46.5524966" lon="2.3820021">
        <ele>295.99745946559835</ele>
      </trkpt>
      <trkpt lat="46.5529872" lon="2.3823583">
        <ele>296.2640399999891</ele>
      </trkpt>
      <trkpt lat="46.5532912" lon="2.3825156">
        <ele>295.9438399999997</ele>
      </trkpt>
      <trkpt lat="46.553418" lon="2.3825569">
        <ele>295.00563046399446</ele>
      </trkpt>
      <trkpt lat="46.5536208" lon="2.3825822">
        <ele>293.25071831041174</ele>
      </trkpt>
      <trkpt lat="46.5539465" lon="2.3825685">
        <ele>291.6903103199886</ele>
      </trkpt>
      <trkpt lat="46.5541284" lon="2.3825514">
        <ele>290.8186622207834</ele>
      </trkpt>
      <trkpt lat="46.5542788" lon="2.382497">
        <ele>288.96227923202224</ele>
      </trkpt>
      <trkpt lat="46.5544223" lon="2.3824351">
        <ele>286.34272265761825</ele>
      </trkpt>
      <trkpt lat="46.5554069" lon="2.3818614">
        <ele>273.2361999999955</ele>
      </trkpt>
      <trkpt lat="46.5556039" lon="2.3817687">
        <ele>272.3673199999994</ele>
      </trkpt>
      <trkpt lat="46.555853" lon="2.381678">
        <ele>272.10871135999645</ele>
      </trkpt>
      <trkpt lat="46.5559706" lon="2.3816466">
        <ele>272.494160000007</ele>
      </trkpt>
      <trkpt lat="46.5560884" lon="2.3816377">
        <ele>272.9182400000004</ele>
      </trkpt>
      <trkpt lat="46.5561837" lon="2.3816467">
        <ele>273.503856318388</ele>
      </trkpt>
      <trkpt lat="46.5562548" lon="2.3816559">
        <ele>274.01451022718516</ele>
      </trkpt>
      <trkpt lat="46.5563136" lon="2.3816377">
        <ele>274.38190405122015</ele>
      </trkpt>
      <trkpt lat="46.5563863" lon="2.3816143">
        <ele>274.79459700639796</ele>
      </trkpt>
      <trkpt lat="46.5564677" lon="2.3816133">
        <ele>275.09159999999656</ele>
      </trkpt>
      <trkpt lat="46.556569" lon="2.3816269">
        <ele>275.5052400000118</ele>
      </trkpt>
      <trkpt lat="46.5566348" lon="2.3799884">
        <ele>274.88048929279114</ele>
      </trkpt>
      <trkpt lat="46.556656" lon="2.379418">
        <ele>275.1099443199767</ele>
      </trkpt>
      <trkpt lat="46.5566582" lon="2.3791919">
        <ele>276.7296488032123</ele>
      </trkpt>
      <trkpt lat="46.5566518" lon="2.3789684">
        <ele>278.2669599999699</ele>
      </trkpt>
      <trkpt lat="46.5566331" lon="2.378715">
        <ele>279.88947999998936</ele>
      </trkpt>
      <trkpt lat="46.5566074" lon="2.378449">
        <ele>280.3599199999694</ele>
      </trkpt>
      <trkpt lat="46.5565731" lon="2.3781781">
        <ele>279.9894800000152</ele>
      </trkpt>
      <trkpt lat="46.5562832" lon="2.3764784">
        <ele>280.6195200000102</ele>
      </trkpt>
      <trkpt lat="46.5561723" lon="2.3758391">
        <ele>281.9792400000006</ele>
      </trkpt>
      <trkpt lat="46.5561558" lon="2.375666">
        <ele>282.0</ele>
      </trkpt>
      <trkpt lat="46.5561548" lon="2.3754877">
        <ele>282.0</ele>
      </trkpt>
      <trkpt lat="46.5561609" lon="2.3753268">
        <ele>282.0</ele>
      </trkpt>
      <trkpt lat="46.5562058" lon="2.3749772">
        <ele>281.3129005696025</ele>
      </trkpt>
      <trkpt lat="46.5562719" lon="2.3743987">
        <ele>281.0953233711993</ele>
      </trkpt>
      <trkpt lat="46.5563231" lon="2.3739359">
        <ele>281.9599171983999</ele>
      </trkpt>
      <trkpt lat="46.5563672" lon="2.3737471">
        <ele>282.4705848447938</ele>
      </trkpt>
      <trkpt lat="46.5564065" lon="2.3736436">
        <ele>282.9464400000056</ele>
      </trkpt>
      <trkpt lat="46.5564562" lon="2.3735551">
        <ele>283.44395999999847</ele>
      </trkpt>
      <trkpt lat="46.5565527" lon="2.3734435">
        <ele>284.1931199999908</ele>
      </trkpt>
      <trkpt lat="46.5574615" lon="2.372652">
        <ele>283.8614000000082</ele>
      </trkpt>
      <trkpt lat="46.5575477" lon="2.3725756">
        <ele>284.46842468480645</ele>
      </trkpt>
      <trkpt lat="46.5576597" lon="2.3724488">
        <ele>285.72476000002257</ele>
      </trkpt>
      <trkpt lat="46.5577113" lon="2.3723879">
        <ele>286.2820400000119</ele>
      </trkpt>
      <trkpt lat="46.5577594" lon="2.3723044">
        <ele>286.8015200000209</ele>
      </trkpt>
      <trkpt lat="46.5577953" lon="2.3722111">
        <ele>287.0630800000081</ele>
      </trkpt>
      <trkpt lat="46.5578325" lon="2.3720549">
        <ele>287.1970000000126</ele>
      </trkpt>
      <trkpt lat="46.5578741" lon="2.3717254">
        <ele>287.10508213119374</ele>
      </trkpt>
      <trkpt lat="46.5579179" lon="2.3711873">
        <ele>285.787599999996</ele>
      </trkpt>
      <trkpt lat="46.5579297" lon="2.3711269">
        <ele>285.69760000002793</ele>
      </trkpt>
      <trkpt lat="46.5579485" lon="2.371079">
        <ele>285.77275224002045</ele>
      </trkpt>
      <trkpt lat="46.5579831" lon="2.3710585">
        <ele>286.0774830960135</ele>
      </trkpt>
      <trkpt lat="46.5579107" lon="2.3707934">
        <ele>284.9570400000057</ele>
      </trkpt>
      <trkpt lat="46.5574336" lon="2.3695804">
        <ele>283.39987573762744</ele>
      </trkpt>
      <trkpt lat="46.5569132" lon="2.368304">
        <ele>283.01187788800115</ele>
      </trkpt>
      <trkpt lat="46.5565839" lon="2.3674606">
        <ele>284.25569735360085</ele>
      </trkpt>
      <trkpt lat="46.5565554" lon="2.3674059">
        <ele>284.2648662943986</ele>
      </trkpt>
      <trkpt lat="46.5565049" lon="2.3673603">
        <ele>284.2894795087999</ele>
      </trkpt>
      <trkpt lat="46.5563993" lon="2.3673171">
        <ele>284.32875833119743</ele>
      </trkpt>
      <trkpt lat="46.5563269" lon="2.3672859">
        <ele>283.9549228016091</ele>
      </trkpt>
      <trkpt lat="46.5562605" lon="2.3672441">
        <ele>283.5801571280023</ele>
      </trkpt>
      <trkpt lat="46.5560747" lon="2.3671112">
        <ele>282.25947005443305</ele>
      </trkpt>
      <trkpt lat="46.5559838" lon="2.3670519">
        <ele>281.29290349119935</ele>
      </trkpt>
      <trkpt lat="46.5558374" lon="2.3669577">
        <ele>280.02997862081094</ele>
      </trkpt>
      <trkpt lat="46.5555211" lon="2.3666339">
        <ele>278.7519199999997</ele>
      </trkpt>
      <trkpt lat="46.5553282" lon="2.3661308">
        <ele>276.43391999998676</ele>
      </trkpt>
      <trkpt lat="46.5550888" lon="2.3653472">
        <ele>270.64949442560004</ele>
      </trkpt>
      <trkpt lat="46.5547929" lon="2.364672">
        <ele>264.4576000000011</ele>
      </trkpt>
      <trkpt lat="46.5545607" lon="2.3639389">
        <ele>254.42357931844091</ele>
      </trkpt>
      <trkpt lat="46.5544948" lon="2.3635406">
        <ele>248.96360000000573</ele>
      </trkpt>
      <trkpt lat="46.5545059" lon="2.3632469">
        <ele>245.88263896163215</ele>
      </trkpt>
      <trkpt lat="46.5545473" lon="2.3631378">
        <ele>245.1087125024358</ele>
      </trkpt>
      <trkpt lat="46.5546298" lon="2.3630511">
        <ele>244.90023365760504</ele>
      </trkpt>
      <trkpt lat="46.554707" lon="2.3629835">
        <ele>244.04823024000225</ele>
      </trkpt>
      <trkpt lat="46.554887" lon="2.3630055">
        <ele>242.95899999998778</ele>
      </trkpt>
      <trkpt lat="46.5552058" lon="2.3631766">
        <ele>241.5873141311407</ele>
      </trkpt>
      <trkpt lat="46.5555128" lon="2.3634307">
        <ele>239.18055999993476</ele>
      </trkpt>
      <trkpt lat="46.5555372" lon="2.3633186">
        <ele>236.24689511671414</ele>
      </trkpt>
      <trkpt lat="46.5551191" lon="2.3628671">
        <ele>236.68889586881264</ele>
      </trkpt>
      <trkpt lat="46.5546264" lon="2.3623004">
        <ele>231.09219445760962</ele>
      </trkpt>
      <trkpt lat="46.5545567" lon="2.3622458">
        <ele>230.79994170560414</ele>
      </trkpt>
      <trkpt lat="46.5544407" lon="2.362155">
        <ele>230.76126215999946</ele>
      </trkpt>
      <trkpt lat="46.5543274" lon="2.3621209">
        <ele>230.7889352736019</ele>
      </trkpt>
      <trkpt lat="46.5542196" lon="2.3620445">
        <ele>230.87807971199248</ele>
      </trkpt>
      <trkpt lat="46.5540941" lon="2.3619707">
        <ele>232.25681519039347</ele>
      </trkpt>
      <trkpt lat="46.5538851" lon="2.3617101">
        <ele>235.22455999995896</ele>
      </trkpt>
      <trkpt lat="46.5536246" lon="2.3612516">
        <ele>237.2739205888164</ele>
      </trkpt>
      <trkpt lat="46.5531346" lon="2.3604166">
        <ele>238.00362829440243</ele>
      </trkpt>
      <trkpt lat="46.5530149" lon="2.3601619">
        <ele>236.47771999999713</ele>
      </trkpt>
      <trkpt lat="46.5523729" lon="2.3593068">
        <ele>233.29189973757002</ele>
      </trkpt>
      <trkpt lat="46.5520745" lon="2.359191">
        <ele>237.30239999995183</ele>
      </trkpt>
      <trkpt lat="46.5518594" lon="2.3591209">
        <ele>238.97664000000873</ele>
      </trkpt>
      <trkpt lat="46.5517144" lon="2.3590606">
        <ele>239.06447999999318</ele>
      </trkpt>
      <trkpt lat="46.5517771" lon="2.3588398">
        <ele>237.38951360639481</ele>
      </trkpt>
      <trkpt lat="46.551732" lon="2.3587788">
        <ele>237.15858892799935</ele>
      </trkpt>
      <trkpt lat="46.5516519" lon="2.358597">
        <ele>235.8933394720118</ele>
      </trkpt>
      <trkpt lat="46.5515475" lon="2.3584646">
        <ele>234.81728823998967</ele>
      </trkpt>
      <trkpt lat="46.5515008" lon="2.3583024">
        <ele>234.00684943359627</ele>
      </trkpt>
      <trkpt lat="46.5514553" lon="2.3582293">
        <ele>234.03176048320586</ele>
      </trkpt>
      <trkpt lat="46.5513562" lon="2.3581311">
        <ele>233.72803999999996</ele>
      </trkpt>
      <trkpt lat="46.551098" lon="2.3579917">
        <ele>234.72598966399218</ele>
      </trkpt>
      <trkpt lat="46.5504967" lon="2.3576215">
        <ele>238.00599631199287</ele>
      </trkpt>
      <trkpt lat="46.550429" lon="2.3575442">
        <ele>238.29865507200358</ele>
      </trkpt>
      <trkpt lat="46.5502608" lon="2.357361">
        <ele>238.87855999997555</ele>
      </trkpt>
      <trkpt lat="46.5501259" lon="2.3571704">
        <ele>239.2795999999812</ele>
      </trkpt>
      <trkpt lat="46.5500143" lon="2.3569105">
        <ele>240.45697828800408</ele>
      </trkpt>
      <trkpt lat="46.5499331" lon="2.3566369">
        <ele>242.625479999979</ele>
      </trkpt>
      <trkpt lat="46.5498511" lon="2.356318">
        <ele>243.06471740798713</ele>
      </trkpt>
      <trkpt lat="46.5497561" lon="2.3560414">
        <ele>243.1525670816147</ele>
      </trkpt>
      <trkpt lat="46.5496076" lon="2.3558566">
        <ele>243.3780772735945</ele>
      </trkpt>
      <trkpt lat="46.5495163" lon="2.3556552">
        <ele>244.2167136895967</ele>
      </trkpt>
      <trkpt lat="46.5494231" lon="2.3553846">
        <ele>247.07684000001836</ele>
      </trkpt>
      <trkpt lat="46.549294" lon="2.3551163">
        <ele>250.78743999996323</ele>
      </trkpt>
      <trkpt lat="46.5491685" lon="2.3548696">
        <ele>253.9159816959962</ele>
      </trkpt>
      <trkpt lat="46.5490763" lon="2.3545638">
        <ele>255.0</ele>
      </trkpt>
      <trkpt lat="46.5490071" lon="2.3542122">
        <ele>255.83607999999958</ele>
      </trkpt>
      <trkpt lat="46.5489841" lon="2.3539147">
        <ele>256.62182148159013</ele>
      </trkpt>
      <trkpt lat="46.5489951" lon="2.3536036">
        <ele>257.4093999999966</ele>
      </trkpt>
      <trkpt lat="46.5489951" lon="2.3531208">
        <ele>259.1474799999962</ele>
      </trkpt>
      <trkpt lat="46.5490173" lon="2.3527345">
        <ele>261.61808000000997</ele>
      </trkpt>
      <trkpt lat="46.5490468" lon="2.3522625">
        <ele>264.27847999999653</ele>
      </trkpt>
      <trkpt lat="46.5490099" lon="2.3520801">
        <ele>264.94728000000623</ele>
      </trkpt>
      <trkpt lat="46.5489435" lon="2.3519674">
        <ele>265.11396000000036</ele>
      </trkpt>
      <trkpt lat="46.5487922" lon="2.3519031">
        <ele>264.8525682272041</ele>
      </trkpt>
      <trkpt lat="46.548486" lon="2.3517046">
        <ele>264.8875866239784</ele>
      </trkpt>
      <trkpt lat="46.5483311" lon="2.3515705">
        <ele>264.3381599999959</ele>
      </trkpt>
      <trkpt lat="46.5482241" lon="2.3514095">
        <ele>264.5325599999958</ele>
      </trkpt>
      <trkpt lat="46.5481171" lon="2.3512003">
        <ele>265.0509015151938</ele>
      </trkpt>
      <trkpt lat="46.5479879" lon="2.3508992">
        <ele>266.096392947215</ele>
      </trkpt>
      <trkpt lat="46.547952" lon="2.3508985">
        <ele>265.8726588800143</ele>
      </trkpt>
      <trkpt lat="46.5479131" lon="2.3508987">
        <ele>265.6243615088144</ele>
      </trkpt>
      <trkpt lat="46.5478685" lon="2.3508897">
        <ele>265.3840063279981</ele>
      </trkpt>
      <trkpt lat="46.5477569" lon="2.350894">
        <ele>264.7651850560032</ele>
      </trkpt>
      <trkpt lat="46.5475577" lon="2.3509262">
        <ele>264.40080495039854</ele>
      </trkpt>
      <trkpt lat="46.5472884" lon="2.3509584">
        <ele>264.44249482240065</ele>
      </trkpt>
      <trkpt lat="46.5471408" lon="2.3509745">
        <ele>264.4918</ele>
      </trkpt>
      <trkpt lat="46.547024" lon="2.3509348">
        <ele>264.63471999999956</ele>
      </trkpt>
      <trkpt lat="46.5469463" lon="2.3512323">
        <ele>263.5637200000001</ele>
      </trkpt>
      <trkpt lat="46.5468252" lon="2.3516337">
        <ele>262.57072000000244</ele>
      </trkpt>
      <trkpt lat="46.5467123" lon="2.3515356">
        <ele>262.1642800000104</ele>
      </trkpt>
      <trkpt lat="46.5466312" lon="2.3514551">
        <ele>261.8418861952011</ele>
      </trkpt>
      <trkpt lat="46.5465647" lon="2.351321">
        <ele>261.60817694398503</ele>
      </trkpt>
      <trkpt lat="46.5464946" lon="2.3512137">
        <ele>260.8392347424277</ele>
      </trkpt>
      <trkpt lat="46.5463766" lon="2.3510957">
        <ele>258.6323855648538</ele>
      </trkpt>
      <trkpt lat="46.5463366" lon="2.3510251">
        <ele>257.31439336630814</ele>
      </trkpt>
      <trkpt lat="46.5464116" lon="2.3509187">
        <ele>258.6343599999848</ele>
      </trkpt>
      <trkpt lat="46.5464875" lon="2.3507892">
        <ele>259.3175223999667</ele>
      </trkpt>
      <trkpt lat="46.5464817" lon="2.3507093">
        <ele>259.0391512624174</ele>
      </trkpt>
      <trkpt lat="46.5464746" lon="2.3506203">
        <ele>258.70396083525856</ele>
      </trkpt>
      <trkpt lat="46.5464542" lon="2.3505745">
        <ele>258.2277648159901</ele>
      </trkpt>
      <trkpt lat="46.5464081" lon="2.3505751">
        <ele>257.4112939024132</ele>
      </trkpt>
      <trkpt lat="46.5463643" lon="2.3505971">
        <ele>256.4414000000122</ele>
      </trkpt>
      <trkpt lat="46.5462478" lon="2.3507322">
        <ele>253.5725600000942</ele>
      </trkpt>
      <trkpt lat="46.5461277" lon="2.3508745">
        <ele>250.76530949598876</ele>
      </trkpt>
      <trkpt lat="46.5460908" lon="2.3509182">
        <ele>250.22310037763478</ele>
      </trkpt>
      <trkpt lat="46.5459339" lon="2.3511332">
        <ele>248.30933884163107</ele>
      </trkpt>
      <trkpt lat="46.5458506" lon="2.3512455">
        <ele>246.91690601603497</ele>
      </trkpt>
      <trkpt lat="46.5458229" lon="2.351261">
        <ele>246.31423999994422</ele>
      </trkpt>
      <trkpt lat="46.5457991" lon="2.3512653">
        <ele>245.81564000007734</ele>
      </trkpt>
      <trkpt lat="46.5457666" lon="2.3512469">
        <ele>245.04740000000788</ele>
      </trkpt>
      <trkpt lat="46.5457402" lon="2.3512056">
        <ele>244.32847999994306</ele>
      </trkpt>
      <trkpt lat="46.5457335" lon="2.3511681">
        <ele>244.04875999994033</ele>
      </trkpt>
      <trkpt lat="46.5457319" lon="2.3511344">
        <ele>243.8928799999951</ele>
      </trkpt>
      <trkpt lat="46.5457553" lon="2.3510159">
        <ele>243.9717200000705</ele>
      </trkpt>
      <trkpt lat="46.5457588" lon="2.3509708">
        <ele>243.8849600000326</ele>
      </trkpt>
      <trkpt lat="46.5457539" lon="2.3509247">
        <ele>243.61316000002444</ele>
      </trkpt>
      <trkpt lat="46.5457416" lon="2.3508899">
        <ele>243.22219999998856</ele>
      </trkpt>
      <trkpt lat="46.5457087" lon="2.3508382">
        <ele>242.32543999997324</ele>
      </trkpt>
      <trkpt lat="46.5456226" lon="2.3508003">
        <ele>240.2390225312331</ele>
      </trkpt>
      <trkpt lat="46.5455744" lon="2.3509492">
        <ele>239.82415999999034</ele>
      </trkpt>
      <trkpt lat="46.5455418" lon="2.3510259">
        <ele>239.43044924484238</ele>
      </trkpt>
      <trkpt lat="46.5455003" lon="2.3510872">
        <ele>238.90219696640816</ele>
      </trkpt>
      <trkpt lat="46.5454432" lon="2.3511437">
        <ele>238.04746640642048</ele>
      </trkpt>
      <trkpt lat="46.5452838" lon="2.351256">
        <ele>235.11970828799906</ele>
      </trkpt>
      <trkpt lat="46.5451376" lon="2.3513208">
        <ele>232.9814399999541</ele>
      </trkpt>
      <trkpt lat="46.5448041" lon="2.3514367">
        <ele>230.17337409120185</ele>
      </trkpt>
      <trkpt lat="46.5445609" lon="2.3515625">
        <ele>229.375</ele>
      </trkpt>
      <trkpt lat="46.5444508" lon="2.3511654">
        <ele>230.0</ele>
      </trkpt>
      <trkpt lat="46.5443212" lon="2.3507262">
        <ele>230.17111850240164</ele>
      </trkpt>
      <trkpt lat="46.5442722" lon="2.3505895">
        <ele>230.5443062239948</ele>
      </trkpt>
      <trkpt lat="46.5441997" lon="2.3504413">
        <ele>231.29239999999982</ele>
      </trkpt>
      <trkpt lat="46.5441243" lon="2.3503337">
        <ele>231.92049467359942</ele>
      </trkpt>
      <trkpt lat="46.5438176" lon="2.350023">
        <ele>233.66055999998866</ele>
      </trkpt>
      <trkpt lat="46.5435225" lon="2.349728">
        <ele>233.97920000000067</ele>
      </trkpt>
      <trkpt lat="46.5433195" lon="2.3496368">
        <ele>235.2645655039956</ele>
      </trkpt>
      <trkpt lat="46.5430797" lon="2.3495188">
        <ele>237.1736932544025</ele>
      </trkpt>
      <trkpt lat="46.5429764" lon="2.3494919">
        <ele>237.25120256640298</ele>
      </trkpt>
      <trkpt lat="46.5426443" lon="2.3494598">
        <ele>236.40891999999712</ele>
      </trkpt>
      <trkpt lat="46.5422923" lon="2.349497">
        <ele>235.6216000000004</ele>
      </trkpt>
      <trkpt lat="46.5417905" lon="2.3495614">
        <ele>236.03297963201558</ele>
      </trkpt>
      <trkpt lat="46.5415138" lon="2.3495775">
        <ele>236.53988655999905</ele>
      </trkpt>
      <trkpt lat="46.5413293" lon="2.3495078">
        <ele>236.41061683520599</ele>
      </trkpt>
      <trkpt lat="46.540964" lon="2.3493039">
        <ele>237.2499235840066</ele>
      </trkpt>
      <trkpt lat="46.5406319" lon="2.3490893">
        <ele>237.78300531040563</ele>
      </trkpt>
      <trkpt lat="46.5404788" lon="2.3491016">
        <ele>236.40528000002678</ele>
      </trkpt>
      <trkpt lat="46.5404143" lon="2.3492148">
        <ele>235.12788000002138</ele>
      </trkpt>
      <trkpt lat="46.5403205" lon="2.3491918">
        <ele>234.28044000000136</ele>
      </trkpt>
      <trkpt lat="46.5402256" lon="2.3491847">
        <ele>233.50667457279673</ele>
      </trkpt>
      <trkpt lat="46.540096" lon="2.3492212">
        <ele>232.4270318079889</ele>
      </trkpt>
      <trkpt lat="46.5400688" lon="2.3492613">
        <ele>232.07030037760055</ele>
      </trkpt>
      <trkpt lat="46.5399867" lon="2.3495817">
        <ele>230.5295384656003</ele>
      </trkpt>
      <trkpt lat="46.5398612" lon="2.3500071">
        <ele>230.4868918208106</ele>
      </trkpt>
      <trkpt lat="46.5397786" lon="2.3501947">
        <ele>230.65478127681078</ele>
      </trkpt>
      <trkpt lat="46.5396777" lon="2.3503288">
        <ele>231.32056000001012</ele>
      </trkpt>
      <trkpt lat="46.5395338" lon="2.35042">
        <ele>232.35663999999315</ele>
      </trkpt>
      <trkpt lat="46.5393567" lon="2.3504468">
        <ele>233.823966662409</ele>
      </trkpt>
      <trkpt lat="46.5391427" lon="2.3504575">
        <ele>235.81956000000537</ele>
      </trkpt>
      <trkpt lat="46.5388512" lon="2.3504146">
        <ele>237.5593905407943</ele>
      </trkpt>
      <trkpt lat="46.5386039" lon="2.3503127">
        <ele>237.20278369118773</ele>
      </trkpt>
      <trkpt lat="46.5383018" lon="2.3501982">
        <ele>234.79451879040138</ele>
      </trkpt>
      <trkpt lat="46.5382417" lon="2.3501693">
        <ele>234.81053526239987</ele>
      </trkpt>
      <trkpt lat="46.5381525" lon="2.3501609">
        <ele>234.9563252399957</ele>
      </trkpt>
      <trkpt lat="46.5378478" lon="2.3502488">
        <ele>237.28719999998975</ele>
      </trkpt>
      <trkpt lat="46.5374932" lon="2.3502969">
        <ele>239.13768000000027</ele>
      </trkpt>
      <trkpt lat="46.5373969" lon="2.3503067">
        <ele>239.20823999999993</ele>
      </trkpt>
      <trkpt lat="46.5372783" lon="2.3502608">
        <ele>238.92654109440085</ele>
      </trkpt>
      <trkpt lat="46.5372108" lon="2.3501876">
        <ele>238.71648000001096</ele>
      </trkpt>
      <trkpt lat="46.53714" lon="2.3500855">
        <ele>238.60379999999736</ele>
      </trkpt>
      <trkpt lat="46.5370667" lon="2.3499124">
        <ele>238.5976475136182</ele>
      </trkpt>
      <trkpt lat="46.5369611" lon="2.3497675">
        <ele>239.67666696000776</ele>
      </trkpt>
      <trkpt lat="46.5368255" lon="2.349612">
        <ele>241.3160000000139</ele>
      </trkpt>
      <trkpt lat="46.536594" lon="2.3494458">
        <ele>243.2690332159955</ele>
      </trkpt>
      <trkpt lat="46.5365247" lon="2.3494131">
        <ele>243.1725599999968</ele>
      </trkpt>
      <trkpt lat="46.5363857" lon="2.3494403">
        <ele>243.98968000003424</ele>
      </trkpt>
      <trkpt lat="46.5362374" lon="2.3495277">
        <ele>246.53524000002608</ele>
      </trkpt>
      <trkpt lat="46.5360792" lon="2.3496553">
        <ele>249.5346768895717</ele>
      </trkpt>
      <trkpt lat="46.5357904" lon="2.3500305">
        <ele>255.39113068798622</ele>
      </trkpt>
      <trkpt lat="46.5354507" lon="2.3504377">
        <ele>259.95320000000606</ele>
      </trkpt>
      <trkpt lat="46.5350908" lon="2.3508458">
        <ele>263.36177925120757</ele>
      </trkpt>
      <trkpt lat="46.5349042" lon="2.3511292">
        <ele>265.02245858559996</ele>
      </trkpt>
      <trkpt lat="46.5347082" lon="2.3514841">
        <ele>266.0346050496069</ele>
      </trkpt>
      <trkpt lat="46.5345257" lon="2.3517925">
        <ele>267.86795999997753</ele>
      </trkpt>
      <trkpt lat="46.5343505" lon="2.3521204">
        <ele>269.0</ele>
      </trkpt>
      <trkpt lat="46.5341769" lon="2.3525224">
        <ele>268.99702922240044</ele>
      </trkpt>
      <trkpt lat="46.5339634" lon="2.3530276">
        <ele>269.3148886527932</ele>
      </trkpt>
      <trkpt lat="46.5338002" lon="2.3534229">
        <ele>268.8802972863899</ele>
      </trkpt>
      <trkpt lat="46.5336641" lon="2.3537045">
        <ele>269.02738648796475</ele>
      </trkpt>
      <trkpt lat="46.5334927" lon="2.3539263">
        <ele>271.0739886096616</ele>
      </trkpt>
      <trkpt lat="46.5332203" lon="2.3542425">
        <ele>272.9720091599849</ele>
      </trkpt>
      <trkpt lat="46.5329673" lon="2.354527">
        <ele>273.1888527679942</ele>
      </trkpt>
      <trkpt lat="46.5327889" lon="2.3547422">
        <ele>274.9918400000008</ele>
      </trkpt>
      <trkpt lat="46.5327055" lon="2.3547111">
        <ele>275.19053840800393</ele>
      </trkpt>
      <trkpt lat="46.5323696" lon="2.3546897">
        <ele>275.4134800000104</ele>
      </trkpt>
      <trkpt lat="46.5320818" lon="2.3546682">
        <ele>273.7944800000016</ele>
      </trkpt>
      <trkpt lat="46.5319305" lon="2.354639">
        <ele>272.6000000000108</ele>
      </trkpt>
      <trkpt lat="46.531757" lon="2.3546307">
        <ele>271.32091999999216</ele>
      </trkpt>
      <trkpt lat="46.5316205" lon="2.354636">
        <ele>270.5749884800067</ele>
      </trkpt>
      <trkpt lat="46.5314839" lon="2.3546843">
        <ele>270.2953446991934</ele>
      </trkpt>
      <trkpt lat="46.5313068" lon="2.354754">
        <ele>269.96619251200144</ele>
      </trkpt>
      <trkpt lat="46.5311555" lon="2.3548023">
        <ele>269.75778714399746</ele>
      </trkpt>
      <trkpt lat="46.5310226" lon="2.3548184">
        <ele>269.97239999999965</ele>
      </trkpt>
      <trkpt lat="46.530875" lon="2.3548184">
        <ele>270.50375999999324</ele>
      </trkpt>
      <trkpt lat="46.5306979" lon="2.3547677">
        <ele>271.81140000000096</ele>
      </trkpt>
      <trkpt lat="46.5305059" lon="2.3546628">
        <ele>273.1787599999948</ele>
      </trkpt>
      <trkpt lat="46.5302255" lon="2.3545234">
        <ele>274.0</ele>
      </trkpt>
      <trkpt lat="46.5300409" lon="2.3544161">
        <ele>273.9849756303988</ele>
      </trkpt>
      <trkpt lat="46.5299007" lon="2.3543356">
        <ele>274.357480000004</ele>
      </trkpt>
      <trkpt lat="46.5297715" lon="2.3542712">
        <ele>274.82259999999087</ele>
      </trkpt>
      <trkpt lat="46.5293471" lon="2.3540703">
        <ele>275.35043999999107</ele>
      </trkpt>
      <trkpt lat="46.5291257" lon="2.3539631">
        <ele>276.1080792431957</ele>
      </trkpt>
      <trkpt lat="46.5288784" lon="2.3538826">
        <ele>276.96224000001257</ele>
      </trkpt>
      <trkpt lat="46.5286939" lon="2.3538343">
        <ele>276.2980400000015</ele>
      </trkpt>
      <trkpt lat="46.528454" lon="2.3537968">
        <ele>276.0</ele>
      </trkpt>
      <trkpt lat="46.5279815" lon="2.3537109">
        <ele>275.53319999997984</ele>
      </trkpt>
      <trkpt lat="46.5277417" lon="2.3536787">
        <ele>277.12987999999996</ele>
      </trkpt>
      <trkpt lat="46.5275128" lon="2.353668">
        <ele>277.953920000012</ele>
      </trkpt>
      <trkpt lat="46.5270146" lon="2.3536948">
        <ele>276.505120000008</ele>
      </trkpt>
      <trkpt lat="46.5267526" lon="2.3537131">
        <ele>273.67450461762274</ele>
      </trkpt>
      <trkpt lat="46.5265495" lon="2.3536948">
        <ele>271.5603999040152</ele>
      </trkpt>
      <trkpt lat="46.5262727" lon="2.3536841">
        <ele>270.0</ele>
      </trkpt>
      <trkpt lat="46.5260217" lon="2.3536734">
        <ele>270.9656399999876</ele>
      </trkpt>
      <trkpt lat="46.5257302" lon="2.3536865">
        <ele>274.48512000002665</ele>
      </trkpt>
      <trkpt lat="46.5256342" lon="2.3536973">
        <ele>275.86752000001525</ele>
      </trkpt>
      <trkpt lat="46.5255345" lon="2.3537133">
        <ele>277.1516000000065</ele>
      </trkpt>
      <trkpt lat="46.525457" lon="2.353708">
        <ele>277.70959999997876</ele>
      </trkpt>
      <trkpt lat="46.52535" lon="2.3536865">
        <ele>278.47999999997774</ele>
      </trkpt>
      <trkpt lat="46.5252319" lon="2.353649">
        <ele>279.0</ele>
      </trkpt>
      <trkpt lat="46.5250806" lon="2.3535792">
        <ele>278.8851199999999</ele>
      </trkpt>
      <trkpt lat="46.5249809" lon="2.3535417">
        <ele>278.73293825120265</ele>
      </trkpt>
      <trkpt lat="46.5246007" lon="2.3534183">
        <ele>277.0404636176027</ele>
      </trkpt>
      <trkpt lat="46.5243719" lon="2.3533325">
        <ele>275.4724634799892</ele>
      </trkpt>
      <trkpt lat="46.5241541" lon="2.3532305">
        <ele>273.5845599999891</ele>
      </trkpt>
      <trkpt lat="46.5237223" lon="2.3530106">
        <ele>272.5349386847883</ele>
      </trkpt>
      <trkpt lat="46.5232839" lon="2.3527976">
        <ele>274.17795999999043</ele>
      </trkpt>
      <trkpt lat="46.5231742" lon="2.3527798">
        <ele>274.5728800000011</ele>
      </trkpt>
      <trkpt lat="46.5230616" lon="2.3527907">
        <ele>274.9782400000058</ele>
      </trkpt>
      <trkpt lat="46.5225448" lon="2.3528658">
        <ele>278.6774400000104</ele>
      </trkpt>
      <trkpt lat="46.5213083" lon="2.3530803">
        <ele>282.6466438896043</ele>
      </trkpt>
      <trkpt lat="46.5204224" lon="2.3532174">
        <ele>285.5413599999929</ele>
      </trkpt>
      <trkpt lat="46.5195439" lon="2.3533622">
        <ele>293.6419599999922</ele>
      </trkpt>
      <trkpt lat="46.5189201" lon="2.3533998">
        <ele>296.10003449918884</ele>
      </trkpt>
      <trkpt lat="46.5181338" lon="2.3534588">
        <ele>299.45167999999944</ele>
      </trkpt>
      <trkpt lat="46.5172516" lon="2.3535124">
        <ele>302.43311999998855</ele>
      </trkpt>
      <trkpt lat="46.516864" lon="2.3535339">
        <ele>303.7220399999999</ele>
      </trkpt>
      <trkpt lat="46.5166277" lon="2.3535232">
        <ele>303.8237999999976</ele>
      </trkpt>
      <trkpt lat="46.5163139" lon="2.3534803">
        <ele>305.1961295631996</ele>
      </trkpt>
      <trkpt lat="46.5160666" lon="2.3534373">
        <ele>307.78151611836427</ele>
      </trkpt>
      <trkpt lat="46.5155941" lon="2.3533032">
        <ele>314.8008546303897</ele>
      </trkpt>
      <trkpt lat="46.5154132" lon="2.3532389">
        <ele>315.85244000000876</ele>
      </trkpt>
      <trkpt lat="46.5152877" lon="2.3531906">
        <ele>316.4781199999934</ele>
      </trkpt>
      <trkpt lat="46.5151563" lon="2.3531123">
        <ele>316.79572000000053</ele>
      </trkpt>
      <trkpt lat="46.5149804" lon="2.3529367">
        <ele>317.4984400000044</ele>
      </trkpt>
      <trkpt lat="46.5147787" lon="2.3527625">
        <ele>318.7966799999972</ele>
      </trkpt>
      <trkpt lat="46.5146171" lon="2.3526276">
        <ele>319.20459980159535</ele>
      </trkpt>
      <trkpt lat="46.5140104" lon="2.3521738">
        <ele>322.0</ele>
      </trkpt>
      <trkpt lat="46.5139218" lon="2.3520987">
        <ele>322.0</ele>
      </trkpt>
      <trkpt lat="46.5138664" lon="2.3520772">
        <ele>322.0</ele>
      </trkpt>
      <trkpt lat="46.5138295" lon="2.3520826">
        <ele>322.0</ele>
      </trkpt>
      <trkpt lat="46.5137926" lon="2.3521201">
        <ele>322.0</ele>
      </trkpt>
      <trkpt lat="46.5137409" lon="2.3522006">
        <ele>322.0</ele>
      </trkpt>
      <trkpt lat="46.5135341" lon="2.35256">
        <ele>322.277239999996</ele>
      </trkpt>
      <trkpt lat="46.5134271" lon="2.3527692">
        <ele>322.6624399999955</ele>
      </trkpt>
      <trkpt lat="46.5133976" lon="2.3528175">
        <ele>322.6587244800076</ele>
      </trkpt>
      <trkpt lat="46.5133526" lon="2.3528967">
        <ele>322.532214403205</ele>
      </trkpt>
      <trkpt lat="46.5126463" lon="2.3520832">
        <ele>324.4733199999996</ele>
      </trkpt>
      <trkpt lat="46.512249" lon="2.3516236">
        <ele>325.0</ele>
      </trkpt>
      <trkpt lat="46.5118397" lon="2.3511091">
        <ele>326.3770799999893</ele>
      </trkpt>
      <trkpt lat="46.5113888" lon="2.3504662">
        <ele>327.00021706240284</ele>
      </trkpt>
      <trkpt lat="46.5111093" lon="2.3500677">
        <ele>326.2437199999995</ele>
      </trkpt>
      <trkpt lat="46.5105101" lon="2.3491196">
        <ele>324.9942000000078</ele>
      </trkpt>
      <trkpt lat="46.5100321" lon="2.3485724">
        <ele>325.86833555841434</ele>
      </trkpt>
      <trkpt lat="46.509954" lon="2.3485034">
        <ele>326.16559999999845</ele>
      </trkpt>
      <trkpt lat="46.510532" lon="2.3469962">
        <ele>319.3559200000161</ele>
      </trkpt>
      <trkpt lat="46.5107835" lon="2.3463397">
        <ele>317.3587999999836</ele>
      </trkpt>
      <trkpt lat="46.511133" lon="2.3451445">
        <ele>314.3600082399949</ele>
      </trkpt>
      <trkpt lat="46.5112183" lon="2.3444261">
        <ele>315.0</ele>
      </trkpt>
      <trkpt lat="46.5116735" lon="2.3428348">
        <ele>313.17563011199724</ele>
      </trkpt>
      <trkpt lat="46.5117735" lon="2.342485">
        <ele>311.6486316000123</ele>
      </trkpt>
      <trkpt lat="46.511679" lon="2.3422092">
        <ele>312.9132814719938</ele>
      </trkpt>
      <trkpt lat="46.5111172" lon="2.3413157">
        <ele>316.95615999999245</ele>
      </trkpt>
      <trkpt lat="46.5107815" lon="2.3409872">
        <ele>320.01035852799725</ele>
      </trkpt>
      <trkpt lat="46.5103726" lon="2.3403448">
        <ele>320.79928668164274</ele>
      </trkpt>
      <trkpt lat="46.5098872" lon="2.3400791">
        <ele>321.85996465919663</ele>
      </trkpt>
      <trkpt lat="46.5098041" lon="2.3398376">
        <ele>320.1236484864055</ele>
      </trkpt>
      <trkpt lat="46.5090429" lon="2.3391662">
        <ele>311.88608000002205</ele>
      </trkpt>
      <trkpt lat="46.508983" lon="2.3384224">
        <ele>304.51448716799496</ele>
      </trkpt>
      <trkpt lat="46.5096926" lon="2.3385179">
        <ele>307.78004000000533</ele>
      </trkpt>
      <trkpt lat="46.5104153" lon="2.3381515">
        <ele>306.1710006319977</ele>
      </trkpt>
      <trkpt lat="46.5111117" lon="2.3377741">
        <ele>305.98251999999434</ele>
      </trkpt>
      <trkpt lat="46.5114655" lon="2.3371396">
        <ele>301.4267600000003</ele>
      </trkpt>
      <trkpt lat="46.5117704" lon="2.3368388">
        <ele>299.6196800000007</ele>
      </trkpt>
      <trkpt lat="46.5121936" lon="2.3364625">
        <ele>299.3996544000159</ele>
      </trkpt>
      <trkpt lat="46.5122787" lon="2.3364269">
        <ele>299.4770000000126</ele>
      </trkpt>
      <trkpt lat="46.5125477" lon="2.3364269">
        <ele>300.4219018351982</ele>
      </trkpt>
      <trkpt lat="46.5121109" lon="2.3362124">
        <ele>297.3285200000114</ele>
      </trkpt>
      <trkpt lat="46.511662" lon="2.3360302">
        <ele>296.4391335039956</ele>
      </trkpt>
      <trkpt lat="46.5110088" lon="2.3357011">
        <ele>296.89228000000367</ele>
      </trkpt>
      <trkpt lat="46.5107399" lon="2.3355248">
        <ele>297.11492000000953</ele>
      </trkpt>
      <trkpt lat="46.5099714" lon="2.3347638">
        <ele>291.5833089472014</ele>
      </trkpt>
      <trkpt lat="46.5095367" lon="2.3343231">
        <ele>287.6894800000025</ele>
      </trkpt>
      <trkpt lat="46.5092657" lon="2.3342996">
        <ele>288.10675242239904</ele>
      </trkpt>
      <trkpt lat="46.5087055" lon="2.3336649">
        <ele>280.2799199999606</ele>
      </trkpt>
      <trkpt lat="46.5086813" lon="2.3334328">
        <ele>276.69571999998925</ele>
      </trkpt>
      <trkpt lat="46.5087925" lon="2.3332183">
        <ele>275.62549891997816</ele>
      </trkpt>
      <trkpt lat="46.5088787" lon="2.3331978">
        <ele>276.4306907167624</ele>
      </trkpt>
      <trkpt lat="46.5088214" lon="2.3331437">
        <ele>274.8693917984219</ele>
      </trkpt>
      <trkpt lat="46.5087107" lon="2.3330766">
        <ele>272.9500444256142</ele>
      </trkpt>
      <trkpt lat="46.5085796" lon="2.333334">
        <ele>273.78217548797755</ele>
      </trkpt>
      <trkpt lat="46.5084836" lon="2.3335486">
        <ele>275.4702847231752</ele>
      </trkpt>
      <trkpt lat="46.5084171" lon="2.3336612">
        <ele>275.87314270083414</ele>
      </trkpt>
      <trkpt lat="46.5083878" lon="2.3338846">
        <ele>278.5295074752172</ele>
      </trkpt>
      <trkpt lat="46.5081552" lon="2.3343996">
        <ele>283.31840000000784</ele>
      </trkpt>
      <trkpt lat="46.5080776" lon="2.3344801">
        <ele>284.1773599999992</ele>
      </trkpt>
      <trkpt lat="46.5079558" lon="2.3341421">
        <ele>283.6187200000427</ele>
      </trkpt>
      <trkpt lat="46.5079263" lon="2.3340241">
        <ele>283.3001199999794</ele>
      </trkpt>
      <trkpt lat="46.5078007" lon="2.3335359">
        <ele>280.77512000005504</ele>
      </trkpt>
      <trkpt lat="46.5077158" lon="2.3332355">
        <ele>279.5276514080028</ele>
      </trkpt>
      <trkpt lat="46.5076235" lon="2.3330961">
        <ele>279.4999585519919</ele>
      </trkpt>
      <trkpt lat="46.507531" lon="2.3330711">
        <ele>279.98190459200083</ele>
      </trkpt>
      <trkpt lat="46.5072949" lon="2.3334179">
        <ele>284.9289726368003</ele>
      </trkpt>
      <trkpt lat="46.5071472" lon="2.3334448">
        <ele>284.3273599999807</ele>
      </trkpt>
      <trkpt lat="46.5067409" lon="2.3335217">
        <ele>280.84526236636583</ele>
      </trkpt>
      <trkpt lat="46.5066746" lon="2.3336271">
        <ele>281.40532782715354</ele>
      </trkpt>
      <trkpt lat="46.5065341" lon="2.3337578">
        <ele>281.95665910083926</ele>
      </trkpt>
      <trkpt lat="46.5062759" lon="2.334185">
        <ele>284.70295999998234</ele>
      </trkpt>
      <trkpt lat="46.5061614" lon="2.3343031">
        <ele>285.1799600000502</ele>
      </trkpt>
      <trkpt lat="46.5060063" lon="2.3343406">
        <ele>283.8577826912337</ele>
      </trkpt>
      <trkpt lat="46.5057885" lon="2.3344533">
        <ele>283.29893086402114</ele>
      </trkpt>
      <trkpt lat="46.505663" lon="2.3344103">
        <ele>280.27185454397335</ele>
      </trkpt>
      <trkpt lat="46.5051608" lon="2.3345337">
        <ele>278.86415999999736</ele>
      </trkpt>
      <trkpt lat="46.5050057" lon="2.334523">
        <ele>278.1517199999921</ele>
      </trkpt>
      <trkpt lat="46.5049097" lon="2.3346142">
        <ele>278.99298288959267</ele>
      </trkpt>
      <trkpt lat="46.5047286" lon="2.3346053">
        <ele>277.9280243232041</ele>
      </trkpt>
      <trkpt lat="46.504559" lon="2.3346678">
        <ele>278.19056777600326</ele>
      </trkpt>
      <trkpt lat="46.5044187" lon="2.3346786">
        <ele>277.4224344672239</ele>
      </trkpt>
      <trkpt lat="46.5041637" lon="2.3346161">
        <ele>274.6195205615999</ele>
      </trkpt>
      <trkpt lat="46.5040494" lon="2.3346947">
        <ele>274.6042428383988</ele>
      </trkpt>
      <trkpt lat="46.5040262" lon="2.3347911">
        <ele>274.61689158719275</ele>
      </trkpt>
      <trkpt lat="46.5039977" lon="2.3349092">
        <ele>274.65539456639567</ele>
      </trkpt>
      <trkpt lat="46.5040347" lon="2.3350755">
        <ele>274.90716674398976</ele>
      </trkpt>
      <trkpt lat="46.5040901" lon="2.335215">
        <ele>274.8880653599964</ele>
      </trkpt>
      <trkpt lat="46.5040864" lon="2.335392">
        <ele>274.41866035199655</ele>
      </trkpt>
      <trkpt lat="46.5041381" lon="2.3357461">
        <ele>274.0</ele>
      </trkpt>
      <trkpt lat="46.504079" lon="2.3358373">
        <ele>274.02329353600084</ele>
      </trkpt>
      <trkpt lat="46.5040236" lon="2.3358426">
        <ele>274.0677234688002</ele>
      </trkpt>
      <trkpt lat="46.5038316" lon="2.3357997">
        <ele>274.0</ele>
      </trkpt>
      <trkpt lat="46.5036544" lon="2.3358212">
        <ele>274.0</ele>
      </trkpt>
      <trkpt lat="46.5035436" lon="2.3358266">
        <ele>274.0</ele>
      </trkpt>
      <trkpt lat="46.5031779" lon="2.3360698">
        <ele>273.8985955263826</ele>
      </trkpt>
      <trkpt lat="46.5028974" lon="2.3361913">
        <ele>274.43539999999143</ele>
      </trkpt>
      <trkpt lat="46.5025686" lon="2.3362522">
        <ele>275.5237600000014</ele>
      </trkpt>
      <trkpt lat="46.5023803" lon="2.3363595">
        <ele>275.91194267199086</ele>
      </trkpt>
      <trkpt lat="46.5022621" lon="2.3365365">
        <ele>276.42620778402465</ele>
      </trkpt>
      <trkpt lat="46.5022326" lon="2.3368745">
        <ele>277.8602799999917</ele>
      </trkpt>
      <trkpt lat="46.502218" lon="2.3372642">
        <ele>277.9262970239854</ele>
      </trkpt>
      <trkpt lat="46.502155" lon="2.3377113">
        <ele>277.60859544003273</ele>
      </trkpt>
      <trkpt lat="46.5021809" lon="2.3380118">
        <ele>278.97335267517946</ele>
      </trkpt>
      <trkpt lat="46.5021255" lon="2.3386556">
        <ele>277.9665677119634</ele>
      </trkpt>
      <trkpt lat="46.5021421" lon="2.3388916">
        <ele>278.56756000000723</ele>
      </trkpt>
      <trkpt lat="46.5021476" lon="2.3391303">
        <ele>279.52588000001197</ele>
      </trkpt>
      <trkpt lat="46.5021199" lon="2.3394522">
        <ele>280.17876922234234</ele>
      </trkpt>
      <trkpt lat="46.5020516" lon="2.3397043">
        <ele>280.0780184704174</ele>
      </trkpt>
      <trkpt lat="46.5020084" lon="2.3397754">
        <ele>280.02952285441205</ele>
      </trkpt>
      <trkpt lat="46.5019409" lon="2.3398867">
        <ele>280.1535154512091</ele>
      </trkpt>
      <trkpt lat="46.5018356" lon="2.3399699">
        <ele>279.9571402175961</ele>
      </trkpt>
      <trkpt lat="46.5017175" lon="2.3399806">
        <ele>279.16926071998637</ele>
      </trkpt>
      <trkpt lat="46.5015938" lon="2.3398116">
        <ele>276.5341518336116</ele>
      </trkpt>
      <trkpt lat="46.5014738" lon="2.3396882">
        <ele>276.08120376320386</ele>
      </trkpt>
      <trkpt lat="46.5013888" lon="2.3396587">
        <ele>277.28647999999566</ele>
      </trkpt>
      <trkpt lat="46.501363" lon="2.3396815">
        <ele>276.37279999998555</ele>
      </trkpt>
      <trkpt lat="46.5013547" lon="2.3397124">
        <ele>275.2305200000087</ele>
      </trkpt>
      <trkpt lat="46.5013261" lon="2.3397177">
        <ele>274.9367600000005</ele>
      </trkpt>
      <trkpt lat="46.5012679" lon="2.3398076">
        <ele>274.8718000000067</ele>
      </trkpt>
      <trkpt lat="46.5012651" lon="2.3398894">
        <ele>275.15619999999217</ele>
      </trkpt>
      <trkpt lat="46.5012504" lon="2.3399417">
        <ele>275.29156000001194</ele>
      </trkpt>
      <trkpt lat="46.5012651" lon="2.3400798">
        <ele>276.00089654078823</ele>
      </trkpt>
      <trkpt lat="46.5012393" lon="2.3402622">
        <ele>276.84100020161316</ele>
      </trkpt>
      <trkpt lat="46.5012543" lon="2.340558">
        <ele>277.55977622399405</ele>
      </trkpt>
      <trkpt lat="46.5012227" lon="2.3407584">
        <ele>278.2287520127938</ele>
      </trkpt>
      <trkpt lat="46.5011617" lon="2.3408657">
        <ele>277.9827406223606</ele>
      </trkpt>
      <trkpt lat="46.5009365" lon="2.3412064">
        <ele>277.92768505601913</ele>
      </trkpt>
      <trkpt lat="46.5006762" lon="2.34137">
        <ele>278.50661247999614</ele>
      </trkpt>
      <trkpt lat="46.5006226" lon="2.3413405">
        <ele>278.67455017600065</ele>
      </trkpt>
      <trkpt lat="46.5005672" lon="2.34126">
        <ele>278.91917824000683</ele>
      </trkpt>
      <trkpt lat="46.5005635" lon="2.3411769">
        <ele>278.92774724801467</ele>
      </trkpt>
      <trkpt lat="46.5006005" lon="2.3410454">
        <ele>279.5442983680375</ele>
      </trkpt>
      <trkpt lat="46.5006392" lon="2.3408443">
        <ele>281.7423128703514</ele>
      </trkpt>
      <trkpt lat="46.5006302" lon="2.3405419">
        <ele>285.8861897247031</ele>
      </trkpt>
      <trkpt lat="46.5005638" lon="2.3403863">
        <ele>288.35379538234025</ele>
      </trkpt>
      <trkpt lat="46.5004805" lon="2.3402676">
        <ele>290.9280399999525</ele>
      </trkpt>
      <trkpt lat="46.5004269" lon="2.340163">
        <ele>292.6553199999794</ele>
      </trkpt>
      <trkpt lat="46.5004325" lon="2.3400235">
        <ele>293.01639999994245</ele>
      </trkpt>
      <trkpt lat="46.5005453" lon="2.3395119">
        <ele>290.2304856528256</ele>
      </trkpt>
      <trkpt lat="46.5005453" lon="2.3391847">
        <ele>291.1220768464203</ele>
      </trkpt>
      <trkpt lat="46.500416" lon="2.3384766">
        <ele>289.80743782396416</ele>
      </trkpt>
      <trkpt lat="46.5002425" lon="2.3382352">
        <ele>291.6744400000141</ele>
      </trkpt>
      <trkpt lat="46.5001844" lon="2.3380403">
        <ele>290.95355999997855</ele>
      </trkpt>
      <trkpt lat="46.5001354" lon="2.3378758">
        <ele>290.89056000002347</ele>
      </trkpt>
      <trkpt lat="46.5000761" lon="2.3372446">
        <ele>289.53263999999194</ele>
      </trkpt>
      <trkpt lat="46.5000579" lon="2.3362182">
        <ele>283.17707999999357</ele>
      </trkpt>
      <trkpt lat="46.4999358" lon="2.3357802">
        <ele>281.6174399999991</ele>
      </trkpt>
      <trkpt lat="46.4998686" lon="2.335715">
        <ele>281.1479999999997</ele>
      </trkpt>
      <trkpt lat="46.4998289" lon="2.3356764">
        <ele>280.8700800000006</ele>
      </trkpt>
      <trkpt lat="46.4993046" lon="2.3352687">
        <ele>279.47075999999197</ele>
      </trkpt>
      <trkpt lat="46.4989683" lon="2.3351364">
        <ele>279.1275814848031</ele>
      </trkpt>
      <trkpt lat="46.4988799" lon="2.3352096">
        <ele>279.46881756159513</ele>
      </trkpt>
      <trkpt lat="46.4987802" lon="2.3355154">
        <ele>281.133593126402</ele>
      </trkpt>
      <trkpt lat="46.4986473" lon="2.3356173">
        <ele>282.507601361592</ele>
      </trkpt>
      <trkpt lat="46.498599" lon="2.3356895">
        <ele>283.4255760799975</ele>
      </trkpt>
      <trkpt lat="46.4985294" lon="2.3356631">
        <ele>283.0475930144046</ele>
      </trkpt>
      <trkpt lat="46.4982284" lon="2.3353761">
        <ele>281.7074880703796</ele>
      </trkpt>
      <trkpt lat="46.4980567" lon="2.3350917">
        <ele>280.9780000000069</ele>
      </trkpt>
      <trkpt lat="46.4980198" lon="2.3347699">
        <ele>277.87898649918316</ele>
      </trkpt>
      <trkpt lat="46.4979847" lon="2.3344239">
        <ele>275.6724142831632</ele>
      </trkpt>
      <trkpt lat="46.4979288" lon="2.3342325">
        <ele>275.2577878400262</ele>
      </trkpt>
      <trkpt lat="46.4978365" lon="2.3341145">
        <ele>275.69630276000873</ele>
      </trkpt>
      <trkpt lat="46.4976962" lon="2.3340501">
        <ele>276.6345602495991</ele>
      </trkpt>
      <trkpt lat="46.4975046" lon="2.3340591">
        <ele>278.1886653888078</ele>
      </trkpt>
      <trkpt lat="46.4974049" lon="2.3339947">
        <ele>278.44656000000396</ele>
      </trkpt>
      <trkpt lat="46.4972074" lon="2.3337641">
        <ele>278.15487999999596</ele>
      </trkpt>
      <trkpt lat="46.4968695" lon="2.3334583">
        <ele>277.4393599999835</ele>
      </trkpt>
      <trkpt lat="46.4966461" lon="2.3333805">
        <ele>278.56172000000606</ele>
      </trkpt>
      <trkpt lat="46.4964359" lon="2.3333771">
        <ele>280.8073999999824</ele>
      </trkpt>
      <trkpt lat="46.49632" lon="2.3334162">
        <ele>281.8446400000089</ele>
      </trkpt>
      <trkpt lat="46.49616" lon="2.3334224">
        <ele>282.4652799999876</ele>
      </trkpt>
      <trkpt lat="46.49599" lon="2.3334268">
        <ele>281.5116652799893</ele>
      </trkpt>
      <trkpt lat="46.4959463" lon="2.3334073">
        <ele>280.9105892496014</ele>
      </trkpt>
      <trkpt lat="46.4957531" lon="2.3334427">
        <ele>279.3760358304174</ele>
      </trkpt>
      <trkpt lat="46.4955493" lon="2.3334395">
        <ele>277.4219342879971</ele>
      </trkpt>
      <trkpt lat="46.4953646" lon="2.3334395">
        <ele>278.59511913598595</ele>
      </trkpt>
      <trkpt lat="46.4951597" lon="2.3333912">
        <ele>281.17543999995337</ele>
      </trkpt>
      <trkpt lat="46.495066" lon="2.333311">
        <ele>282.22970911997334</ele>
      </trkpt>
      <trkpt lat="46.4949687" lon="2.3331396">
        <ele>280.929427539184</ele>
      </trkpt>
      <trkpt lat="46.4947793" lon="2.3327958">
        <ele>278.62974845762585</ele>
      </trkpt>
      <trkpt lat="46.4946515" lon="2.3325394">
        <ele>277.5382799999875</ele>
      </trkpt>
      <trkpt lat="46.4945622" lon="2.33236">
        <ele>276.27773568000475</ele>
      </trkpt>
      <trkpt lat="46.4944765" lon="2.3322503">
        <ele>275.291575368002</ele>
      </trkpt>
      <trkpt lat="46.4943221" lon="2.3321286">
        <ele>274.76636000000644</ele>
      </trkpt>
      <trkpt lat="46.4941064" lon="2.3319692">
        <ele>275.243704524806</ele>
      </trkpt>
      <trkpt lat="46.4940068" lon="2.3318374">
        <ele>276.87759999998116</ele>
      </trkpt>
      <trkpt lat="46.4939214" lon="2.3316617">
        <ele>278.4189853504378</ele>
      </trkpt>
      <trkpt lat="46.49388" lon="2.33143">
        <ele>279.1054720000335</ele>
      </trkpt>
      <trkpt lat="46.49384" lon="2.3312029">
        <ele>279.2923148800075</ele>
      </trkpt>
      <trkpt lat="46.4938076" lon="2.3310326">
        <ele>278.72736000001123</ele>
      </trkpt>
      <trkpt lat="46.4937407" lon="2.3309215">
        <ele>278.1682800000135</ele>
      </trkpt>
      <trkpt lat="46.4936677" lon="2.3308366">
        <ele>277.81979999998885</ele>
      </trkpt>
      <trkpt lat="46.4935702" lon="2.330763">
        <ele>277.8295199999932</ele>
      </trkpt>
      <trkpt lat="46.4933515" lon="2.3306134">
        <ele>279.3631199999577</ele>
      </trkpt>
      <trkpt lat="46.4931446" lon="2.3304085">
        <ele>278.45093553599486</ele>
      </trkpt>
      <trkpt lat="46.4928004" lon="2.3301634">
        <ele>277.1764800000001</ele>
      </trkpt>
      <trkpt lat="46.4926552" lon="2.3300855">
        <ele>276.4797740160017</ele>
      </trkpt>
      <trkpt lat="46.4924608" lon="2.3299806">
        <ele>276.00143999998636</ele>
      </trkpt>
      <trkpt lat="46.4923404" lon="2.3299458">
        <ele>276.1843199999878</ele>
      </trkpt>
      <trkpt lat="46.4920474" lon="2.3299239">
        <ele>277.2538594656129</ele>
      </trkpt>
      <trkpt lat="46.4918375" lon="2.3298685">
        <ele>277.7088589999954</ele>
      </trkpt>
      <trkpt lat="46.4917022" lon="2.3297793">
        <ele>277.89836500160345</ele>
      </trkpt>
      <trkpt lat="46.4916266" lon="2.3296921">
        <ele>278.2370386144116</ele>
      </trkpt>
      <trkpt lat="46.4915798" lon="2.3295957">
        <ele>278.6257622944064</ele>
      </trkpt>
      <trkpt lat="46.4915286" lon="2.3294696">
        <ele>278.95445194239943</ele>
      </trkpt>
      <trkpt lat="46.4914884" lon="2.3293156">
        <ele>279.13150791679476</ele>
      </trkpt>
      <trkpt lat="46.4914587" lon="2.3292">
        <ele>279.4376767999832</ele>
      </trkpt>
      <trkpt lat="46.4913683" lon="2.3287662">
        <ele>277.66517732161157</ele>
      </trkpt>
      <trkpt lat="46.4912498" lon="2.3283291">
        <ele>278.03950708161113</ele>
      </trkpt>
      <trkpt lat="46.4911296" lon="2.3279063">
        <ele>281.5712279423989</ele>
      </trkpt>
      <trkpt lat="46.4910581" lon="2.3277137">
        <ele>283.6123600000253</ele>
      </trkpt>
      <trkpt lat="46.490949" lon="2.32752">
        <ele>285.095199999997</ele>
      </trkpt>
      <trkpt lat="46.4908742" lon="2.3273415">
        <ele>284.9672666559963</ele>
      </trkpt>
      <trkpt lat="46.4907903" lon="2.3272158">
        <ele>284.9342217503985</ele>
      </trkpt>
      <trkpt lat="46.4906697" lon="2.3270999">
        <ele>283.93832726880197</ele>
      </trkpt>
      <trkpt lat="46.4903845" lon="2.3268493">
        <ele>283.2732800000092</ele>
      </trkpt>
      <trkpt lat="46.4902883" lon="2.3267578">
        <ele>283.29019999998945</ele>
      </trkpt>
      <trkpt lat="46.490201" lon="2.3266899">
        <ele>283.6364400000068</ele>
      </trkpt>
      <trkpt lat="46.4900273" lon="2.326503">
        <ele>284.6876268479852</ele>
      </trkpt>
      <trkpt lat="46.4899241" lon="2.326392">
        <ele>286.09602028795416</ele>
      </trkpt>
      <trkpt lat="46.4898566" lon="2.3263199">
        <ele>286.936746633559</ele>
      </trkpt>
      <trkpt lat="46.4898212" lon="2.3262822">
        <ele>287.32749538558085</ele>
      </trkpt>
      <trkpt lat="46.4897936" lon="2.3262589">
        <ele>287.6244470016163</ele>
      </trkpt>
      <trkpt lat="46.4898003" lon="2.3262383">
        <ele>287.4859390896142</ele>
      </trkpt>
      <trkpt lat="46.4898611" lon="2.3260665">
        <ele>286.3395200000127</ele>
      </trkpt>
      <trkpt lat="46.4899719" lon="2.3257286">
        <ele>283.96458136639495</ele>
      </trkpt>
      <trkpt lat="46.4898886" lon="2.3255024">
        <ele>284.33605698559376</ele>
      </trkpt>
      <trkpt lat="46.4897536" lon="2.3249727">
        <ele>282.39958512639794</ele>
      </trkpt>
      <trkpt lat="46.4897381" lon="2.3247774">
        <ele>280.56185721280593</ele>
      </trkpt>
      <trkpt lat="46.489725" lon="2.3247469">
        <ele>280.2638548000004</ele>
      </trkpt>
      <trkpt lat="46.4896828" lon="2.3247122">
        <ele>280.0516781055986</ele>
      </trkpt>
      <trkpt lat="46.4894817" lon="2.3245796">
        <ele>279.248570291191</ele>
      </trkpt>
      <trkpt lat="46.4893883" lon="2.3244631">
        <ele>277.5415343792177</ele>
      </trkpt>
      <trkpt lat="46.4893355" lon="2.3243556">
        <ele>275.9893212480283</ele>
      </trkpt>
      <trkpt lat="46.4891798" lon="2.3243774">
        <ele>274.6477084992221</ele>
      </trkpt>
      <trkpt lat="46.4890311" lon="2.3244458">
        <ele>274.52421836479317</ele>
      </trkpt>
      <trkpt lat="46.4888316" lon="2.3246563">
        <ele>275.16182487678407</ele>
      </trkpt>
      <trkpt lat="46.4887708" lon="2.3247483">
        <ele>275.37743026558263</ele>
      </trkpt>
      <trkpt lat="46.4887364" lon="2.3249936">
        <ele>277.3923119616017</ele>
      </trkpt>
      <trkpt lat="46.4887267" lon="2.3251235">
        <ele>277.86072000000354</ele>
      </trkpt>
      <trkpt lat="46.4887585" lon="2.3252561">
        <ele>278.4525600000102</ele>
      </trkpt>
      <trkpt lat="46.4887968" lon="2.3253999">
        <ele>279.40201054721405</ele>
      </trkpt>
      <trkpt lat="46.4887728" lon="2.3256064">
        <ele>280.6067360767956</ele>
      </trkpt>
      <trkpt lat="46.4886469" lon="2.3257348">
        <ele>281.110382124798</ele>
      </trkpt>
      <trkpt lat="46.4884964" lon="2.3258071">
        <ele>281.3427199424085</ele>
      </trkpt>
      <trkpt lat="46.4883042" lon="2.3258856">
        <ele>281.7526399999988</ele>
      </trkpt>
      <trkpt lat="46.4882201" lon="2.3259816">
        <ele>283.1350400000001</ele>
      </trkpt>
      <trkpt lat="46.4881226" lon="2.3261627">
        <ele>286.2103892415993</ele>
      </trkpt>
      <trkpt lat="46.4882141" lon="2.3262201">
        <ele>287.2986332127992</ele>
      </trkpt>
      <trkpt lat="46.4879925" lon="2.3264623">
        <ele>294.9849600000571</ele>
      </trkpt>
      <trkpt lat="46.4877735" lon="2.3265022">
        <ele>299.87367606399124</ele>
      </trkpt>
      <trkpt lat="46.4875352" lon="2.3264877">
        <ele>300.6153136767828</ele>
      </trkpt>
      <trkpt lat="46.4873003" lon="2.3265363">
        <ele>300.171447068807</ele>
      </trkpt>
      <trkpt lat="46.4871455" lon="2.3264393">
        <ele>296.334839999912</ele>
      </trkpt>
      <trkpt lat="46.4870904" lon="2.326268">
        <ele>292.00537702398543</ele>
      </trkpt>
      <trkpt lat="46.4869981" lon="2.3263359">
        <ele>290.70854559682846</ele>
      </trkpt>
      <trkpt lat="46.4869631" lon="2.3264126">
        <ele>290.7933599999112</ele>
      </trkpt>
      <trkpt lat="46.4869487" lon="2.3265541">
        <ele>291.9068399999785</ele>
      </trkpt>
      <trkpt lat="46.4869544" lon="2.3267551">
        <ele>294.23038997765445</ele>
      </trkpt>
      <trkpt lat="46.486775" lon="2.3269449">
        <ele>290.5142804000478</ele>
      </trkpt>
      <trkpt lat="46.486758" lon="2.3269941">
        <ele>290.4367037120564</ele>
      </trkpt>
      <trkpt lat="46.4867464" lon="2.3270726">
        <ele>290.8350112256395</ele>
      </trkpt>
      <trkpt lat="46.4867139" lon="2.3271722">
        <ele>290.8507008031438</ele>
      </trkpt>
      <trkpt lat="46.4866749" lon="2.3272239">
        <ele>290.2605638975136</ele>
      </trkpt>
      <trkpt lat="46.4865864" lon="2.3272894">
        <ele>289.74163791360473</ele>
      </trkpt>
      <trkpt lat="46.4865277" lon="2.3273606">
        <ele>289.7423005152567</ele>
      </trkpt>
      <trkpt lat="46.4864696" lon="2.327448">
        <ele>289.83680716799057</ele>
      </trkpt>
      <trkpt lat="46.4864235" lon="2.32761">
        <ele>290.0190000000139</ele>
      </trkpt>
      <trkpt lat="46.4863826" lon="2.3277719">
        <ele>289.88780093758436</ele>
      </trkpt>
      <trkpt lat="46.4863845" lon="2.3278616">
        <ele>290.2480956159968</ele>
      </trkpt>
      <trkpt lat="46.4863519" lon="2.3280012">
        <ele>290.4858865024221</ele>
      </trkpt>
      <trkpt lat="46.486311" lon="2.3280784">
        <ele>290.6498001920027</ele>
      </trkpt>
      <trkpt lat="46.4862573" lon="2.3281037">
        <ele>290.5634103007926</ele>
      </trkpt>
      <trkpt lat="46.4861717" lon="2.3281234">
        <ele>290.30665274239846</ele>
      </trkpt>
      <trkpt lat="46.4861256" lon="2.3281132">
        <ele>289.91275151361003</ele>
      </trkpt>
      <trkpt lat="46.4859424" lon="2.3278776">
        <ele>285.8633599999912</ele>
      </trkpt>
      <trkpt lat="46.4858656" lon="2.3277778">
        <ele>284.2325599999749</ele>
      </trkpt>
      <trkpt lat="46.4858273" lon="2.327663">
        <ele>283.14810940798543</ele>
      </trkpt>
      <trkpt lat="46.485791" lon="2.3275834">
        <ele>282.5089668479975</ele>
      </trkpt>
      <trkpt lat="46.4857536" lon="2.3274551">
        <ele>282.30083143679656</ele>
      </trkpt>
      <trkpt lat="46.4856247" lon="2.3274854">
        <ele>282.17099029439817</ele>
      </trkpt>
      <trkpt lat="46.4855584" lon="2.3274913">
        <ele>282.12431784959676</ele>
      </trkpt>
      <trkpt lat="46.4855163" lon="2.3275009">
        <ele>282.4221284927951</ele>
      </trkpt>
      <trkpt lat="46.4854565" lon="2.3275402">
        <ele>282.8633713920174</ele>
      </trkpt>
      <trkpt lat="46.4854427" lon="2.327521">
        <ele>283.09598092799934</ele>
      </trkpt>
      <trkpt lat="46.4854304" lon="2.3275038">
        <ele>283.3270253568152</ele>
      </trkpt>
      <trkpt lat="46.4854154" lon="2.3274841">
        <ele>283.8292830431914</ele>
      </trkpt>
      <trkpt lat="46.4853758" lon="2.3274062">
        <ele>285.9476384448018</ele>
      </trkpt>
      <trkpt lat="46.4855055" lon="2.3271816">
        <ele>288.01134489595455</ele>
      </trkpt>
      <trkpt lat="46.4856753" lon="2.3270412">
        <ele>287.7740613568546</ele>
      </trkpt>
      <trkpt lat="46.4858431" lon="2.32675">
        <ele>288.5855240000697</ele>
      </trkpt>
      <trkpt lat="46.4860163" lon="2.3265438">
        <ele>287.01814532471883</ele>
      </trkpt>
      <trkpt lat="46.4861068" lon="2.3263445">
        <ele>286.62652028794287</ele>
      </trkpt>
      <trkpt lat="46.4861398" lon="2.3262213">
        <ele>287.0656582208916</ele>
      </trkpt>
      <trkpt lat="46.4861571" lon="2.3261062">
        <ele>287.7403857984076</ele>
      </trkpt>
      <trkpt lat="46.4862499" lon="2.3258819">
        <ele>287.4789541152992</ele>
      </trkpt>
      <trkpt lat="46.4862051" lon="2.3255644">
        <ele>291.2251333824215</ele>
      </trkpt>
      <trkpt lat="46.4861538" lon="2.3253984">
        <ele>292.83070599692235</ele>
      </trkpt>
      <trkpt lat="46.4860908" lon="2.3251462">
        <ele>295.35112000002255</ele>
      </trkpt>
      <trkpt lat="46.4861359" lon="2.3249789">
        <ele>294.25301867037143</ele>
      </trkpt>
      <trkpt lat="46.4861349" lon="2.3248027">
        <ele>296.24962837907776</ele>
      </trkpt>
      <trkpt lat="46.4861405" lon="2.3247203">
        <ele>296.99117213608224</ele>
      </trkpt>
      <trkpt lat="46.486201" lon="2.3246633">
        <ele>296.317482031956</ele>
      </trkpt>
      <trkpt lat="46.4863013" lon="2.3245666">
        <ele>295.4584651231725</ele>
      </trkpt>
      <trkpt lat="46.4863626" lon="2.3244854">
        <ele>295.68619372161277</ele>
      </trkpt>
      <trkpt lat="46.4864233" lon="2.3243739">
        <ele>297.53616000002603</ele>
      </trkpt>
      <trkpt lat="46.4864353" lon="2.3242692">
        <ele>300.3787200000543</ele>
      </trkpt>
      <trkpt lat="46.4864042" lon="2.3241994">
        <ele>302.83679999996457</ele>
      </trkpt>
      <trkpt lat="46.4864523" lon="2.3241121">
        <ele>304.1139233231584</ele>
      </trkpt>
      <trkpt lat="46.4865374" lon="2.3240772">
        <ele>303.644036851157</ele>
      </trkpt>
      <trkpt lat="46.4865755" lon="2.3241107">
        <ele>302.4555542639925</ele>
      </trkpt>
      <trkpt lat="46.4866215" lon="2.3242096">
        <ele>299.4139200000218</ele>
      </trkpt>
      <trkpt lat="46.4867556" lon="2.3243883">
        <ele>293.9371200000128</ele>
      </trkpt>
      <trkpt lat="46.4868905" lon="2.3244799">
        <ele>291.8627446240044</ele>
      </trkpt>
      <trkpt lat="46.4870792" lon="2.3246963">
        <ele>288.1538713983669</ele>
      </trkpt>
      <trkpt lat="46.4871671" lon="2.324923">
        <ele>284.06788000000506</ele>
      </trkpt>
      <trkpt lat="46.4872607" lon="2.3250108">
        <ele>283.15501434240366</ele>
      </trkpt>
      <trkpt lat="46.4873966" lon="2.325056">
        <ele>283.5241635839785</ele>
      </trkpt>
      <trkpt lat="46.4874927" lon="2.3251148">
        <ele>283.30518099838156</ele>
      </trkpt>
      <trkpt lat="46.4877367" lon="2.3251573">
        <ele>282.7348800000018</ele>
      </trkpt>
      <trkpt lat="46.4878486" lon="2.3251027">
        <ele>282.68980762240557</ele>
      </trkpt>
      <trkpt lat="46.4879042" lon="2.3250146">
        <ele>283.01712221436435</ele>
      </trkpt>
      <trkpt lat="46.4877957" lon="2.3247675">
        <ele>288.7109070400119</ele>
      </trkpt>
      <trkpt lat="46.487714" lon="2.3247262">
        <ele>290.15471212800753</ele>
      </trkpt>
      <trkpt lat="46.4875828" lon="2.3246257">
        <ele>293.1342800000082</ele>
      </trkpt>
      <trkpt lat="46.4875518" lon="2.3244161">
        <ele>298.5917831616044</ele>
      </trkpt>
      <trkpt lat="46.4875532" lon="2.3242984">
        <ele>301.8131728895946</ele>
      </trkpt>
      <trkpt lat="46.4876483" lon="2.3240758">
        <ele>306.0339600000357</ele>
      </trkpt>
      <trkpt lat="46.4878162" lon="2.3239823">
        <ele>304.9341772512921</ele>
      </trkpt>
      <trkpt lat="46.4879103" lon="2.323926">
        <ele>302.84706633589695</ele>
      </trkpt>
      <trkpt lat="46.4879373" lon="2.3238371">
        <ele>303.8707487632414</ele>
      </trkpt>
      <trkpt lat="46.4879553" lon="2.3237427">
        <ele>305.2160150223097</ele>
      </trkpt>
      <trkpt lat="46.4880371" lon="2.3236064">
        <ele>305.59823317760834</ele>
      </trkpt>
      <trkpt lat="46.4880945" lon="2.3235137">
        <ele>305.1900853359219</ele>
      </trkpt>
      <trkpt lat="46.4881731" lon="2.3234035">
        <ele>304.49742978407926</ele>
      </trkpt>
      <trkpt lat="46.488242" lon="2.3233644">
        <ele>303.10797299201096</ele>
      </trkpt>
      <trkpt lat="46.4882732" lon="2.323278">
        <ele>303.64159436794546</ele>
      </trkpt>
      <trkpt lat="46.4883709" lon="2.3232657">
        <ele>301.30364823521154</ele>
      </trkpt>
      <trkpt lat="46.48847" lon="2.3232019">
        <ele>300.1545947200119</ele>
      </trkpt>
      <trkpt lat="46.4886414" lon="2.3231999">
        <ele>296.227920000023</ele>
      </trkpt>
      <trkpt lat="46.4888269" lon="2.3231402">
        <ele>293.5106400000118</ele>
      </trkpt>
      <trkpt lat="46.4889346" lon="2.3231343">
        <ele>291.10055053119186</ele>
      </trkpt>
      <trkpt lat="46.4891155" lon="2.3231558">
        <ele>285.82971409608484</ele>
      </trkpt>
      <trkpt lat="46.4893113" lon="2.3231397">
        <ele>281.13978631367416</ele>
      </trkpt>
      <trkpt lat="46.4892411" lon="2.3230378">
        <ele>284.7504560063704</ele>
      </trkpt>
      <trkpt lat="46.4892226" lon="2.3228661">
        <ele>286.8265111488541</ele>
      </trkpt>
      <trkpt lat="46.4893261" lon="2.3226998">
        <ele>285.3825979488116</ele>
      </trkpt>
      <trkpt lat="46.4893503" lon="2.3227152">
        <ele>284.6740718976476</ele>
      </trkpt>
      <trkpt lat="46.4895883" lon="2.3228983">
        <ele>279.4534177743945</ele>
      </trkpt>
      <trkpt lat="46.4897545" lon="2.3232363">
        <ele>275.3209509839704</ele>
      </trkpt>
      <trkpt lat="46.4900426" lon="2.3233704">
        <ele>276.7591669248046</ele>
      </trkpt>
      <trkpt lat="46.4902677" lon="2.323383">
        <ele>277.3407805919965</ele>
      </trkpt>
      <trkpt lat="46.4903823" lon="2.3232953">
        <ele>277.2567997424018</ele>
      </trkpt>
      <trkpt lat="46.4905781" lon="2.3232953">
        <ele>276.53656757280214</ele>
      </trkpt>
      <trkpt lat="46.4907664" lon="2.3233114">
        <ele>276.2559062015992</ele>
      </trkpt>
      <trkpt lat="46.4910506" lon="2.3235386">
        <ele>275.30424000000403</ele>
      </trkpt>
      <trkpt lat="46.4910826" lon="2.3235497">
        <ele>275.33951999999454</ele>
      </trkpt>
      <trkpt lat="46.4912466" lon="2.3236064">
        <ele>276.50547240956286</ele>
      </trkpt>
      <trkpt lat="46.4913906" lon="2.323762">
        <ele>276.3855338880238</ele>
      </trkpt>
      <trkpt lat="46.4914458" lon="2.3239355">
        <ele>275.20758113600635</ele>
      </trkpt>
      <trkpt lat="46.4914755" lon="2.3241965">
        <ele>274.86961412000403</ele>
      </trkpt>
      <trkpt lat="46.491723" lon="2.3245935">
        <ele>275.1301550400045</ele>
      </trkpt>
      <trkpt lat="46.4918412" lon="2.3249153">
        <ele>276.5149873344149</ele>
      </trkpt>
      <trkpt lat="46.491852" lon="2.3249">
        <ele>276.5473920000072</ele>
      </trkpt>
      <trkpt lat="46.4919584" lon="2.3247492">
        <ele>277.1960806912206</ele>
      </trkpt>
      <trkpt lat="46.4918159" lon="2.3235686">
        <ele>282.53359999998975</ele>
      </trkpt>
      <trkpt lat="46.4917763" lon="2.3226831">
        <ele>289.9238827311828</ele>
      </trkpt>
      <trkpt lat="46.4917895" lon="2.3224723">
        <ele>290.52604000003384</ele>
      </trkpt>
      <trkpt lat="46.4922724" lon="2.322526">
        <ele>296.35471999997253</ele>
      </trkpt>
      <trkpt lat="46.492845" lon="2.3226371">
        <ele>302.73888000002785</ele>
      </trkpt>
      <trkpt lat="46.4936868" lon="2.3230281">
        <ele>308.7185999999899</ele>
      </trkpt>
      <trkpt lat="46.4938452" lon="2.3230243">
        <ele>310.4156400000295</ele>
      </trkpt>
      <trkpt lat="46.4944096" lon="2.3225767">
        <ele>311.0</ele>
      </trkpt>
      <trkpt lat="46.494242" lon="2.3218267">
        <ele>307.5761199999997</ele>
      </trkpt>
      <trkpt lat="46.4941801" lon="2.3216381">
        <ele>306.8921866575993</ele>
      </trkpt>
      <trkpt lat="46.4941137" lon="2.3215">
        <ele>306.70508800000107</ele>
      </trkpt>
      <trkpt lat="46.4940276" lon="2.3213706">
        <ele>306.96848641277916</ele>
      </trkpt>
      <trkpt lat="46.4938646" lon="2.3211886">
        <ele>308.7454322623975</ele>
      </trkpt>
      <trkpt lat="46.4937151" lon="2.3210723">
        <ele>308.94769442079854</ele>
      </trkpt>
      <trkpt lat="46.493321" lon="2.3207763">
        <ele>310.0887999999877</ele>
      </trkpt>
      <trkpt lat="46.4932154" lon="2.3206886">
        <ele>310.8491200000226</ele>
      </trkpt>
      <trkpt lat="46.4931731" lon="2.3206337">
        <ele>311.15368000000035</ele>
      </trkpt>
      <trkpt lat="46.4930991" lon="2.3205131">
        <ele>311.6625208015846</ele>
      </trkpt>
      <trkpt lat="46.4929965" lon="2.320307">
        <ele>312.402834480022</ele>
      </trkpt>
      <trkpt lat="46.4928847" lon="2.3200986">
        <ele>313.23016000001735</ele>
      </trkpt>
      <trkpt lat="46.4928168" lon="2.3199605">
        <ele>313.5568637440007</ele>
      </trkpt>
      <trkpt lat="46.4927836" lon="2.3198859">
        <ele>313.53871047037654</ele>
      </trkpt>
      <trkpt lat="46.4926145" lon="2.31991">
        <ele>314.64469439998834</ele>
      </trkpt>
      <trkpt lat="46.4924741" lon="2.3198684">
        <ele>315.47376000000054</ele>
      </trkpt>
      <trkpt lat="46.4923519" lon="2.3197948">
        <ele>315.7387200000003</ele>
      </trkpt>
      <trkpt lat="46.4922718" lon="2.3197258">
        <ele>315.9871199999998</ele>
      </trkpt>
      <trkpt lat="46.4921857" lon="2.3196074">
        <ele>315.8685200000009</ele>
      </trkpt>
      <trkpt lat="46.4920951" lon="2.3193662">
        <ele>315.8240400000002</ele>
      </trkpt>
      <trkpt lat="46.4920604" lon="2.3190745">
        <ele>316.6655202239996</ele>
      </trkpt>
      <trkpt lat="46.4920285" lon="2.3190456">
        <ele>316.77862444799644</ele>
      </trkpt>
      <trkpt lat="46.4916017" lon="2.3186598">
        <ele>320.8423255136107</ele>
      </trkpt>
      <trkpt lat="46.491282" lon="2.318475">
        <ele>322.49000000000046</ele>
      </trkpt>
      <trkpt lat="46.4911698" lon="2.3183435">
        <ele>322.96339999999964</ele>
      </trkpt>
      <trkpt lat="46.4910945" lon="2.3182553">
        <ele>323.28091999999947</ele>
      </trkpt>
      <trkpt lat="46.491087" lon="2.31786">
        <ele>324.70399999999995</ele>
      </trkpt>
      <trkpt lat="46.4911869" lon="2.3169404">
        <ele>329.7523074495913</ele>
      </trkpt>
      <trkpt lat="46.4911768" lon="2.31682">
        <ele>330.5535769600104</ele>
      </trkpt>
      <trkpt lat="46.491121" lon="2.3167137">
        <ele>331.59618779200093</ele>
      </trkpt>
      <trkpt lat="46.489548" lon="2.31482">
        <ele>334.7663999999911</ele>
      </trkpt>
      <trkpt lat="46.489245" lon="2.314136">
        <ele>334.8640671999784</ele>
      </trkpt>
      <trkpt lat="46.4890523" lon="2.3138473">
        <ele>335.0030427183534</ele>
      </trkpt>
      <trkpt lat="46.488865" lon="2.31373">
        <ele>332.36319199997365</ele>
      </trkpt>
      <trkpt lat="46.488507" lon="2.313687">
        <ele>331.3055953600135</ele>
      </trkpt>
      <trkpt lat="46.488203" lon="2.313538">
        <ele>334.95021312001353</ele>
      </trkpt>
      <trkpt lat="46.4866012" lon="2.311907">
        <ele>342.6952096640166</ele>
      </trkpt>
      <trkpt lat="46.4863124" lon="2.3115875">
        <ele>343.29464000001053</ele>
      </trkpt>
      <trkpt lat="46.4861089" lon="2.3113965">
        <ele>343.95316000000867</ele>
      </trkpt>
      <trkpt lat="46.4860664" lon="2.3112835">
        <ele>344.85869177600284</ele>
      </trkpt>
      <trkpt lat="46.4857957" lon="2.3111699">
        <ele>345.92384000001107</ele>
      </trkpt>
      <trkpt lat="46.4845903" lon="2.3104821">
        <ele>347.5250800000026</ele>
      </trkpt>
      <trkpt lat="46.4837424" lon="2.3101375">
        <ele>345.47263999998927</ele>
      </trkpt>
      <trkpt lat="46.4835351" lon="2.3100741">
        <ele>345.0729962064024</ele>
      </trkpt>
      <trkpt lat="46.4834128" lon="2.310062">
        <ele>345.1593469439968</ele>
      </trkpt>
      <trkpt lat="46.4834176" lon="2.3100154">
        <ele>345.03862172159984</ele>
      </trkpt>
      <trkpt lat="46.483688" lon="2.308992">
        <ele>345.45085184000465</ele>
      </trkpt>
      <trkpt lat="46.4838729" lon="2.3084393">
        <ele>345.2663600000101</ele>
      </trkpt>
      <trkpt lat="46.48425" lon="2.307698">
        <ele>343.7861599999926</ele>
      </trkpt>
      <trkpt lat="46.484333" lon="2.307402">
        <ele>343.43594336000166</ele>
      </trkpt>
      <trkpt lat="46.484416" lon="2.306237">
        <ele>339.94400768000605</ele>
      </trkpt>
      <trkpt lat="46.484281" lon="2.304951">
        <ele>333.71980624000173</ele>
      </trkpt>
      <trkpt lat="46.484428" lon="2.303054">
        <ele>324.929931520004</ele>
      </trkpt>
      <trkpt lat="46.484439" lon="2.302371">
        <ele>321.0803022399963</ele>
      </trkpt>
      <trkpt lat="46.484491" lon="2.301763">
        <ele>318.8324000000057</ele>
      </trkpt>
      <trkpt lat="46.484617" lon="2.301195">
        <ele>316.3615999999988</ele>
      </trkpt>
      <trkpt lat="46.484774" lon="2.300974">
        <ele>313.8263999999947</ele>
      </trkpt>
      <trkpt lat="46.484822" lon="2.300796">
        <ele>312.285876479997</ele>
      </trkpt>
      <trkpt lat="46.484549" lon="2.300343">
        <ele>308.04479999998307</ele>
      </trkpt>
      <trkpt lat="46.484339" lon="2.300174">
        <ele>306.90320000002475</ele>
      </trkpt>
      <trkpt lat="46.483868" lon="2.299882">
        <ele>304.2200550399948</ele>
      </trkpt>
      <trkpt lat="46.483355" lon="2.299458">
        <ele>299.9942063999784</ele>
      </trkpt>
      <trkpt lat="46.482678" lon="2.299164">
        <ele>301.0611033600024</ele>
      </trkpt>
      <trkpt lat="46.482529" lon="2.29884">
        <ele>300.0716000000009</ele>
      </trkpt>
      <trkpt lat="46.4825031" lon="2.2987452">
        <ele>300.5061199999916</ele>
      </trkpt>
      <trkpt lat="46.482497" lon="2.2986821">
        <ele>300.77683999997635</ele>
      </trkpt>
      <trkpt lat="46.4825021" lon="2.298627">
        <ele>300.93524000000707</ele>
      </trkpt>
      <trkpt lat="46.482566" lon="2.298575">
        <ele>301.5050640000027</ele>
      </trkpt>
      <trkpt lat="46.48331" lon="2.298497">
        <ele>309.12880000004816</ele>
      </trkpt>
      <trkpt lat="46.483584" lon="2.298404">
        <ele>308.99597055999266</ele>
      </trkpt>
      <trkpt lat="46.483942" lon="2.29802">
        <ele>308.7924735999963</ele>
      </trkpt>
      <trkpt lat="46.484261" lon="2.297763">
        <ele>314.99766672000646</ele>
      </trkpt>
      <trkpt lat="46.484503" lon="2.297649">
        <ele>316.93667312002157</ele>
      </trkpt>
      <trkpt lat="46.48497" lon="2.297303">
        <ele>318.2688000000444</ele>
      </trkpt>
      <trkpt lat="46.485242" lon="2.296975">
        <ele>316.32816800000677</ele>
      </trkpt>
      <trkpt lat="46.485177" lon="2.296712">
        <ele>317.2807910399963</ele>
      </trkpt>
      <trkpt lat="46.484745" lon="2.295953">
        <ele>321.8454512000848</ele>
      </trkpt>
      <trkpt lat="46.48408" lon="2.294458">
        <ele>329.59042560000876</ele>
      </trkpt>
      <trkpt lat="46.483469" lon="2.293367">
        <ele>337.43398816000905</ele>
      </trkpt>
      <trkpt lat="46.483315" lon="2.292933">
        <ele>340.1320000000178</ele>
      </trkpt>
      <trkpt lat="46.483208" lon="2.292435">
        <ele>341.4512000000086</ele>
      </trkpt>
      <trkpt lat="46.482948" lon="2.291705">
        <ele>342.33376639999915</ele>
      </trkpt>
      <trkpt lat="46.482755" lon="2.291375">
        <ele>343.08200000000943</ele>
      </trkpt>
      <trkpt lat="46.482146" lon="2.29062">
        <ele>346.21073919999935</ele>
      </trkpt>
      <trkpt lat="46.4819426" lon="2.290508">
        <ele>347.1712</ele>
      </trkpt>
      <trkpt lat="46.481734" lon="2.2899235">
        <ele>347.933243039997</ele>
      </trkpt>
      <trkpt lat="46.4816191" lon="2.2897126">
        <ele>348.0</ele>
      </trkpt>
      <trkpt lat="46.48148" lon="2.289498">
        <ele>348.0</ele>
      </trkpt>
      <trkpt lat="46.481378" lon="2.289375">
        <ele>348.0</ele>
      </trkpt>
      <trkpt lat="46.4812522" lon="2.2891918">
        <ele>348.0</ele>
      </trkpt>
      <trkpt lat="46.481196" lon="2.2889527">
        <ele>347.7646024320079</ele>
      </trkpt>
      <trkpt lat="46.4811794" lon="2.2887352">
        <ele>347.33689835519704</ele>
      </trkpt>
      <trkpt lat="46.481115" lon="2.288486">
        <ele>347.0</ele>
      </trkpt>
      <trkpt lat="46.4807383" lon="2.2876615">
        <ele>347.0</ele>
      </trkpt>
      <trkpt lat="46.4796216" lon="2.2876355">
        <ele>350.8500399999941</ele>
      </trkpt>
      <trkpt lat="46.4794958" lon="2.2876245">
        <ele>351.26331999999275</ele>
      </trkpt>
      <trkpt lat="46.4793419" lon="2.2875963">
        <ele>351.34668000000056</ele>
      </trkpt>
      <trkpt lat="46.4790656" lon="2.2875393">
        <ele>351.1414800000007</ele>
      </trkpt>
      <trkpt lat="46.4789887" lon="2.2875327">
        <ele>351.1177199999995</ele>
      </trkpt>
      <trkpt lat="46.4788039" lon="2.2875731">
        <ele>351.26315999999974</ele>
      </trkpt>
      <trkpt lat="46.4787046" lon="2.2876174">
        <ele>351.4226399999993</ele>
      </trkpt>
      <trkpt lat="46.4785253" lon="2.2877159">
        <ele>351.2282150192068</ele>
      </trkpt>
      <trkpt lat="46.4783128" lon="2.2877971">
        <ele>349.8521599999831</ele>
      </trkpt>
      <trkpt lat="46.4780426" lon="2.2878791">
        <ele>347.97037240640464</ele>
      </trkpt>
      <trkpt lat="46.4778909" lon="2.2879089">
        <ele>347.68704643039746</ele>
      </trkpt>
      <trkpt lat="46.4777827" lon="2.2879179">
        <ele>347.513221323198</ele>
      </trkpt>
      <trkpt lat="46.4776884" lon="2.2879192">
        <ele>347.5091200000006</ele>
      </trkpt>
      <trkpt lat="46.4775678" lon="2.2879158">
        <ele>347.4968799999997</ele>
      </trkpt>
      <trkpt lat="46.4772267" lon="2.2878318">
        <ele>346.01925501761195</ele>
      </trkpt>
      <trkpt lat="46.4770465" lon="2.2877761">
        <ele>344.73258090400094</ele>
      </trkpt>
      <trkpt lat="46.4769134" lon="2.2877248">
        <ele>343.8669251328035</ele>
      </trkpt>
      <trkpt lat="46.476253" lon="2.2874075">
        <ele>341.0</ele>
      </trkpt>
      <trkpt lat="46.4761094" lon="2.2873437">
        <ele>340.99383999999486</ele>
      </trkpt>
      <trkpt lat="46.4759921" lon="2.2873074">
        <ele>340.5715599999969</ele>
      </trkpt>
      <trkpt lat="46.4758453" lon="2.2872891">
        <ele>340.0430800000113</ele>
      </trkpt>
      <trkpt lat="46.4756426" lon="2.2872615">
        <ele>338.7238108960033</ele>
      </trkpt>
      <trkpt lat="46.4754207" lon="2.2872493">
        <ele>337.12652000000594</ele>
      </trkpt>
      <trkpt lat="46.4747169" lon="2.2872486">
        <ele>333.9808399999897</ele>
      </trkpt>
      <trkpt lat="46.4746138" lon="2.28725">
        <ele>333.6096800000007</ele>
      </trkpt>
      <trkpt lat="46.4745161" lon="2.2872563">
        <ele>333.2579600000088</ele>
      </trkpt>
      <trkpt lat="46.4743974" lon="2.2872756">
        <ele>332.6287357824067</ele>
      </trkpt>
      <trkpt lat="46.4743032" lon="2.287287">
        <ele>331.86446246401107</ele>
      </trkpt>
      <trkpt lat="46.4742211" lon="2.287283">
        <ele>331.21599604800923</ele>
      </trkpt>
      <trkpt lat="46.4740148" lon="2.2872454">
        <ele>330.36983999999575</ele>
      </trkpt>
      <trkpt lat="46.4738975" lon="2.2872115">
        <ele>330.0684033999981</ele>
      </trkpt>
      <trkpt lat="46.4738099" lon="2.2871546">
        <ele>330.59702459840406</ele>
      </trkpt>
      <trkpt lat="46.4737325" lon="2.2870772">
        <ele>331.37901104001565</ele>
      </trkpt>
      <trkpt lat="46.4735122" lon="2.2867667">
        <ele>332.36011999999937</ele>
      </trkpt>
      <trkpt lat="46.4734551" lon="2.2866878">
        <ele>332.0760800000005</ele>
      </trkpt>
      <trkpt lat="46.4732704" lon="2.2865322">
        <ele>330.35215999996626</ele>
      </trkpt>
      <trkpt lat="46.473045" lon="2.2863632">
        <ele>326.8350342399928</ele>
      </trkpt>
      <trkpt lat="46.4725998" lon="2.2861138">
        <ele>325.01240433919946</ele>
      </trkpt>
      <trkpt lat="46.4722045" lon="2.2857651">
        <ele>323.6905599999875</ele>
      </trkpt>
      <trkpt lat="46.472029" lon="2.2856551">
        <ele>322.662759999997</ele>
      </trkpt>
      <trkpt lat="46.4718424" lon="2.2856015">
        <ele>321.798039999999</ele>
      </trkpt>
      <trkpt lat="46.4716725" lon="2.2856283">
        <ele>321.2828799999884</ele>
      </trkpt>
      <trkpt lat="46.4713825" lon="2.285749">
        <ele>318.2415827999726</ele>
      </trkpt>
      <trkpt lat="46.4712217" lon="2.2858617">
        <ele>316.1943600000104</ele>
      </trkpt>
      <trkpt lat="46.4712156" lon="2.2859358">
        <ele>316.1284800000076</ele>
      </trkpt>
      <trkpt lat="46.471084" lon="2.2857156">
        <ele>315.6111132159783</ele>
      </trkpt>
      <trkpt lat="46.470879" lon="2.2854413">
        <ele>315.3834610079568</ele>
      </trkpt>
      <trkpt lat="46.470678" lon="2.2851904">
        <ele>315.29757414399484</ele>
      </trkpt>
      <trkpt lat="46.4703926" lon="2.2842449">
        <ele>317.9584399999645</ele>
      </trkpt>
      <trkpt lat="46.4700469" lon="2.2837021">
        <ele>318.67243999999937</ele>
      </trkpt>
      <trkpt lat="46.4696932" lon="2.2830834">
        <ele>322.4067861504157</ele>
      </trkpt>
      <trkpt lat="46.4692189" lon="2.2821263">
        <ele>321.56590602722326</ele>
      </trkpt>
      <trkpt lat="46.4687204" lon="2.2813792">
        <ele>320.18032000002404</ele>
      </trkpt>
      <trkpt lat="46.4683225" lon="2.2810057">
        <ele>318.01479972000095</ele>
      </trkpt>
      <trkpt lat="46.4679298" lon="2.2808218">
        <ele>319.45271999999886</ele>
      </trkpt>
      <trkpt lat="46.4680474" lon="2.2806103">
        <ele>319.0293599999884</ele>
      </trkpt>
      <trkpt lat="46.4681214" lon="2.2804475">
        <ele>319.0597514399938</ele>
      </trkpt>
      <trkpt lat="46.4681713" lon="2.2803306">
        <ele>319.05571586878943</ele>
      </trkpt>
      <trkpt lat="46.4682037" lon="2.2802063">
        <ele>319.5680860976264</ele>
      </trkpt>
      <trkpt lat="46.4680876" lon="2.2802561">
        <ele>319.9943973056241</ele>
      </trkpt>
      <trkpt lat="46.4679176" lon="2.2802829">
        <ele>319.99071804159996</ele>
      </trkpt>
      <trkpt lat="46.4677957" lon="2.2801702">
        <ele>320.79954730560377</ele>
      </trkpt>
      <trkpt lat="46.4677255" lon="2.2799235">
        <ele>322.58616971999885</ele>
      </trkpt>
      <trkpt lat="46.4677402" lon="2.2796284">
        <ele>325.9890956544147</ele>
      </trkpt>
      <trkpt lat="46.4678363" lon="2.2793817">
        <ele>329.1934916015913</ele>
      </trkpt>
      <trkpt lat="46.4678363" lon="2.2791349">
        <ele>330.7350799055849</ele>
      </trkpt>
      <trkpt lat="46.4676885" lon="2.2786092">
        <ele>334.69457123200476</ele>
      </trkpt>
      <trkpt lat="46.4676109" lon="2.2779708">
        <ele>337.6007600000114</ele>
      </trkpt>
      <trkpt lat="46.4674927" lon="2.2775148">
        <ele>338.96879940479636</ele>
      </trkpt>
      <trkpt lat="46.4671306" lon="2.2767746">
        <ele>341.74367473919233</ele>
      </trkpt>
      <trkpt lat="46.4667242" lon="2.2758626">
        <ele>344.50222216318934</ele>
      </trkpt>
      <trkpt lat="46.4664692" lon="2.2752296">
        <ele>345.8341750272053</ele>
      </trkpt>
      <trkpt lat="46.4661071" lon="2.274543">
        <ele>351.0041933759978</ele>
      </trkpt>
      <trkpt lat="46.465878" lon="2.2741299">
        <ele>351.8392000000126</ele>
      </trkpt>
      <trkpt lat="46.4655972" lon="2.2737919">
        <ele>352.0</ele>
      </trkpt>
      <trkpt lat="46.465176" lon="2.2733199">
        <ele>350.6513191039984</ele>
      </trkpt>
      <trkpt lat="46.4648286" lon="2.2730409">
        <ele>352.2340800000211</ele>
      </trkpt>
      <trkpt lat="46.4642411" lon="2.2726332">
        <ele>355.5204799999999</ele>
      </trkpt>
      <trkpt lat="46.4637017" lon="2.2722094">
        <ele>355.3722800000054</ele>
      </trkpt>
      <trkpt lat="46.4633987" lon="2.2719466">
        <ele>355.22755999999606</ele>
      </trkpt>
      <trkpt lat="46.4630586" lon="2.2715771">
        <ele>356.9925739424084</ele>
      </trkpt>
      <trkpt lat="46.4628187" lon="2.271281">
        <ele>357.0</ele>
      </trkpt>
      <trkpt lat="46.4626371" lon="2.2709262">
        <ele>356.8306869792026</ele>
      </trkpt>
      <trkpt lat="46.4625138" lon="2.2705552">
        <ele>358.00128000000007</ele>
      </trkpt>
      <trkpt lat="46.462321" lon="2.2698815">
        <ele>358.5072989600149</ele>
      </trkpt>
      <trkpt lat="46.462209" lon="2.2693185">
        <ele>358.35820000001104</ele>
      </trkpt>
      <trkpt lat="46.4621507" lon="2.2690712">
        <ele>358.91721072641343</ele>
      </trkpt>
      <trkpt lat="46.4621036" lon="2.2687294">
        <ele>360.72127999999793</ele>
      </trkpt>
      <trkpt lat="46.4620318" lon="2.2683975">
        <ele>362.3253151199903</ele>
      </trkpt>
      <trkpt lat="46.461931" lon="2.2680102">
        <ele>364.12278275199964</ele>
      </trkpt>
      <trkpt lat="46.4616687" lon="2.2673267">
        <ele>365.99268000001075</ele>
      </trkpt>
      <trkpt lat="46.4615364" lon="2.2668906">
        <ele>365.72488</ele>
      </trkpt>
      <trkpt lat="46.461375" lon="2.2661454">
        <ele>367.8703879999983</ele>
      </trkpt>
      <trkpt lat="46.4612943" lon="2.2658622">
        <ele>368.8960800000002</ele>
      </trkpt>
      <trkpt lat="46.4612467" lon="2.2657334">
        <ele>369.53536605119683</ele>
      </trkpt>
      <trkpt lat="46.4609311" lon="2.2651234">
        <ele>367.1481600000237</ele>
      </trkpt>
      <trkpt lat="46.4607127" lon="2.2646598">
        <ele>365.10190280321103</ele>
      </trkpt>
      <trkpt lat="46.4604179" lon="2.2644189">
        <ele>364.5964000000114</ele>
      </trkpt>
      <trkpt lat="46.460206" lon="2.2643238">
        <ele>364.0297482879964</ele>
      </trkpt>
      <trkpt lat="46.4599374" lon="2.2642604">
        <ele>362.8744000000088</ele>
      </trkpt>
      <trkpt lat="46.4597278" lon="2.2643206">
        <ele>360.93184000002225</ele>
      </trkpt>
      <trkpt lat="46.4594111" lon="2.2645108">
        <ele>358.6136048448081</ele>
      </trkpt>
      <trkpt lat="46.4590508" lon="2.264533">
        <ele>359.1765778559988</ele>
      </trkpt>
      <trkpt lat="46.4583345" lon="2.2645076">
        <ele>360.0032450879985</ele>
      </trkpt>
      <trkpt lat="46.4575351" lon="2.2647581">
        <ele>356.75520065760594</ele>
      </trkpt>
      <trkpt lat="46.4568101" lon="2.2648152">
        <ele>348.8598839807904</ele>
      </trkpt>
      <trkpt lat="46.4559911" lon="2.2648817">
        <ele>345.43204000000514</ele>
      </trkpt>
      <trkpt lat="46.4558714" lon="2.2648652">
        <ele>345.86296000000175</ele>
      </trkpt>
      <trkpt lat="46.4558185" lon="2.2648557">
        <ele>346.1324597680051</ele>
      </trkpt>
      <trkpt lat="46.4556722" lon="2.2647454">
        <ele>347.2085618751829</ele>
      </trkpt>
      <trkpt lat="46.4553359" lon="2.2644855">
        <ele>348.9076343279945</ele>
      </trkpt>
      <trkpt lat="46.4550956" lon="2.2642414">
        <ele>349.65584000000035</ele>
      </trkpt>
      <trkpt lat="46.4546457" lon="2.2640036">
        <ele>353.2517622207964</ele>
      </trkpt>
      <trkpt lat="46.4541871" lon="2.2636422">
        <ele>357.74096000000975</ele>
      </trkpt>
      <trkpt lat="46.4536105" lon="2.2631698">
        <ele>363.00439999997525</ele>
      </trkpt>
      <trkpt lat="46.4534379" lon="2.2631191">
        <ele>364.24712000001955</ele>
      </trkpt>
      <trkpt lat="46.4532523" lon="2.2630462">
        <ele>365.58343999998124</ele>
      </trkpt>
      <trkpt lat="46.4528055" lon="2.2627063">
        <ele>369.08340053602086</ele>
      </trkpt>
      <trkpt lat="46.452407" lon="2.262476">
        <ele>371.42119999999716</ele>
      </trkpt>
      <trkpt lat="46.4522134" lon="2.2624195">
        <ele>372.2897999999999</ele>
      </trkpt>
      <trkpt lat="46.4519724" lon="2.2623329">
        <ele>372.6015599999997</ele>
      </trkpt>
      <trkpt lat="46.4511162" lon="2.2621744">
        <ele>373.1721599999995</ele>
      </trkpt>
      <trkpt lat="46.4505286" lon="2.2620888">
        <ele>372.0110697472037</ele>
      </trkpt>
      <trkpt lat="46.449513" lon="2.2619303">
        <ele>371.77875294403333</ele>
      </trkpt>
      <trkpt lat="46.4490318" lon="2.2619019">
        <ele>369.00443551360024</ele>
      </trkpt>
      <trkpt lat="46.4486347" lon="2.2620055">
        <ele>367.1325091679972</ele>
      </trkpt>
      <trkpt lat="46.4481362" lon="2.2619955">
        <ele>362.4502008160036</ele>
      </trkpt>
      <trkpt lat="46.4474881" lon="2.2620476">
        <ele>356.9840909376014</ele>
      </trkpt>
      <trkpt lat="46.4472791" lon="2.2620203">
        <ele>356.78283586080255</ele>
      </trkpt>
      <trkpt lat="46.4469425" lon="2.2616838">
        <ele>356.0752482400094</ele>
      </trkpt>
      <trkpt lat="46.4468468" lon="2.2615785">
        <ele>356.5914675519821</ele>
      </trkpt>
      <trkpt lat="46.44683" lon="2.26156">
        <ele>356.6657920000082</ele>
      </trkpt>
      <trkpt lat="46.4467801" lon="2.2615434">
        <ele>356.9207338336109</ele>
      </trkpt>
      <trkpt lat="46.44671" lon="2.26152">
        <ele>357.2423679999839</ele>
      </trkpt>
      <trkpt lat="46.4466515" lon="2.261515">
        <ele>357.5879883999871</ele>
      </trkpt>
      <trkpt lat="46.4464279" lon="2.2613909">
        <ele>358.7325832143752</ele>
      </trkpt>
      <trkpt lat="46.4463296" lon="2.2613267">
        <ele>358.97912000001133</ele>
      </trkpt>
      <trkpt lat="46.4462624" lon="2.2612445">
        <ele>358.87111999998706</ele>
      </trkpt>
      <trkpt lat="46.4461605" lon="2.2610545">
        <ele>358.6806356400147</ele>
      </trkpt>
      <trkpt lat="46.4461477" lon="2.2605734">
        <ele>359.6807816928178</ele>
      </trkpt>
      <trkpt lat="46.446146" lon="2.2605112">
        <ele>359.90848000000915</ele>
      </trkpt>
      <trkpt lat="46.4460486" lon="2.2603769">
        <ele>360.7878967264068</ele>
      </trkpt>
      <trkpt lat="46.4459372" lon="2.2602342">
        <ele>361.6260799999891</ele>
      </trkpt>
      <trkpt lat="46.4456642" lon="2.2602215">
        <ele>363.2177599999777</ele>
      </trkpt>
      <trkpt lat="46.44533" lon="2.2599711">
        <ele>367.35204000002227</ele>
      </trkpt>
      <trkpt lat="46.4447817" lon="2.2594734">
        <ele>368.9403997375999</ele>
      </trkpt>
      <trkpt lat="46.4438249" lon="2.2585699">
        <ele>377.0683524191972</ele>
      </trkpt>
      <trkpt lat="46.4436314" lon="2.2583951">
        <ele>378.4416823487944</ele>
      </trkpt>
      <trkpt lat="46.4433735" lon="2.2582193">
        <ele>381.121320000001</ele>
      </trkpt>
      <trkpt lat="46.4428433" lon="2.2578788">
        <ele>382.0</ele>
      </trkpt>
      <trkpt lat="46.4427741" lon="2.2578344">
        <ele>382.01054115839656</ele>
      </trkpt>
      <trkpt lat="46.4423531" lon="2.2575749">
        <ele>383.0</ele>
      </trkpt>
      <trkpt lat="46.4419833" lon="2.257324">
        <ele>383.0</ele>
      </trkpt>
      <trkpt lat="46.4413105" lon="2.2571306">
        <ele>387.2821999999994</ele>
      </trkpt>
      <trkpt lat="46.4409963" lon="2.2569761">
        <ele>389.1928580527804</ele>
      </trkpt>
      <trkpt lat="46.4406944" lon="2.2567597">
        <ele>391.33264641280454</ele>
      </trkpt>
      <trkpt lat="46.4394055" lon="2.2557389">
        <ele>393.57269760800386</ele>
      </trkpt>
      <trkpt lat="46.4391909" lon="2.2555441">
        <ele>394.9504022224012</ele>
      </trkpt>
      <trkpt lat="46.438796" lon="2.2552919">
        <ele>398.28355999998735</ele>
      </trkpt>
      <trkpt lat="46.4384858" lon="2.255016">
        <ele>399.451119999992</ele>
      </trkpt>
      <trkpt lat="46.4382105" lon="2.2547054">
        <ele>401.4422000000118</ele>
      </trkpt>
      <trkpt lat="46.4380003" lon="2.2542974">
        <ele>402.09361970880207</ele>
      </trkpt>
      <trkpt lat="46.4378992" lon="2.2540831">
        <ele>401.86849681920324</ele>
      </trkpt>
      <trkpt lat="46.4376359" lon="2.2540269">
        <ele>402.25376599840604</ele>
      </trkpt>
      <trkpt lat="46.4372669" lon="2.2540402">
        <ele>402.54471999999976</ele>
      </trkpt>
      <trkpt lat="46.4368444" lon="2.2540366">
        <ele>404.5923213184096</ele>
      </trkpt>
      <trkpt lat="46.4365484" lon="2.2539389">
        <ele>405.95490616960365</ele>
      </trkpt>
      <trkpt lat="46.4361608" lon="2.2538459">
        <ele>408.48747999997636</ele>
      </trkpt>
      <trkpt lat="46.4360908" lon="2.2538326">
        <ele>409.0019029631764</ele>
      </trkpt>
      <trkpt lat="46.4359108" lon="2.2538167">
        <ele>410.71607533437856</ele>
      </trkpt>
      <trkpt lat="46.4358584" lon="2.2538194">
        <ele>411.2515344383911</ele>
      </trkpt>
      <trkpt lat="46.4357288" lon="2.2538317">
        <ele>412.41835676160326</ele>
      </trkpt>
      <trkpt lat="46.4354818" lon="2.2538597">
        <ele>414.188340841608</ele>
      </trkpt>
      <trkpt lat="46.4352542" lon="2.2539488">
        <ele>415.30055999998945</ele>
      </trkpt>
      <trkpt lat="46.4352838" lon="2.2538327">
        <ele>414.9739345695975</ele>
      </trkpt>
      <trkpt lat="46.4352737" lon="2.2536861">
        <ele>415.01467999998795</ele>
      </trkpt>
      <trkpt lat="46.4351983" lon="2.2535689">
        <ele>415.1341599999879</ele>
      </trkpt>
      <trkpt lat="46.4348683" lon="2.2532843">
        <ele>415.30673667520387</ele>
      </trkpt>
      <trkpt lat="46.4343772" lon="2.2531898">
        <ele>415.8423524223989</ele>
      </trkpt>
      <trkpt lat="46.4341359" lon="2.2530886">
        <ele>416.4462639903915</ele>
      </trkpt>
      <trkpt lat="46.4337786" lon="2.2529138">
        <ele>417.88672000001225</ele>
      </trkpt>
      <trkpt lat="46.433836" lon="2.2521402">
        <ele>416.1341786880014</ele>
      </trkpt>
      <trkpt lat="46.4338411" lon="2.2520719">
        <ele>416.0789388335963</ele>
      </trkpt>
      <trkpt lat="46.4338498" lon="2.2519867">
        <ele>416.0214063264014</ele>
      </trkpt>
      <trkpt lat="46.4338646" lon="2.2519116">
        <ele>416.0</ele>
      </trkpt>
      <trkpt lat="46.4338905" lon="2.2518432">
        <ele>415.99631398400726</ele>
      </trkpt>
      <trkpt lat="46.4339236" lon="2.2517848">
        <ele>415.9468570112001</ele>
      </trkpt>
      <trkpt lat="46.4339122" lon="2.2517397">
        <ele>415.97793575359833</ele>
      </trkpt>
      <trkpt lat="46.4337181" lon="2.2509152">
        <ele>418.3201199999993</ele>
      </trkpt>
      <trkpt lat="46.4336109" lon="2.2509192">
        <ele>418.6916400000084</ele>
      </trkpt>
      <trkpt lat="46.4335148" lon="2.2509205">
        <ele>419.0329200000093</ele>
      </trkpt>
      <trkpt lat="46.4334242" lon="2.2509326">
        <ele>419.315520000009</ele>
      </trkpt>
      <trkpt lat="46.4333604" lon="2.2509648">
        <ele>419.42928000000654</ele>
      </trkpt>
      <trkpt lat="46.4331617" lon="2.2509353">
        <ele>421.2597486096049</ele>
      </trkpt>
      <trkpt lat="46.4330508" lon="2.2509205">
        <ele>422.40026451202084</ele>
      </trkpt>
      <trkpt lat="46.4329353" lon="2.250879">
        <ele>423.2464640960154</ele>
      </trkpt>
      <trkpt lat="46.4328345" lon="2.2508226">
        <ele>423.8651897120072</ele>
      </trkpt>
      <trkpt lat="46.4327236" lon="2.2507341">
        <ele>425.03488391038456</ele>
      </trkpt>
      <trkpt lat="46.4326118" lon="2.2506201">
        <ele>426.27163974721594</ele>
      </trkpt>
      <trkpt lat="46.4324805" lon="2.2504565">
        <ele>427.070200000011</ele>
      </trkpt>
      <trkpt lat="46.4323705" lon="2.2502728">
        <ele>427.46620000000894</ele>
      </trkpt>
      <trkpt lat="46.4319878" lon="2.2496143">
        <ele>428.8439199999939</ele>
      </trkpt>
      <trkpt lat="46.4318205" lon="2.2493099">
        <ele>429.21612143199883</ele>
      </trkpt>
      <trkpt lat="46.4316653" lon="2.2490671">
        <ele>429.6500070496075</ele>
      </trkpt>
      <trkpt lat="46.4315205" lon="2.2488804">
        <ele>430.5480400000239</ele>
      </trkpt>
      <trkpt lat="46.4314965" lon="2.2487955">
        <ele>430.5015999999832</ele>
      </trkpt>
      <trkpt lat="46.4314568" lon="2.2486721">
        <ele>430.48612000000537</ele>
      </trkpt>
      <trkpt lat="46.4313399" lon="2.2486594">
        <ele>431.64160315522383</ele>
      </trkpt>
      <trkpt lat="46.4311202" lon="2.2485319">
        <ele>433.901839999975</ele>
      </trkpt>
      <trkpt lat="46.4301071" lon="2.2478453">
        <ele>437.22887999999466</ele>
      </trkpt>
      <trkpt lat="46.429926" lon="2.2479633">
        <ele>438.97712323197646</ele>
      </trkpt>
      <trkpt lat="46.4294194" lon="2.2477219">
        <ele>444.06931999999574</ele>
      </trkpt>
      <trkpt lat="46.4289979" lon="2.2476736">
        <ele>448.0679393024103</ele>
      </trkpt>
      <trkpt lat="46.4284174" lon="2.2475717">
        <ele>450.6973599999974</ele>
      </trkpt>
      <trkpt lat="46.4277629" lon="2.2473035">
        <ele>452.0156716560025</ele>
      </trkpt>
      <trkpt lat="46.4271048" lon="2.2470728">
        <ele>451.68946954239624</ele>
      </trkpt>
      <trkpt lat="46.4265021" lon="2.247105">
        <ele>456.18487999999707</ele>
      </trkpt>
      <trkpt lat="46.4264468" lon="2.2471178">
        <ele>456.58303999999407</ele>
      </trkpt>
      <trkpt lat="46.4263567" lon="2.2471205">
        <ele>457.0</ele>
      </trkpt>
      <trkpt lat="46.4263109" lon="2.2471118">
        <ele>457.0</ele>
      </trkpt>
      <trkpt lat="46.4262684" lon="2.2470924">
        <ele>457.0</ele>
      </trkpt>
      <trkpt lat="46.4262272" lon="2.2470622">
        <ele>457.0</ele>
      </trkpt>
      <trkpt lat="46.4261838" lon="2.2470508">
        <ele>457.0</ele>
      </trkpt>
      <trkpt lat="46.4261575" lon="2.2470501">
        <ele>457.0</ele>
      </trkpt>
      <trkpt lat="46.4261209" lon="2.2470514">
        <ele>457.0</ele>
      </trkpt>
      <trkpt lat="46.4260454" lon="2.24705">
        <ele>456.76343999999835</ele>
      </trkpt>
      <trkpt lat="46.4258404" lon="2.2470561">
        <ele>456.02543999999443</ele>
      </trkpt>
      <trkpt lat="46.4256495" lon="2.2470595">
        <ele>455.33819999999514</ele>
      </trkpt>
      <trkpt lat="46.4255704" lon="2.2470528">
        <ele>455.05343999999286</ele>
      </trkpt>
      <trkpt lat="46.425503" lon="2.2470394">
        <ele>454.81079999999656</ele>
      </trkpt>
      <trkpt lat="46.4254286" lon="2.2470206">
        <ele>454.5429599999875</ele>
      </trkpt>
      <trkpt lat="46.4253375" lon="2.2470025">
        <ele>454.21499999999173</ele>
      </trkpt>
      <trkpt lat="46.4252543" lon="2.2469951">
        <ele>453.9845869327993</ele>
      </trkpt>
      <trkpt lat="46.4251466" lon="2.2469978">
        <ele>453.9092921407987</ele>
      </trkpt>
      <trkpt lat="46.4250371" lon="2.2470072">
        <ele>453.8042538751975</ele>
      </trkpt>
      <trkpt lat="46.4249386" lon="2.2470273">
        <ele>453.54661181119286</ele>
      </trkpt>
      <trkpt lat="46.4247614" lon="2.2470688">
        <ele>453.07789921280244</ele>
      </trkpt>
      <trkpt lat="46.4245479" lon="2.2472579">
        <ele>452.2440000000005</ele>
      </trkpt>
      <trkpt lat="46.4242973" lon="2.2474376">
        <ele>450.6949199999972</ele>
      </trkpt>
      <trkpt lat="46.4239414" lon="2.2477514">
        <ele>448.28399999998896</ele>
      </trkpt>
      <trkpt lat="46.4236132" lon="2.2480585">
        <ele>446.00744028799426</ele>
      </trkpt>
      <trkpt lat="46.42342" lon="2.2481416">
        <ele>446.0</ele>
      </trkpt>
      <trkpt lat="46.422943" lon="2.2483146">
        <ele>445.2169266879759</ele>
      </trkpt>
      <trkpt lat="46.4224309" lon="2.2485413">
        <ele>442.7513999999942</ele>
      </trkpt>
      <trkpt lat="46.4223839" lon="2.2487245">
        <ele>441.8391487280014</ele>
      </trkpt>
      <trkpt lat="46.421665" lon="2.2482855">
        <ele>447.0130332000214</ele>
      </trkpt>
      <trkpt lat="46.4216597" lon="2.2483212">
        <ele>447.0512554944054</ele>
      </trkpt>
      <trkpt lat="46.4216605" lon="2.2483444">
        <ele>446.9647199999879</ele>
      </trkpt>
      <trkpt lat="46.4216653" lon="2.2483721">
        <ele>446.73071999999365</ele>
      </trkpt>
      <trkpt lat="46.4216873" lon="2.248464">
        <ele>445.9106399999864</ele>
      </trkpt>
      <trkpt lat="46.421709" lon="2.248529">
        <ele>445.2864000000011</ele>
      </trkpt>
      <trkpt lat="46.4217287" lon="2.24859">
        <ele>444.7053599999797</ele>
      </trkpt>
      <trkpt lat="46.4217455" lon="2.2486584">
        <ele>444.43239999999923</ele>
      </trkpt>
      <trkpt lat="46.4217563" lon="2.2487339">
        <ele>444.3546400000114</ele>
      </trkpt>
      <trkpt lat="46.4217626" lon="2.2488039">
        <ele>444.3092799999931</ele>
      </trkpt>
      <trkpt lat="46.4217647" lon="2.2488686">
        <ele>444.29416000002084</ele>
      </trkpt>
      <trkpt lat="46.4217624" lon="2.2489505">
        <ele>444.08892000001003</ele>
      </trkpt>
      <trkpt lat="46.4217518" lon="2.2490587">
        <ele>443.77571999998065</ele>
      </trkpt>
      <trkpt lat="46.4216884" lon="2.2495915">
        <ele>442.92175999999745</ele>
      </trkpt>
      <trkpt lat="46.4216824" lon="2.2496767">
        <ele>442.94335999999385</ele>
      </trkpt>
      <trkpt lat="46.421684" lon="2.2497501">
        <ele>443.1320575360036</ele>
      </trkpt>
      <trkpt lat="46.4214033" lon="2.2500573">
        <ele>449.41131999997754</ele>
      </trkpt>
      <trkpt lat="46.4210034" lon="2.2503301">
        <ele>454.199400000012</ele>
      </trkpt>
      <trkpt lat="46.4203031" lon="2.2505057">
        <ele>455.17947999999944</ele>
      </trkpt>
      <trkpt lat="46.4196957" lon="2.2505088">
        <ele>456.91108880640473</ele>
      </trkpt>
      <trkpt lat="46.4191143" lon="2.2504963">
        <ele>460.3522400000346</ele>
      </trkpt>
      <trkpt lat="46.4185739" lon="2.2503677">
        <ele>464.09059446880394</ele>
      </trkpt>
      <trkpt lat="46.4175482" lon="2.2499689">
        <ele>465.0</ele>
      </trkpt>
      <trkpt lat="46.4172877" lon="2.2498925">
        <ele>468.05711999995947</ele>
      </trkpt>
      <trkpt lat="46.4168543" lon="2.2499096">
        <ele>470.8943882111967</ele>
      </trkpt>
      <trkpt lat="46.4165865" lon="2.2502624">
        <ele>470.3279831039965</ele>
      </trkpt>
      <trkpt lat="46.4159629" lon="2.2507327">
        <ele>472.0</ele>
      </trkpt>
      <trkpt lat="46.4151952" lon="2.2512714">
        <ele>471.7202400000027</ele>
      </trkpt>
      <trkpt lat="46.414663" lon="2.251187">
        <ele>473.36815376001687</ele>
      </trkpt>
      <trkpt lat="46.4131497" lon="2.2515689">
        <ele>477.6610800000067</ele>
      </trkpt>
      <trkpt lat="46.4124707" lon="2.2518342">
        <ele>478.9581370976</ele>
      </trkpt>
      <trkpt lat="46.4113869" lon="2.2522644">
        <ele>480.0154071744267</ele>
      </trkpt>
      <trkpt lat="46.4108436" lon="2.252389">
        <ele>484.5264800000019</ele>
      </trkpt>
      <trkpt lat="46.4096895" lon="2.2522561">
        <ele>485.2356000000077</ele>
      </trkpt>
      <trkpt lat="46.4096689" lon="2.2532135">
        <ele>486.84337154400174</ele>
      </trkpt>
      <trkpt lat="46.4096519" lon="2.25342">
        <ele>487.02014591999915</ele>
      </trkpt>
      <trkpt lat="46.409615" lon="2.2536146">
        <ele>486.77199999998356</ele>
      </trkpt>
      <trkpt lat="46.4093316" lon="2.2545933">
        <ele>487.0</ele>
      </trkpt>
      <trkpt lat="46.4092701" lon="2.2548612">
        <ele>486.49967999999956</ele>
      </trkpt>
      <trkpt lat="46.4092543" lon="2.2549301">
        <ele>486.2516399999994</ele>
      </trkpt>
      <trkpt lat="46.4078924" lon="2.2536446">
        <ele>490.6581721215936</ele>
      </trkpt>
      <trkpt lat="46.4070413" lon="2.2528412">
        <ele>489.22832000000074</ele>
      </trkpt>
      <trkpt lat="46.4049341" lon="2.2508307">
        <ele>499.0022490352002</ele>
      </trkpt>
      <trkpt lat="46.4040577" lon="2.2502223">
        <ele>500.0783461615982</ele>
      </trkpt>
      <trkpt lat="46.4038156" lon="2.2500663">
        <ele>500.8242933311991</ele>
      </trkpt>
      <trkpt lat="46.4036629" lon="2.2499355">
        <ele>501.0432913680005</ele>
      </trkpt>
      <trkpt lat="46.4034323" lon="2.2497022">
        <ele>500.35627999999497</ele>
      </trkpt>
      <trkpt lat="46.4029279" lon="2.2491397">
        <ele>498.54044000000613</ele>
      </trkpt>
      <trkpt lat="46.4027504" lon="2.2487831">
        <ele>497.5581355904042</ele>
      </trkpt>
      <trkpt lat="46.4019587" lon="2.2469832">
        <ele>499.8604800000005</ele>
      </trkpt>
      <trkpt lat="46.4009229" lon="2.244655">
        <ele>491.3224399999915</ele>
      </trkpt>
      <trkpt lat="46.4007083" lon="2.2441508">
        <ele>490.9428799999996</ele>
      </trkpt>
      <trkpt lat="46.4000943" lon="2.2432281">
        <ele>488.33947999999737</ele>
      </trkpt>
      <trkpt lat="46.3998253" lon="2.2427341">
        <ele>487.74216000002434</ele>
      </trkpt>
      <trkpt lat="46.3994653" lon="2.2419621">
        <ele>487.9412120848011</ele>
      </trkpt>
      <trkpt lat="46.3986119" lon="2.2402879">
        <ele>488.0391765103965</ele>
      </trkpt>
      <trkpt lat="46.3978723" lon="2.2388931">
        <ele>489.9691586447674</ele>
      </trkpt>
      <trkpt lat="46.3976362" lon="2.2386682">
        <ele>491.7944799999992</ele>
      </trkpt>
      <trkpt lat="46.3977444" lon="2.2386293">
        <ele>491.93452000000025</ele>
      </trkpt>
      <trkpt lat="46.3978165" lon="2.2385636">
        <ele>491.58180000002585</ele>
      </trkpt>
      <trkpt lat="46.3978871" lon="2.2384853">
        <ele>490.8193200000178</ele>
      </trkpt>
      <trkpt lat="46.3979784" lon="2.2383249">
        <ele>489.7809927936044</ele>
      </trkpt>
      <trkpt lat="46.3980172" lon="2.2381908">
        <ele>488.4588516096224</ele>
      </trkpt>
      <trkpt lat="46.3980348" lon="2.2380258">
        <ele>487.18375599363026</ele>
      </trkpt>
      <trkpt lat="46.398032" lon="2.2378582">
        <ele>486.56847129599197</ele>
      </trkpt>
      <trkpt lat="46.3982197" lon="2.2378202">
        <ele>486.0624746976006</ele>
      </trkpt>
      <trkpt lat="46.3984898" lon="2.2378417">
        <ele>486.1296219936004</ele>
      </trkpt>
      <trkpt lat="46.3985538" lon="2.2378368">
        <ele>486.16864112640195</ele>
      </trkpt>
      <trkpt lat="46.3988036" lon="2.2378147">
        <ele>486.8258800000028</ele>
      </trkpt>
      <trkpt lat="46.3989164" lon="2.2377981">
        <ele>487.07316000000003</ele>
      </trkpt>
      <trkpt lat="46.3986936" lon="2.2367329">
        <ele>484.929192857599</ele>
      </trkpt>
      <trkpt lat="46.3987752" lon="2.2359864">
        <ele>484.4092799999896</ele>
      </trkpt>
      <trkpt lat="46.3988411" lon="2.2350532">
        <ele>481.3770291008117</ele>
      </trkpt>
      <trkpt lat="46.3988129" lon="2.2338606">
        <ele>478.26945935037685</ele>
      </trkpt>
      <trkpt lat="46.3972153" lon="2.2338383">
        <ele>475.81787999999983</ele>
      </trkpt>
      <trkpt lat="46.3971773" lon="2.2338378">
        <ele>475.8160799999996</ele>
      </trkpt>
      <trkpt lat="46.3967095" lon="2.2338788">
        <ele>475.11787999999956</ele>
      </trkpt>
      <trkpt lat="46.3962072" lon="2.2340062">
        <ele>473.76823999999726</ele>
      </trkpt>
      <trkpt lat="46.3958682" lon="2.2340836">
        <ele>472.8264800000085</ele>
      </trkpt>
      <trkpt lat="46.3954192" lon="2.2339926">
        <ele>473.0</ele>
      </trkpt>
      <trkpt lat="46.395026" lon="2.2337003">
        <ele>473.2274799999956</ele>
      </trkpt>
      <trkpt lat="46.3941106" lon="2.2328502">
        <ele>480.20184000000836</ele>
      </trkpt>
      <trkpt lat="46.3936081" lon="2.2325635">
        <ele>480.9975219760013</ele>
      </trkpt>
      <trkpt lat="46.3934008" lon="2.2324964">
        <ele>480.99018772480025</ele>
      </trkpt>
      <trkpt lat="46.3925623" lon="2.2322301">
        <ele>476.44856000001164</ele>
      </trkpt>
      <trkpt lat="46.3920967" lon="2.2319654">
        <ele>476.0</ele>
      </trkpt>
      <trkpt lat="46.3915815" lon="2.2317042">
        <ele>475.6934000000033</ele>
      </trkpt>
      <trkpt lat="46.3904386" lon="2.2311795">
        <ele>476.1902200480078</ele>
      </trkpt>
      <trkpt lat="46.3903" lon="2.2311372">
        <ele>475.9785664000109</ele>
      </trkpt>
      <trkpt lat="46.389918" lon="2.231046">
        <ele>477.2343999999997</ele>
      </trkpt>
      <trkpt lat="46.389587" lon="2.2309852">
        <ele>476.21353670398867</ele>
      </trkpt>
      <trkpt lat="46.388926" lon="2.230861">
        <ele>469.30119999997726</ele>
      </trkpt>
      <trkpt lat="46.3886838" lon="2.2308308">
        <ele>467.5324800000179</ele>
      </trkpt>
      <trkpt lat="46.3883976" lon="2.2307878">
        <ele>465.75263546878443</ele>
      </trkpt>
      <trkpt lat="46.3881855" lon="2.2307533">
        <ele>464.511839999991</ele>
      </trkpt>
      <trkpt lat="46.3880108" lon="2.2307112">
        <ele>463.64739875841826</ele>
      </trkpt>
      <trkpt lat="46.3878038" lon="2.2306458">
        <ele>462.8320452416022</ele>
      </trkpt>
      <trkpt lat="46.3876955" lon="2.2306205">
        <ele>461.8775999999948</ele>
      </trkpt>
      <trkpt lat="46.3875479" lon="2.230599">
        <ele>460.36092000001304</ele>
      </trkpt>
      <trkpt lat="46.387455" lon="2.2305785">
        <ele>459.59340000001987</ele>
      </trkpt>
      <trkpt lat="46.3874363" lon="2.2305682">
        <ele>459.49583999998106</ele>
      </trkpt>
      <trkpt lat="46.3874209" lon="2.2305458">
        <ele>459.4907192288169</ele>
      </trkpt>
      <trkpt lat="46.3874037" lon="2.2305086">
        <ele>459.5861172128017</ele>
      </trkpt>
      <trkpt lat="46.3873113" lon="2.2305186">
        <ele>458.817063267203</ele>
      </trkpt>
      <trkpt lat="46.387238" lon="2.2305205">
        <ele>458.2469681600271</ele>
      </trkpt>
      <trkpt lat="46.3871546" lon="2.2305108">
        <ele>458.12189694720195</ele>
      </trkpt>
      <trkpt lat="46.3870664" lon="2.2304893">
        <ele>458.10471982080185</ele>
      </trkpt>
      <trkpt lat="46.3869635" lon="2.2304513">
        <ele>458.02574695200036</ele>
      </trkpt>
      <trkpt lat="46.3863776" lon="2.2301275">
        <ele>457.90006624002643</ele>
      </trkpt>
      <trkpt lat="46.3859565" lon="2.2298886">
        <ele>454.33019999998805</ele>
      </trkpt>
      <trkpt lat="46.3855172" lon="2.2296399">
        <ele>451.1173586112115</ele>
      </trkpt>
      <trkpt lat="46.3850853" lon="2.2293902">
        <ele>448.61416000000054</ele>
      </trkpt>
      <trkpt lat="46.3846763" lon="2.2291581">
        <ele>445.8346800000086</ele>
      </trkpt>
      <trkpt lat="46.3843258" lon="2.2289541">
        <ele>445.0</ele>
      </trkpt>
      <trkpt lat="46.3842154" lon="2.2288899">
        <ele>445.0</ele>
      </trkpt>
      <trkpt lat="46.3837445" lon="2.2286256">
        <ele>444.0250472319998</ele>
      </trkpt>
      <trkpt lat="46.3831926" lon="2.2283148">
        <ele>441.4604430208036</ele>
      </trkpt>
      <trkpt lat="46.3831219" lon="2.2282729">
        <ele>441.18687796959705</ele>
      </trkpt>
      <trkpt lat="46.3828481" lon="2.2281109">
        <ele>440.4019604015904</ele>
      </trkpt>
      <trkpt lat="46.3826957" lon="2.2280293">
        <ele>439.7045199999975</ele>
      </trkpt>
      <trkpt lat="46.3824808" lon="2.2279071">
        <ele>438.8617600000234</ele>
      </trkpt>
      <trkpt lat="46.3820374" lon="2.2276584">
        <ele>437.14381488640214</ele>
      </trkpt>
      <trkpt lat="46.3817138" lon="2.2274683">
        <ele>437.1334838816002</ele>
      </trkpt>
      <trkpt lat="46.3816008" lon="2.2274039">
        <ele>437.1088400000035</ele>
      </trkpt>
      <trkpt lat="46.3814932" lon="2.2273307">
        <ele>436.98500000000456</ele>
      </trkpt>
      <trkpt lat="46.3812456" lon="2.2271406">
        <ele>437.0718400000005</ele>
      </trkpt>
      <trkpt lat="46.3811294" lon="2.2270448">
        <ele>437.3432799999973</ele>
      </trkpt>
      <trkpt lat="46.3810987" lon="2.2270635">
        <ele>437.0342901520232</ele>
      </trkpt>
      <trkpt lat="46.3810734" lon="2.2270858">
        <ele>436.6416344511855</ele>
      </trkpt>
      <trkpt lat="46.3810381" lon="2.2271365">
        <ele>435.9097924239801</ele>
      </trkpt>
      <trkpt lat="46.3809521" lon="2.2272989">
        <ele>433.6125763376168</ele>
      </trkpt>
      <trkpt lat="46.3806523" lon="2.2278533">
        <ele>427.32998963360797</ele>
      </trkpt>
      <trkpt lat="46.3805233" lon="2.2280796">
        <ele>425.9134399999998</ele>
      </trkpt>
      <trkpt lat="46.3804045" lon="2.2283092">
        <ele>425.08688000000006</ele>
      </trkpt>
      <trkpt lat="46.3803309" lon="2.228429">
        <ele>424.7214630559957</ele>
      </trkpt>
      <trkpt lat="46.3802744" lon="2.2284815">
        <ele>424.46659999999997</ele>
      </trkpt>
      <trkpt lat="46.3792297" lon="2.2289505">
        <ele>418.9547891440101</ele>
      </trkpt>
      <trkpt lat="46.3785847" lon="2.2292021">
        <ele>417.4596399999725</ele>
      </trkpt>
      <trkpt lat="46.3777599" lon="2.2295238">
        <ele>409.6683463648025</ele>
      </trkpt>
      <trkpt lat="46.3771242" lon="2.2298378">
        <ele>405.0881863103742</ele>
      </trkpt>
      <trkpt lat="46.3766933" lon="2.2303281">
        <ele>403.09587999999803</ele>
      </trkpt>
      <trkpt lat="46.3765157" lon="2.2305051">
        <ele>402.8025645855977</ele>
      </trkpt>
      <trkpt lat="46.37614" lon="2.2307814">
        <ele>404.54152384000247</ele>
      </trkpt>
      <trkpt lat="46.3759383" lon="2.2307841">
        <ele>406.6221445487849</ele>
      </trkpt>
      <trkpt lat="46.3758716" lon="2.2307073">
        <ele>407.07049553275647</ele>
      </trkpt>
      <trkpt lat="46.3753906" lon="2.2301537">
        <ele>410.47574354878265</ele>
      </trkpt>
      <trkpt lat="46.3749187" lon="2.2298185">
        <ele>413.31443422397587</ele>
      </trkpt>
      <trkpt lat="46.3747284" lon="2.2297747">
        <ele>415.7305231615708</ele>
      </trkpt>
      <trkpt lat="46.3747419" lon="2.2300455">
        <ele>414.85832000002483</ele>
      </trkpt>
      <trkpt lat="46.3747583" lon="2.2305179">
        <ele>414.1003469343962</ele>
      </trkpt>
      <trkpt lat="46.3747149" lon="2.2307667">
        <ele>413.2398799999992</ele>
      </trkpt>
      <trkpt lat="46.3740519" lon="2.2313786">
        <ele>414.39785655360805</ele>
      </trkpt>
      <trkpt lat="46.373274" lon="2.2321079">
        <ele>419.39047999999184</ele>
      </trkpt>
      <trkpt lat="46.3731817" lon="2.2321813">
        <ele>420.25123999998846</ele>
      </trkpt>
      <trkpt lat="46.3731107" lon="2.2322319">
        <ele>420.84323643680665</ele>
      </trkpt>
      <trkpt lat="46.3730139" lon="2.2322221">
        <ele>420.8492259823875</ele>
      </trkpt>
      <trkpt lat="46.3729328" lon="2.232256">
        <ele>420.7334174720031</ele>
      </trkpt>
      <trkpt lat="46.3729072" lon="2.2321543">
        <ele>420.10747324160013</ele>
      </trkpt>
      <trkpt lat="46.3728441" lon="2.2319272">
        <ele>418.8285822207994</ele>
      </trkpt>
      <trkpt lat="46.3728251" lon="2.2318477">
        <ele>418.01449298079893</ele>
      </trkpt>
      <trkpt lat="46.3726963" lon="2.2319305">
        <ele>418.2774846640065</ele>
      </trkpt>
      <trkpt lat="46.3720042" lon="2.2325581">
        <ele>422.8239144992046</ele>
      </trkpt>
      <trkpt lat="46.3718765" lon="2.2326359">
        <ele>423.48924</ele>
      </trkpt>
      <trkpt lat="46.371795" lon="2.2326332">
        <ele>423.47952</ele>
      </trkpt>
      <trkpt lat="46.3716692" lon="2.2325501">
        <ele>423.1803600000003</ele>
      </trkpt>
      <trkpt lat="46.3715693" lon="2.2325125">
        <ele>423.73026660001835</ele>
      </trkpt>
      <trkpt lat="46.3714434" lon="2.2326064">
        <ele>424.6826877696179</ele>
      </trkpt>
      <trkpt lat="46.3707364" lon="2.2325252">
        <ele>427.8793600000113</ele>
      </trkpt>
      <trkpt lat="46.3703652" lon="2.2323956">
        <ele>428.8817156351971</ele>
      </trkpt>
      <trkpt lat="46.3696365" lon="2.2321894">
        <ele>430.15397582400556</ele>
      </trkpt>
      <trkpt lat="46.3691613" lon="2.2320758">
        <ele>431.00913604159695</ele>
      </trkpt>
      <trkpt lat="46.3688676" lon="2.2320083">
        <ele>431.2474980031985</ele>
      </trkpt>
      <trkpt lat="46.368729" lon="2.2319806">
        <ele>431.205080095999</ele>
      </trkpt>
      <trkpt lat="46.3684973" lon="2.2319436">
        <ele>431.8163999999907</ele>
      </trkpt>
      <trkpt lat="46.3683295" lon="2.2319304">
        <ele>432.95013772799973</ele>
      </trkpt>
      <trkpt lat="46.3682182" lon="2.2318947">
        <ele>432.8951450783988</ele>
      </trkpt>
      <trkpt lat="46.3680659" lon="2.231863">
        <ele>432.9890812320024</ele>
      </trkpt>
      <trkpt lat="46.3679829" lon="2.231863">
        <ele>432.7384400000044</ele>
      </trkpt>
      <trkpt lat="46.3679364" lon="2.2318696">
        <ele>432.5710399999921</ele>
      </trkpt>
      <trkpt lat="46.3678799" lon="2.2318986">
        <ele>432.367639999994</ele>
      </trkpt>
      <trkpt lat="46.3676327" lon="2.2321022">
        <ele>432.04564000000505</ele>
      </trkpt>
      <trkpt lat="46.3675315" lon="2.2321855">
        <ele>431.9811999999938</ele>
      </trkpt>
      <trkpt lat="46.3674649" lon="2.2322397">
        <ele>431.81815057121173</ele>
      </trkpt>
      <trkpt lat="46.3674147" lon="2.2322621">
        <ele>431.5734844047834</ele>
      </trkpt>
      <trkpt lat="46.36708" lon="2.2323679">
        <ele>429.75636672001195</ele>
      </trkpt>
      <trkpt lat="46.3669879" lon="2.2323903">
        <ele>429.01261871518176</ele>
      </trkpt>
      <trkpt lat="46.3668985" lon="2.232434">
        <ele>428.431599999984</ele>
      </trkpt>
      <trkpt lat="46.3667279" lon="2.2325675">
        <ele>427.73744692000645</ele>
      </trkpt>
      <trkpt lat="46.366571" lon="2.2326692">
        <ele>427.05493907200264</ele>
      </trkpt>
      <trkpt lat="46.3663421" lon="2.2327895">
        <ele>426.0279836639991</ele>
      </trkpt>
      <trkpt lat="46.3661223" lon="2.2329217">
        <ele>425.5236197472029</ele>
      </trkpt>
      <trkpt lat="46.3659636" lon="2.2330156">
        <ele>424.5364152064027</ele>
      </trkpt>
      <trkpt lat="46.3657739" lon="2.2331623">
        <ele>423.35224109760264</ele>
      </trkpt>
      <trkpt lat="46.3656288" lon="2.2332865">
        <ele>422.92031289600413</ele>
      </trkpt>
      <trkpt lat="46.3654747" lon="2.2334266">
        <ele>422.41784000000007</ele>
      </trkpt>
      <trkpt lat="46.3653187" lon="2.2335826">
        <ele>421.29464000002235</ele>
      </trkpt>
      <trkpt lat="46.3652786" lon="2.233613">
        <ele>421.005899872025</ele>
      </trkpt>
      <trkpt lat="46.3651806" lon="2.2336649">
        <ele>420.6501600000079</ele>
      </trkpt>
      <trkpt lat="46.3649987" lon="2.2337452">
        <ele>419.99532000000363</ele>
      </trkpt>
      <trkpt lat="46.3648168" lon="2.2338406">
        <ele>419.3404799999994</ele>
      </trkpt>
      <trkpt lat="46.3644724" lon="2.2340182">
        <ele>418.1006399999885</ele>
      </trkpt>
      <trkpt lat="46.3642673" lon="2.2341154">
        <ele>418.520022396795</ele>
      </trkpt>
      <trkpt lat="46.364079" lon="2.2341859">
        <ele>419.0692399999998</ele>
      </trkpt>
      <trkpt lat="46.3638126" lon="2.2342765">
        <ele>419.9446799999797</ele>
      </trkpt>
      <trkpt lat="46.3635773" lon="2.2343841">
        <ele>421.8780375471927</ele>
      </trkpt>
      <trkpt lat="46.3634275" lon="2.2344341">
        <ele>422.59914435999974</ele>
      </trkpt>
      <trkpt lat="46.3633347" lon="2.2344516">
        <ele>422.9950799999897</ele>
      </trkpt>
      <trkpt lat="46.3632591" lon="2.2344575">
        <ele>422.47808028000327</ele>
      </trkpt>
      <trkpt lat="46.363196" lon="2.2344523">
        <ele>422.02518163201484</ele>
      </trkpt>
      <trkpt lat="46.3630734" lon="2.2344308">
        <ele>421.0762045311831</ele>
      </trkpt>
      <trkpt lat="46.3629438" lon="2.2343934">
        <ele>420.4139199999877</ele>
      </trkpt>
      <trkpt lat="46.3628187" lon="2.2343522">
        <ele>419.81523999999376</ele>
      </trkpt>
      <trkpt lat="46.3626413" lon="2.2342793">
        <ele>419.40547999999944</ele>
      </trkpt>
      <trkpt lat="46.3625471" lon="2.2342298">
        <ele>419.2272800000002</ele>
      </trkpt>
      <trkpt lat="46.3624278" lon="2.2341513">
        <ele>419.0</ele>
      </trkpt>
      <trkpt lat="46.3623743" lon="2.2341214">
        <ele>419.0</ele>
      </trkpt>
      <trkpt lat="46.3623336" lon="2.2341074">
        <ele>419.0</ele>
      </trkpt>
      <trkpt lat="46.3622705" lon="2.234098">
        <ele>419.0</ele>
      </trkpt>
      <trkpt lat="46.3622197" lon="2.234167">
        <ele>419.0102800000095</ele>
      </trkpt>
      <trkpt lat="46.3621377" lon="2.234242">
        <ele>419.5754800000069</ele>
      </trkpt>
      <trkpt lat="46.3620644" lon="2.2342931">
        <ele>420.023319999995</ele>
      </trkpt>
      <trkpt lat="46.3619637" lon="2.2343607">
        <ele>420.62920000001077</ele>
      </trkpt>
      <trkpt lat="46.361824" lon="2.2344578">
        <ele>421.46083251200474</ele>
      </trkpt>
      <trkpt lat="46.3613214" lon="2.2347817">
        <ele>423.4338974047911</ele>
      </trkpt>
      <trkpt lat="46.3611973" lon="2.2348102">
        <ele>424.16099188159615</ele>
      </trkpt>
      <trkpt lat="46.3610985" lon="2.2347591">
        <ele>424.9126400000097</ele>
      </trkpt>
      <trkpt lat="46.3608647" lon="2.2349609">
        <ele>425.0278399999985</ele>
      </trkpt>
      <trkpt lat="46.3609049" lon="2.2352908">
        <ele>423.8835163264002</ele>
      </trkpt>
      <trkpt lat="46.3605149" lon="2.2354031">
        <ele>419.2074399999808</ele>
      </trkpt>
      <trkpt lat="46.3603986" lon="2.2354263">
        <ele>417.7008400000384</ele>
      </trkpt>
      <trkpt lat="46.3602971" lon="2.235466">
        <ele>416.1758799999636</ele>
      </trkpt>
      <trkpt lat="46.3601666" lon="2.2355197">
        <ele>414.48343404159385</ele>
      </trkpt>
      <trkpt lat="46.36013" lon="2.2355646">
        <ele>413.8882019199861</ele>
      </trkpt>
      <trkpt lat="46.3600554" lon="2.235584">
        <ele>413.2760573440023</ele>
      </trkpt>
      <trkpt lat="46.359906" lon="2.2356228">
        <ele>412.0811200000169</ele>
      </trkpt>
      <trkpt lat="46.3598088" lon="2.2356691">
        <ele>411.2146000000233</ele>
      </trkpt>
      <trkpt lat="46.3596541" lon="2.2357298">
        <ele>410.3727199999996</ele>
      </trkpt>
      <trkpt lat="46.3593834" lon="2.2358349">
        <ele>409.7745999999954</ele>
      </trkpt>
      <trkpt lat="46.3592094" lon="2.2359353">
        <ele>408.786759999991</ele>
      </trkpt>
      <trkpt lat="46.3590079" lon="2.2360567">
        <ele>406.48120000001893</ele>
      </trkpt>
      <trkpt lat="46.3589113" lon="2.2361058">
        <ele>405.2611600000288</ele>
      </trkpt>
      <trkpt lat="46.3588371" lon="2.2361875">
        <ele>404.5385600000077</ele>
      </trkpt>
      <trkpt lat="46.3587163" lon="2.2362575">
        <ele>403.8516799999919</ele>
      </trkpt>
      <trkpt lat="46.3586035" lon="2.2363042">
        <ele>403.2774800000028</ele>
      </trkpt>
      <trkpt lat="46.358539" lon="2.2363253">
        <ele>402.9693200000021</ele>
      </trkpt>
      <trkpt lat="46.3584294" lon="2.2363673">
        <ele>402.4235599999952</ele>
      </trkpt>
      <trkpt lat="46.3583166" lon="2.236386">
        <ele>401.9495335040071</ele>
      </trkpt>
      <trkpt lat="46.3582538" lon="2.2364046">
        <ele>401.65711999999917</ele>
      </trkpt>
      <trkpt lat="46.3581635" lon="2.2364233">
        <ele>401.2647200000131</ele>
      </trkpt>
      <trkpt lat="46.3580652" lon="2.2364257">
        <ele>400.9021999999957</ele>
      </trkpt>
      <trkpt lat="46.3579524" lon="2.2363883">
        <ele>400.6286400000074</ele>
      </trkpt>
      <trkpt lat="46.3578364" lon="2.2363626">
        <ele>400.2110399999874</ele>
      </trkpt>
      <trkpt lat="46.3577413" lon="2.2363276">
        <ele>399.9710255552006</ele>
      </trkpt>
      <trkpt lat="46.3576205" lon="2.2363019">
        <ele>399.82268880800325</ele>
      </trkpt>
      <trkpt lat="46.357411" lon="2.2362062">
        <ele>399.3423199999993</ele>
      </trkpt>
      <trkpt lat="46.3572982" lon="2.2362015">
        <ele>399.32539999999983</ele>
      </trkpt>
      <trkpt lat="46.3571918" lon="2.2361922">
        <ele>399.3374978431964</ele>
      </trkpt>
      <trkpt lat="46.3570758" lon="2.2362108">
        <ele>399.50765434880316</ele>
      </trkpt>
      <trkpt lat="46.356963" lon="2.2362038">
        <ele>399.644099647999</ele>
      </trkpt>
      <trkpt lat="46.3569049" lon="2.2361968">
        <ele>399.5491600000123</ele>
      </trkpt>
      <trkpt lat="46.3568163" lon="2.2361431">
        <ele>399.423519999994</ele>
      </trkpt>
      <trkpt lat="46.3567422" lon="2.2361174">
        <ele>399.24927999999795</ele>
      </trkpt>
      <trkpt lat="46.3566987" lon="2.2361711">
        <ele>398.89936000000955</ele>
      </trkpt>
      <trkpt lat="46.3566455" lon="2.2362178">
        <ele>398.4927868959948</ele>
      </trkpt>
      <trkpt lat="46.3565756" lon="2.2362685">
        <ele>397.9634741439965</ele>
      </trkpt>
      <trkpt lat="46.3564919" lon="2.2364864">
        <ele>397.3708400000064</ele>
      </trkpt>
      <trkpt lat="46.3564291" lon="2.2367042">
        <ele>397.12520002879904</ele>
      </trkpt>
      <trkpt lat="46.3563219" lon="2.2368024">
        <ele>397.23568084480905</ele>
      </trkpt>
      <trkpt lat="46.3562672" lon="2.2368553">
        <ele>397.5949827328117</ele>
      </trkpt>
      <trkpt lat="46.3561872" lon="2.2369305">
        <ele>398.37926156799546</ele>
      </trkpt>
      <trkpt lat="46.3561311" lon="2.236959">
        <ele>398.85608000000775</ele>
      </trkpt>
      <trkpt lat="46.356075" lon="2.2369203">
        <ele>398.8148603999989</ele>
      </trkpt>
      <trkpt lat="46.3559936" lon="2.2368594">
        <ele>398.2581620735992</ele>
      </trkpt>
      <trkpt lat="46.3558996" lon="2.2367699">
        <ele>397.26482156160256</ele>
      </trkpt>
      <trkpt lat="46.3558603" lon="2.236711">
        <ele>396.5603860320113</ele>
      </trkpt>
      <trkpt lat="46.3557607" lon="2.2366906">
        <ele>396.7589108832188</ele>
      </trkpt>
      <trkpt lat="46.3556892" lon="2.2366317">
        <ele>396.78124677119524</ele>
      </trkpt>
      <trkpt lat="46.3556232" lon="2.236587">
        <ele>396.79224307201844</ele>
      </trkpt>
      <trkpt lat="46.3554633" lon="2.2364487">
        <ele>395.6459599999994</ele>
      </trkpt>
      <trkpt lat="46.3552192" lon="2.2362475">
        <ele>394.1928799999994</ele>
      </trkpt>
      <trkpt lat="46.3551294" lon="2.2361886">
        <ele>394.0920799999915</ele>
      </trkpt>
      <trkpt lat="46.3550592" lon="2.2361804">
        <ele>394.2857600000009</ele>
      </trkpt>
      <trkpt lat="46.3549372" lon="2.2361642">
        <ele>394.56511159039536</ele>
      </trkpt>
      <trkpt lat="46.3548207" lon="2.2362028">
        <ele>395.0925799616058</ele>
      </trkpt>
      <trkpt lat="46.3547169" lon="2.2362678">
        <ele>395.57488777279997</ele>
      </trkpt>
      <trkpt lat="46.3546692" lon="2.2363044">
        <ele>395.82866193920836</ele>
      </trkpt>
      <trkpt lat="46.3546019" lon="2.2363695">
        <ele>396.3331254320038</ele>
      </trkpt>
      <trkpt lat="46.3545135" lon="2.2363837">
        <ele>396.7186838479906</ele>
      </trkpt>
      <trkpt lat="46.3544588" lon="2.2363776">
        <ele>396.86914027518833</ele>
      </trkpt>
      <trkpt lat="46.3544055" lon="2.2363349">
        <ele>396.75148000000604</ele>
      </trkpt>
      <trkpt lat="46.3543536" lon="2.2362394">
        <ele>396.25071999998954</ele>
      </trkpt>
      <trkpt lat="46.3543213" lon="2.2361438">
        <ele>395.6786799999902</ele>
      </trkpt>
      <trkpt lat="46.3542862" lon="2.2360402">
        <ele>395.314400000011</ele>
      </trkpt>
      <trkpt lat="46.3542076" lon="2.2358918">
        <ele>395.0631199999922</ele>
      </trkpt>
      <trkpt lat="46.3540968" lon="2.2358023">
        <ele>394.77656000000025</ele>
      </trkpt>
      <trkpt lat="46.3540224" lon="2.2357454">
        <ele>394.3668799999991</ele>
      </trkpt>
      <trkpt lat="46.3539649" lon="2.235658">
        <ele>393.7375999999995</ele>
      </trkpt>
      <trkpt lat="46.3538779" lon="2.2355564">
        <ele>393.0456399999989</ele>
      </trkpt>
      <trkpt lat="46.3537587" lon="2.2354425">
        <ele>393.0616799999992</ele>
      </trkpt>
      <trkpt lat="46.3536745" lon="2.2354039">
        <ele>393.225840000012</ele>
      </trkpt>
      <trkpt lat="46.3534248" lon="2.2353165">
        <ele>393.9036183680047</ele>
      </trkpt>
      <trkpt lat="46.3532775" lon="2.2352311">
        <ele>393.99918396000845</ele>
      </trkpt>
      <trkpt lat="46.3531582" lon="2.2351112">
        <ele>393.65271375359566</ele>
      </trkpt>
      <trkpt lat="46.3530502" lon="2.2350035">
        <ele>393.02519999999936</ele>
      </trkpt>
      <trkpt lat="46.3529309" lon="2.2349405">
        <ele>392.88192439200236</ele>
      </trkpt>
      <trkpt lat="46.3528201" lon="2.2348978">
        <ele>392.9439437087969</ele>
      </trkpt>
      <trkpt lat="46.3527443" lon="2.2348774">
        <ele>393.0673272928046</ele>
      </trkpt>
      <trkpt lat="46.3526587" lon="2.2348449">
        <ele>393.1893222352014</ele>
      </trkpt>
      <trkpt lat="46.3525745" lon="2.2347982">
        <ele>393.20016193599764</ele>
      </trkpt>
      <trkpt lat="46.3524595" lon="2.23479">
        <ele>393.24399999999935</ele>
      </trkpt>
      <trkpt lat="46.3523949" lon="2.2348205">
        <ele>393.3538000000003</ele>
      </trkpt>
      <trkpt lat="46.3523458" lon="2.2348937">
        <ele>393.61732000000075</ele>
      </trkpt>
      <trkpt lat="46.3522995" lon="2.2350197">
        <ele>394.0197299440003</ele>
      </trkpt>
      <trkpt lat="46.3522743" lon="2.2351783">
        <ele>394.12033966239466</ele>
      </trkpt>
      <trkpt lat="46.3522238" lon="2.2353775">
        <ele>394.7216408799922</ele>
      </trkpt>
      <trkpt lat="46.3521691" lon="2.2355076">
        <ele>395.49649567359296</ele>
      </trkpt>
      <trkpt lat="46.3520947" lon="2.2355442">
        <ele>395.47792719040785</ele>
      </trkpt>
      <trkpt lat="46.3520316" lon="2.2355198">
        <ele>395.14465281278956</ele>
      </trkpt>
      <trkpt lat="46.3518576" lon="2.235471">
        <ele>394.6955999999999</ele>
      </trkpt>
      <trkpt lat="46.3517692" lon="2.2354059">
        <ele>394.46123999999986</ele>
      </trkpt>
      <trkpt lat="46.351718" lon="2.2352618">
        <ele>394.0</ele>
      </trkpt>
      <trkpt lat="46.3517103" lon="2.2350462">
        <ele>394.0</ele>
      </trkpt>
      <trkpt lat="46.3517047" lon="2.2348429">
        <ele>393.51187647519765</ele>
      </trkpt>
      <trkpt lat="46.3517201" lon="2.234603">
        <ele>392.6805990880024</ele>
      </trkpt>
      <trkpt lat="46.3517566" lon="2.2343591">
        <ele>391.69275999999934</ele>
      </trkpt>
      <trkpt lat="46.3518173" lon="2.2340212">
        <ele>391.2839811904009</ele>
      </trkpt>
      <trkpt lat="46.3518238" lon="2.2339782">
        <ele>391.3838025663955</ele>
      </trkpt>
      <trkpt lat="46.3518297" lon="2.233933">
        <ele>391.4937171040098</ele>
      </trkpt>
      <trkpt lat="46.3518295" lon="2.2338531">
        <ele>391.7150400000029</ele>
      </trkpt>
      <trkpt lat="46.3517794" lon="2.2338488">
        <ele>391.55015999999284</ele>
      </trkpt>
      <trkpt lat="46.3516718" lon="2.2338459">
        <ele>391.17323999999405</ele>
      </trkpt>
      <trkpt lat="46.3515715" lon="2.2337927">
        <ele>390.6610799999902</ele>
      </trkpt>
      <trkpt lat="46.3514482" lon="2.2337146">
        <ele>390.0544800000009</ele>
      </trkpt>
      <trkpt lat="46.3513054" lon="2.2336405">
        <ele>389.32487924800773</ele>
      </trkpt>
      <trkpt lat="46.3511626" lon="2.2335649">
        <ele>388.5370800000147</ele>
      </trkpt>
      <trkpt lat="46.3510419" lon="2.2334773">
        <ele>388.11253464479154</ele>
      </trkpt>
      <trkpt lat="46.3509002" lon="2.2333945">
        <ele>387.4284334559877</ele>
      </trkpt>
      <trkpt lat="46.3502839" lon="2.2329445">
        <ele>386.0</ele>
      </trkpt>
      <trkpt lat="46.3500316" lon="2.2327585">
        <ele>386.8326298879966</ele>
      </trkpt>
      <trkpt lat="46.3498121" lon="2.2326107">
        <ele>387.0749599999955</ele>
      </trkpt>
      <trkpt lat="46.3496087" lon="2.2324937">
        <ele>386.6005888623911</ele>
      </trkpt>
      <trkpt lat="46.3494446" lon="2.2324045">
        <ele>386.3441674719961</ele>
      </trkpt>
      <trkpt lat="46.3491737" lon="2.2322315">
        <ele>385.0172400000099</ele>
      </trkpt>
      <trkpt lat="46.3492227" lon="2.2319534">
        <ele>386.37119999998924</ele>
      </trkpt>
      <trkpt lat="46.3494113" lon="2.2314455">
        <ele>390.37807741599937</ele>
      </trkpt>
      <trkpt lat="46.3494254" lon="2.231172">
        <ele>390.8628800000088</ele>
      </trkpt>
      <trkpt lat="46.3494276" lon="2.2310594">
        <ele>390.70384874238994</ele>
      </trkpt>
      <trkpt lat="46.3494371" lon="2.2306924">
        <ele>389.4662000000111</ele>
      </trkpt>
      <trkpt lat="46.3494389" lon="2.2306529">
        <ele>389.3304800000093</ele>
      </trkpt>
      <trkpt lat="46.3494016" lon="2.2306509">
        <ele>389.189000000001</ele>
      </trkpt>
      <trkpt lat="46.3494067" lon="2.2305211">
        <ele>388.86412000001064</ele>
      </trkpt>
      <trkpt lat="46.3494234" lon="2.2303612">
        <ele>388.9242399999971</ele>
      </trkpt>
      <trkpt lat="46.3494452" lon="2.2301997">
        <ele>388.7208754623951</ele>
      </trkpt>
      <trkpt lat="46.3494429" lon="2.2301506">
        <ele>388.53659999999877</ele>
      </trkpt>
      <trkpt lat="46.349424" lon="2.2300141">
        <ele>387.9771599999966</ele>
      </trkpt>
      <trkpt lat="46.3494131" lon="2.2299167">
        <ele>387.6211184591987</ele>
      </trkpt>
      <trkpt lat="46.3494159" lon="2.2298468">
        <ele>387.4023941951941</ele>
      </trkpt>
      <trkpt lat="46.3493987" lon="2.229781">
        <ele>387.17675371200147</ele>
      </trkpt>
      <trkpt lat="46.3493677" lon="2.2297244">
        <ele>387.00567396479966</ele>
      </trkpt>
      <trkpt lat="46.349332" lon="2.2296886">
        <ele>386.9510030079984</ele>
      </trkpt>
      <trkpt lat="46.3493484" lon="2.2296548">
        <ele>386.91607713279717</ele>
      </trkpt>
      <trkpt lat="46.3490943" lon="2.2294297">
        <ele>385.9607484016001</ele>
      </trkpt>
      <trkpt lat="46.348674" lon="2.2291305">
        <ele>386.87432271998915</ele>
      </trkpt>
      <trkpt lat="46.348515" lon="2.2289979">
        <ele>387.60756000000003</ele>
      </trkpt>
      <trkpt lat="46.3483006" lon="2.2288012">
        <ele>387.8015197312106</ele>
      </trkpt>
      <trkpt lat="46.3481837" lon="2.2286605">
        <ele>387.365542695999</ele>
      </trkpt>
      <trkpt lat="46.3480893" lon="2.2285192">
        <ele>387.12147999999297</ele>
      </trkpt>
      <trkpt lat="46.3480265" lon="2.2284155">
        <ele>386.89540000001125</ele>
      </trkpt>
      <trkpt lat="46.3479517" lon="2.228278">
        <ele>386.55164310401295</ele>
      </trkpt>
      <trkpt lat="46.3479211" lon="2.228159">
        <ele>386.21217649600356</ele>
      </trkpt>
      <trkpt lat="46.3478358" lon="2.2279689">
        <ele>385.3525977951914</ele>
      </trkpt>
      <trkpt lat="46.3478026" lon="2.2279994">
        <ele>385.16065498240886</ele>
      </trkpt>
      <trkpt lat="46.3477793" lon="2.2280064">
        <ele>385.00999025919424</ele>
      </trkpt>
      <trkpt lat="46.3477404" lon="2.2280051">
        <ele>384.8654399999973</ele>
      </trkpt>
      <trkpt lat="46.3476601" lon="2.2279916">
        <ele>384.5763599999957</ele>
      </trkpt>
      <trkpt lat="46.3473692" lon="2.2278535">
        <ele>384.3425181119923</ele>
      </trkpt>
      <trkpt lat="46.3470812" lon="2.2277104">
        <ele>385.0</ele>
      </trkpt>
      <trkpt lat="46.346886" lon="2.2276108">
        <ele>385.08392435200307</ele>
      </trkpt>
      <trkpt lat="46.3467027" lon="2.2275209">
        <ele>385.06547986719966</ele>
      </trkpt>
      <trkpt lat="46.3466703" lon="2.2275075">
        <ele>385.02664684000075</ele>
      </trkpt>
      <trkpt lat="46.3466406" lon="2.2275008">
        <ele>384.9087697408025</ele>
      </trkpt>
      <trkpt lat="46.3466102" lon="2.2275167">
        <ele>384.8446188064019</ele>
      </trkpt>
      <trkpt lat="46.3465656" lon="2.2274834">
        <ele>384.57639999999355</ele>
      </trkpt>
      <trkpt lat="46.3463145" lon="2.2273389">
        <ele>383.15223999999364</ele>
      </trkpt>
      <trkpt lat="46.3460979" lon="2.2272143">
        <ele>381.949727177587</ele>
      </trkpt>
      <trkpt lat="46.3459671" lon="2.2270704">
        <ele>380.91484286722175</ele>
      </trkpt>
      <trkpt lat="46.3456508" lon="2.2266929">
        <ele>377.37526158720567</ele>
      </trkpt>
      <trkpt lat="46.345463" lon="2.2264532">
        <ele>375.8211775360098</ele>
      </trkpt>
      <trkpt lat="46.3454308" lon="2.2263959">
        <ele>375.56478421120954</ele>
      </trkpt>
      <trkpt lat="46.345922" lon="2.2258761">
        <ele>376.4731600000051</ele>
      </trkpt>
      <trkpt lat="46.345974" lon="2.2257887">
        <ele>376.2664083519918</ele>
      </trkpt>
      <trkpt lat="46.3459778" lon="2.2257334">
        <ele>375.98766398080113</ele>
      </trkpt>
      <trkpt lat="46.3460954" lon="2.2256361">
        <ele>376.193240137618</ele>
      </trkpt>
      <trkpt lat="46.3461868" lon="2.2255451">
        <ele>376.2450961471934</ele>
      </trkpt>
      <trkpt lat="46.3463209" lon="2.2253907">
        <ele>376.6099798352117</ele>
      </trkpt>
      <trkpt lat="46.3464736" lon="2.2251781">
        <ele>377.10943184640394</ele>
      </trkpt>
      <trkpt lat="46.3465471" lon="2.2250547">
        <ele>377.4574022448068</ele>
      </trkpt>
      <trkpt lat="46.3466054" lon="2.2249554">
        <ele>377.779440000005</ele>
      </trkpt>
      <trkpt lat="46.3466647" lon="2.2248271">
        <ele>377.99291999999286</ele>
      </trkpt>
      <trkpt lat="46.3467462" lon="2.2246268">
        <ele>378.0</ele>
      </trkpt>
      <trkpt lat="46.3468182" lon="2.2244313">
        <ele>377.95268</ele>
      </trkpt>
      <trkpt lat="46.3468397" lon="2.2243528">
        <ele>377.67008000000044</ele>
      </trkpt>
      <trkpt lat="46.3468715" lon="2.2242358">
        <ele>377.2488800000008</ele>
      </trkpt>
      <trkpt lat="46.3474633" lon="2.2217927">
        <ele>373.0</ele>
      </trkpt>
      <trkpt lat="46.3475125" lon="2.2215924">
        <ele>372.9549999999981</ele>
      </trkpt>
      <trkpt lat="46.3475391" lon="2.2214763">
        <ele>372.8592400000043</ele>
      </trkpt>
      <trkpt lat="46.3476562" lon="2.2209832">
        <ele>372.2361371135943</ele>
      </trkpt>
      <trkpt lat="46.3476741" lon="2.2209065">
        <ele>372.0983114160008</ele>
      </trkpt>
      <trkpt lat="46.3477405" lon="2.2206346">
        <ele>372.0960120479989</ele>
      </trkpt>
      <trkpt lat="46.3478039" lon="2.2203521">
        <ele>372.0</ele>
      </trkpt>
      <trkpt lat="46.3478404" lon="2.2201449">
        <ele>372.0</ele>
      </trkpt>
      <trkpt lat="46.3478609" lon="2.2199851">
        <ele>372.0160512335999</ele>
      </trkpt>
      <trkpt lat="46.3478757" lon="2.2197922">
        <ele>372.26371316160794</ele>
      </trkpt>
      <trkpt lat="46.3479927" lon="2.2182874">
        <ele>374.3350753215859</ele>
      </trkpt>
      <trkpt lat="46.347998" lon="2.2182188">
        <ele>374.7543854079653</ele>
      </trkpt>
      <trkpt lat="46.3480502" lon="2.2175491">
        <ele>377.80396000001133</ele>
      </trkpt>
      <trkpt lat="46.3480883" lon="2.2171163">
        <ele>379.0</ele>
      </trkpt>
      <trkpt lat="46.3480922" lon="2.2170512">
        <ele>379.0</ele>
      </trkpt>
      <trkpt lat="46.3481118" lon="2.2167202">
        <ele>379.6438219456052</ele>
      </trkpt>
      <trkpt lat="46.3481107" lon="2.2166446">
        <ele>379.8014800000019</ele>
      </trkpt>
      <trkpt lat="46.3481163" lon="2.2164823">
        <ele>379.78131999999664</ele>
      </trkpt>
      <trkpt lat="46.3481477" lon="2.2162597">
        <ele>379.3574763376035</ele>
      </trkpt>
      <trkpt lat="46.3481781" lon="2.2159979">
        <ele>378.5444783391955</ele>
      </trkpt>
      <trkpt lat="46.3482459" lon="2.2152592">
        <ele>375.68524000000707</ele>
      </trkpt>
      <trkpt lat="46.3482649" lon="2.2151299">
        <ele>375.7536399999881</ele>
      </trkpt>
      <trkpt lat="46.3482859" lon="2.2150376">
        <ele>375.82924000000185</ele>
      </trkpt>
      <trkpt lat="46.3483191" lon="2.21496">
        <ele>375.8121385599929</ele>
      </trkpt>
      <trkpt lat="46.3483867" lon="2.2148452">
        <ele>375.74190463359406</ele>
      </trkpt>
      <trkpt lat="46.3484746" lon="2.2147397">
        <ele>376.04804140482065</ele>
      </trkpt>
      <trkpt lat="46.3485895" lon="2.2146524">
        <ele>376.86395580801747</ele>
      </trkpt>
      <trkpt lat="46.34868" lon="2.2145942">
        <ele>377.4960000000119</ele>
      </trkpt>
      <trkpt lat="46.348733" lon="2.2145457">
        <ele>377.8776000000207</ele>
      </trkpt>
      <trkpt lat="46.3490438" lon="2.2143365">
        <ele>379.72956555199335</ele>
      </trkpt>
      <trkpt lat="46.3491092" lon="2.2142777">
        <ele>379.91730592640147</ele>
      </trkpt>
      <trkpt lat="46.3491494" lon="2.2142376">
        <ele>379.98412682240155</ele>
      </trkpt>
      <trkpt lat="46.349473" lon="2.2138976">
        <ele>379.73490380797597</ele>
      </trkpt>
      <trkpt lat="46.3495024" lon="2.2138764">
        <ele>379.58272000000943</ele>
      </trkpt>
      <trkpt lat="46.3496335" lon="2.2137476">
        <ele>378.6387999999779</ele>
      </trkpt>
      <trkpt lat="46.3497262" lon="2.2136566">
        <ele>377.9690149568064</ele>
      </trkpt>
      <trkpt lat="46.3497108" lon="2.2136176">
        <ele>378.08224000002247</ele>
      </trkpt>
      <trkpt lat="46.349672" lon="2.2135345">
        <ele>378.3616000000129</ele>
      </trkpt>
    </trkseg>
    <trkseg>
      <trkpt lat="46.5588963" lon="2.5834191">
        <ele>179.97331999999756</ele>
      </trkpt>
      <trkpt lat="46.5589207" lon="2.5834469">
        <ele>179.88547999999423</ele>
      </trkpt>
      <trkpt lat="46.5589905" lon="2.5835437">
        <ele>179.6341999999995</ele>
      </trkpt>
      <trkpt lat="46.559854" lon="2.5845686">
        <ele>178.52559999999494</ele>
      </trkpt>
      <trkpt lat="46.5602177" lon="2.5850406">
        <ele>178.0</ele>
      </trkpt>
      <trkpt lat="46.5605587" lon="2.5856238">
        <ele>178.24568</ele>
      </trkpt>
      <trkpt lat="46.5588649" lon="2.5834459">
        <ele>180.0</ele>
      </trkpt>
      <trkpt lat="46.5588963" lon="2.5834191">
        <ele>179.97331999999756</ele>
      </trkpt>
      <trkpt lat="46.5588649" lon="2.5834459">
        <ele>180.0</ele>
      </trkpt>
      <trkpt lat="46.5588511" lon="2.5834112">
        <ele>180.0</ele>
      </trkpt>
      <trkpt lat="46.5587524" lon="2.5832301">
        <ele>179.81096903039625</ele>
      </trkpt>
      <trkpt lat="46.5583974" lon="2.5827738">
        <ele>180.76936000001115</ele>
      </trkpt>
      <trkpt lat="46.5582973" lon="2.5826452">
        <ele>181.06191276160084</ele>
      </trkpt>
      <trkpt lat="46.5579146" lon="2.582211">
        <ele>181.47205942398745</ele>
      </trkpt>
      <trkpt lat="46.5577157" lon="2.5819663">
        <ele>180.0610965936005</ele>
      </trkpt>
      <trkpt lat="46.5575729" lon="2.5818172">
        <ele>180.0</ele>
      </trkpt>
      <trkpt lat="46.557418" lon="2.5815597">
        <ele>180.95168438400276</ele>
      </trkpt>
      <trkpt lat="46.557308" lon="2.581354">
        <ele>182.1255999999994</ele>
      </trkpt>
      <trkpt lat="46.55706" lon="2.5811812">
        <ele>181.72703487999948</ele>
      </trkpt>
      <trkpt lat="46.5570099" lon="2.5811977">
        <ele>181.397826299182</ele>
      </trkpt>
      <trkpt lat="46.5569912" lon="2.5812073">
        <ele>181.2783541503929</ele>
      </trkpt>
      <trkpt lat="46.5569458" lon="2.5812306">
        <ele>181.00766081920636</ele>
      </trkpt>
      <trkpt lat="46.556815" lon="2.5813145">
        <ele>180.40920520000125</ele>
      </trkpt>
      <trkpt lat="46.556435" lon="2.5815952">
        <ele>178.33200000000306</ele>
      </trkpt>
      <trkpt lat="46.5564632" lon="2.5816647">
        <ele>178.5350400000225</ele>
      </trkpt>
      <trkpt lat="46.5568171" lon="2.5825057">
        <ele>178.54156000001262</ele>
      </trkpt>
      <trkpt lat="46.5569541" lon="2.5827358">
        <ele>179.03475999999523</ele>
      </trkpt>
      <trkpt lat="46.5570415" lon="2.5828826">
        <ele>178.97203999998874</ele>
      </trkpt>
      <trkpt lat="46.5571076" lon="2.5829736">
        <ele>178.88240000000724</ele>
      </trkpt>
      <trkpt lat="46.5574091" lon="2.583389">
        <ele>178.32723999999644</ele>
      </trkpt>
      <trkpt lat="46.5575631" lon="2.5836011">
        <ele>178.00818684640026</ele>
      </trkpt>
      <trkpt lat="46.5578053" lon="2.5839932">
        <ele>178.5364734783904</ele>
      </trkpt>
      <trkpt lat="46.55788" lon="2.5840978">
        <ele>179.21131455998756</ele>
      </trkpt>
      <trkpt lat="46.5578958" lon="2.5841293">
        <ele>179.34751485758812</ele>
      </trkpt>
      <trkpt lat="46.5578404" lon="2.5841662">
        <ele>179.22413873921224</ele>
      </trkpt>
      <trkpt lat="46.5575489" lon="2.5843574">
        <ele>178.17604000000165</ele>
      </trkpt>
      <trkpt lat="46.5570569" lon="2.5846946">
        <ele>178.65434271040303</ele>
      </trkpt>
      <trkpt lat="46.5568971" lon="2.5848003">
        <ele>179.0597999999968</ele>
      </trkpt>
      <trkpt lat="46.5567946" lon="2.5848743">
        <ele>179.53139999997484</ele>
      </trkpt>
      <trkpt lat="46.5564506" lon="2.5852731">
        <ele>180.55942117441376</ele>
      </trkpt>
      <trkpt lat="46.5562562" lon="2.5855669">
        <ele>180.47767999999996</ele>
      </trkpt>
      <trkpt lat="46.555942" lon="2.5860417">
        <ele>181.60879999999383</ele>
      </trkpt>
      <trkpt lat="46.555237" lon="2.5872785">
        <ele>182.14680000000635</ele>
      </trkpt>
      <trkpt lat="46.5547187" lon="2.588221">
        <ele>183.39414441600675</ele>
      </trkpt>
      <trkpt lat="46.5547413" lon="2.5882465">
        <ele>183.35981063200867</ele>
      </trkpt>
      <trkpt lat="46.5557618" lon="2.5890398">
        <ele>184.13990546560188</ele>
      </trkpt>
      <trkpt lat="46.5559573" lon="2.5891954">
        <ele>183.55371999998965</ele>
      </trkpt>
      <trkpt lat="46.55602" lon="2.5893348">
        <ele>183.32800000001225</ele>
      </trkpt>
      <trkpt lat="46.5560901" lon="2.5899088">
        <ele>182.32832000000053</ele>
      </trkpt>
      <trkpt lat="46.5561565" lon="2.5905311">
        <ele>181.0</ele>
      </trkpt>
      <trkpt lat="46.5562376" lon="2.5908852">
        <ele>182.0</ele>
      </trkpt>
      <trkpt lat="46.5563889" lon="2.5913411">
        <ele>183.65596000000733</ele>
      </trkpt>
      <trkpt lat="46.5564405" lon="2.5915772">
        <ele>184.31175753600502</ele>
      </trkpt>
      <trkpt lat="46.5563999" lon="2.5918186">
        <ele>184.60455850561218</ele>
      </trkpt>
      <trkpt lat="46.5564258" lon="2.592001">
        <ele>185.3094256319993</ele>
      </trkpt>
      <trkpt lat="46.5571908" lon="2.5924246">
        <ele>189.26158529280565</ele>
      </trkpt>
      <trkpt lat="46.5572096" lon="2.5924641">
        <ele>189.65651266560067</ele>
      </trkpt>
      <trkpt lat="46.5572367" lon="2.5934867">
        <ele>192.63301649436318</ele>
      </trkpt>
      <trkpt lat="46.5573014" lon="2.5942879">
        <ele>193.97952285760056</ele>
      </trkpt>
      <trkpt lat="46.5573724" lon="2.5945276">
        <ele>195.32440599037554</ele>
      </trkpt>
      <trkpt lat="46.5575268" lon="2.5948493">
        <ele>198.02491999996482</ele>
      </trkpt>
      <trkpt lat="46.5581423" lon="2.5967641">
        <ele>199.36700933440034</ele>
      </trkpt>
      <trkpt lat="46.5581319" lon="2.5970159">
        <ele>197.50311999999667</ele>
      </trkpt>
      <trkpt lat="46.5580964" lon="2.5971191">
        <ele>196.2607599999876</ele>
      </trkpt>
      <trkpt lat="46.5581465" lon="2.5980538">
        <ele>191.67466916800197</ele>
      </trkpt>
      <trkpt lat="46.558207" lon="2.5982662">
        <ele>191.86823606399707</ele>
      </trkpt>
      <trkpt lat="46.558591" lon="2.5989095">
        <ele>192.92579999999998</ele>
      </trkpt>
      <trkpt lat="46.5587183" lon="2.5992555">
        <ele>190.90843999998242</ele>
      </trkpt>
      <trkpt lat="46.5589666" lon="2.5997713">
        <ele>187.0334679968208</ele>
      </trkpt>
      <trkpt lat="46.5591544" lon="2.6001689">
        <ele>184.4802800000216</ele>
      </trkpt>
      <trkpt lat="46.5594235" lon="2.6010094">
        <ele>178.61996846398483</ele>
      </trkpt>
      <trkpt lat="46.5594674" lon="2.6012044">
        <ele>177.526633817585</ele>
      </trkpt>
      <trkpt lat="46.5594035" lon="2.6012318">
        <ele>177.94367764798272</ele>
      </trkpt>
      <trkpt lat="46.5585144" lon="2.6016325">
        <ele>179.47116000000005</ele>
      </trkpt>
      <trkpt lat="46.5572271" lon="2.6022001">
        <ele>177.07963999999947</ele>
      </trkpt>
      <trkpt lat="46.556482" lon="2.6025233">
        <ele>177.52515657599125</ele>
      </trkpt>
      <trkpt lat="46.5561039" lon="2.6026802">
        <ele>178.3772400000123</ele>
      </trkpt>
      <trkpt lat="46.5560421" lon="2.602715">
        <ele>178.47444000000382</ele>
      </trkpt>
      <trkpt lat="46.5559979" lon="2.6027519">
        <ele>178.5007199999959</ele>
      </trkpt>
      <trkpt lat="46.5559757" lon="2.6027445">
        <ele>178.60728000000836</ele>
      </trkpt>
      <trkpt lat="46.5559513" lon="2.6027459">
        <ele>178.69008000001213</ele>
      </trkpt>
      <trkpt lat="46.5559301" lon="2.6027553">
        <ele>178.73256000000788</ele>
      </trkpt>
      <trkpt lat="46.5558687" lon="2.6027821">
        <ele>178.84156000000667</ele>
      </trkpt>
      <trkpt lat="46.5552495" lon="2.6030774">
        <ele>177.94451999999183</ele>
      </trkpt>
      <trkpt lat="46.5551812" lon="2.6031073">
        <ele>177.97512000000097</ele>
      </trkpt>
      <trkpt lat="46.5540485" lon="2.6036026">
        <ele>179.01303425600014</ele>
      </trkpt>
      <trkpt lat="46.5536695" lon="2.6037318">
        <ele>177.7635523039885</ele>
      </trkpt>
      <trkpt lat="46.5534733" lon="2.603806">
        <ele>176.70936000000256</ele>
      </trkpt>
      <trkpt lat="46.5532658" lon="2.6038932">
        <ele>176.01551999999947</ele>
      </trkpt>
      <trkpt lat="46.5530389" lon="2.6039985">
        <ele>176.47822021601425</ele>
      </trkpt>
      <trkpt lat="46.552407" lon="2.6042864">
        <ele>178.28672780800323</ele>
      </trkpt>
      <trkpt lat="46.5519917" lon="2.6044652">
        <ele>177.15740863360702</ele>
      </trkpt>
      <trkpt lat="46.5516135" lon="2.6046383">
        <ele>176.56430576800474</ele>
      </trkpt>
      <trkpt lat="46.5512714" lon="2.6047985">
        <ele>176.158455183997</ele>
      </trkpt>
      <trkpt lat="46.5509301" lon="2.6049488">
        <ele>176.0</ele>
      </trkpt>
      <trkpt lat="46.5507945" lon="2.6050057">
        <ele>176.2795999999853</ele>
      </trkpt>
      <trkpt lat="46.5506792" lon="2.6050539">
        <ele>177.10976000001756</ele>
      </trkpt>
      <trkpt lat="46.5505248" lon="2.6051069">
        <ele>178.06811051520427</ele>
      </trkpt>
      <trkpt lat="46.5503426" lon="2.6051659">
        <ele>178.30877192640003</ele>
      </trkpt>
      <trkpt lat="46.5501923" lon="2.6052108">
        <ele>177.85920255359554</ele>
      </trkpt>
      <trkpt lat="46.5499987" lon="2.6052665">
        <ele>176.99532000001182</ele>
      </trkpt>
      <trkpt lat="46.5497385" lon="2.6053336">
        <ele>176.24778374398932</ele>
      </trkpt>
      <trkpt lat="46.5494475" lon="2.6054013">
        <ele>177.43368000000214</ele>
      </trkpt>
      <trkpt lat="46.5493253" lon="2.6054261">
        <ele>177.5339599999993</ele>
      </trkpt>
      <trkpt lat="46.5492372" lon="2.6054435">
        <ele>177.5965999999994</ele>
      </trkpt>
      <trkpt lat="46.5491436" lon="2.6054576">
        <ele>177.51056322560405</ele>
      </trkpt>
      <trkpt lat="46.5490301" lon="2.6054668">
        <ele>176.85428881281854</ele>
      </trkpt>
      <trkpt lat="46.5488747" lon="2.6054764">
        <ele>176.0</ele>
      </trkpt>
      <trkpt lat="46.548741" lon="2.6054804">
        <ele>176.0</ele>
      </trkpt>
      <trkpt lat="46.5485639" lon="2.6054791">
        <ele>176.1699600000079</ele>
      </trkpt>
      <trkpt lat="46.5482884" lon="2.6054621">
        <ele>177.1073374656072</ele>
      </trkpt>
      <trkpt lat="46.5477549" lon="2.6054117">
        <ele>178.48211999999967</ele>
      </trkpt>
      <trkpt lat="46.5476508" lon="2.6053926">
        <ele>178.41336</ele>
      </trkpt>
      <trkpt lat="46.5475604" lon="2.6053698">
        <ele>178.33128000000033</ele>
      </trkpt>
      <trkpt lat="46.5474622" lon="2.6053356">
        <ele>178.04375358719244</ele>
      </trkpt>
      <trkpt lat="46.5473861" lon="2.6053007">
        <ele>177.6386434991884</ele>
      </trkpt>
      <trkpt lat="46.5473035" lon="2.6052517">
        <ele>177.19871999999395</ele>
      </trkpt>
      <trkpt lat="46.5472325" lon="2.6052061">
        <ele>176.7789600000001</ele>
      </trkpt>
      <trkpt lat="46.5471676" lon="2.6051526">
        <ele>176.4413338496028</ele>
      </trkpt>
      <trkpt lat="46.5470238" lon="2.6050243">
        <ele>176.02499128639957</ele>
      </trkpt>
      <trkpt lat="46.5466544" lon="2.6047065">
        <ele>176.99005945599436</ele>
      </trkpt>
      <trkpt lat="46.5464322" lon="2.604515">
        <ele>177.7277636800117</ele>
      </trkpt>
      <trkpt lat="46.5460536" lon="2.6042937">
        <ele>179.20703999999841</ele>
      </trkpt>
      <trkpt lat="46.5454487" lon="2.6041351">
        <ele>179.95628496480077</ele>
      </trkpt>
      <trkpt lat="46.5446812" lon="2.6039706">
        <ele>177.95655845119947</ele>
      </trkpt>
      <trkpt lat="46.5444752" lon="2.603943">
        <ele>177.82676825600038</ele>
      </trkpt>
      <trkpt lat="46.5441841" lon="2.6038986">
        <ele>177.96504000000004</ele>
      </trkpt>
      <trkpt lat="46.544001" lon="2.6038785">
        <ele>178.02230535999988</ele>
      </trkpt>
      <trkpt lat="46.5438428" lon="2.6038684">
        <ele>178.39336174079875</ele>
      </trkpt>
      <trkpt lat="46.5437032" lon="2.60387">
        <ele>179.35950335997848</ele>
      </trkpt>
      <trkpt lat="46.5435573" lon="2.6038845">
        <ele>179.80628000001207</ele>
      </trkpt>
      <trkpt lat="46.5434563" lon="2.6038986">
        <ele>179.39224390720895</ele>
      </trkpt>
      <trkpt lat="46.5433435" lon="2.6039237">
        <ele>178.90669328799575</ele>
      </trkpt>
      <trkpt lat="46.5428991" lon="2.6040279">
        <ele>178.0</ele>
      </trkpt>
      <trkpt lat="46.5426953" lon="2.6040776">
        <ele>178.09520442880182</ele>
      </trkpt>
      <trkpt lat="46.5424374" lon="2.6041506">
        <ele>178.04480517759902</ele>
      </trkpt>
      <trkpt lat="46.5421889" lon="2.6042359">
        <ele>178.0900611696019</ele>
      </trkpt>
      <trkpt lat="46.542067" lon="2.6042877">
        <ele>178.31531966399402</ele>
      </trkpt>
      <trkpt lat="46.5418531" lon="2.6043968">
        <ele>178.7727973632179</ele>
      </trkpt>
      <trkpt lat="46.5417934" lon="2.604416">
        <ele>179.13423897597877</ele>
      </trkpt>
      <trkpt lat="46.5417367" lon="2.6044266">
        <ele>179.51195618879092</ele>
      </trkpt>
      <trkpt lat="46.5416935" lon="2.6044132">
        <ele>179.81766556799334</ele>
      </trkpt>
      <trkpt lat="46.5416429" lon="2.6043852">
        <ele>180.08556000000226</ele>
      </trkpt>
      <trkpt lat="46.5415935" lon="2.6043323">
        <ele>180.26340000000846</ele>
      </trkpt>
      <trkpt lat="46.5415425" lon="2.6042583">
        <ele>180.44700000000557</ele>
      </trkpt>
      <trkpt lat="46.5414934" lon="2.6041609">
        <ele>180.63670925759865</ele>
      </trkpt>
      <trkpt lat="46.5414398" lon="2.6040173">
        <ele>181.25588667840407</ele>
      </trkpt>
      <trkpt lat="46.5412184" lon="2.6033293">
        <ele>182.59032820480618</ele>
      </trkpt>
      <trkpt lat="46.540703" lon="2.6037201">
        <ele>182.53080000000227</ele>
      </trkpt>
      <trkpt lat="46.5392426" lon="2.6048277">
        <ele>182.72663999999486</ele>
      </trkpt>
      <trkpt lat="46.5389414" lon="2.6050562">
        <ele>183.0382465727991</ele>
      </trkpt>
      <trkpt lat="46.5370848" lon="2.6064487">
        <ele>185.78467999999975</ele>
      </trkpt>
      <trkpt lat="46.5370075" lon="2.6065479">
        <ele>185.42756000000054</ele>
      </trkpt>
      <trkpt lat="46.5369597" lon="2.6066416">
        <ele>185.09023999999954</ele>
      </trkpt>
      <trkpt lat="46.5369269" lon="2.6068568">
        <ele>184.44184000001815</ele>
      </trkpt>
      <trkpt lat="46.5368582" lon="2.6076248">
        <ele>185.48077509120083</ele>
      </trkpt>
      <trkpt lat="46.5368182" lon="2.6080413">
        <ele>184.07931608639987</ele>
      </trkpt>
      <trkpt lat="46.5368113" lon="2.6081274">
        <ele>183.48272000000088</ele>
      </trkpt>
      <trkpt lat="46.5368012" lon="2.6082453">
        <ele>182.6338399999995</ele>
      </trkpt>
      <trkpt lat="46.5367888" lon="2.6084412">
        <ele>181.4409434624042</ele>
      </trkpt>
      <trkpt lat="46.536766" lon="2.6087718">
        <ele>180.0639199999996</ele>
      </trkpt>
      <trkpt lat="46.5367619" lon="2.6088318">
        <ele>179.8626799999936</ele>
      </trkpt>
      <trkpt lat="46.5367093" lon="2.6094581">
        <ele>177.65142507681244</ele>
      </trkpt>
      <trkpt lat="46.5366922" lon="2.6097511">
        <ele>176.81367600320837</ele>
      </trkpt>
      <trkpt lat="46.5366918" lon="2.6098276">
        <ele>176.56448449280046</ele>
      </trkpt>
      <trkpt lat="46.5366964" lon="2.6098882">
        <ele>176.3593985408053</ele>
      </trkpt>
      <trkpt lat="46.5367047" lon="2.6099369">
        <ele>176.19605725279843</ele>
      </trkpt>
      <trkpt lat="46.5367176" lon="2.6099798">
        <ele>176.05938606079897</ele>
      </trkpt>
      <trkpt lat="46.5367414" lon="2.610038">
        <ele>175.96319532800175</ele>
      </trkpt>
      <trkpt lat="46.5367608" lon="2.6100804">
        <ele>175.90191457279647</ele>
      </trkpt>
      <trkpt lat="46.5367886" lon="2.6101441">
        <ele>175.7722851103979</ele>
      </trkpt>
      <trkpt lat="46.5368242" lon="2.6102118">
        <ele>175.56758234240507</ele>
      </trkpt>
      <trkpt lat="46.5368638" lon="2.610274">
        <ele>175.2999716480038</ele>
      </trkpt>
      <trkpt lat="46.5369133" lon="2.6103317">
        <ele>174.9179999999924</ele>
      </trkpt>
      <trkpt lat="46.5370384" lon="2.610441">
        <ele>174.07416000000012</ele>
      </trkpt>
      <trkpt lat="46.5370644" lon="2.6104576">
        <ele>173.92080000000533</ele>
      </trkpt>
      <trkpt lat="46.5369525" lon="2.6107506">
        <ele>173.26884000000723</ele>
      </trkpt>
      <trkpt lat="46.5368319" lon="2.6110624">
        <ele>173.07104885759847</ele>
      </trkpt>
      <trkpt lat="46.5366248" lon="2.6114885">
        <ele>173.15072000000555</ele>
      </trkpt>
      <trkpt lat="46.5363913" lon="2.6118649">
        <ele>173.2838743952019</ele>
      </trkpt>
      <trkpt lat="46.536214" lon="2.6121112">
        <ele>173.88123852799427</ele>
      </trkpt>
      <trkpt lat="46.5360262" lon="2.6123448">
        <ele>174.61135999998532</ele>
      </trkpt>
      <trkpt lat="46.5361409" lon="2.6125592">
        <ele>173.892760000002</ele>
      </trkpt>
      <trkpt lat="46.5358458" lon="2.6129785">
        <ele>175.22007028801298</ele>
      </trkpt>
      <trkpt lat="46.5357534" lon="2.6131167">
        <ele>175.06764000000976</ele>
      </trkpt>
      <trkpt lat="46.5356118" lon="2.6133663">
        <ele>174.67884000000686</ele>
      </trkpt>
      <trkpt lat="46.5354779" lon="2.6136766">
        <ele>174.04380000001356</ele>
      </trkpt>
      <trkpt lat="46.5353454" lon="2.6140759">
        <ele>173.24721354560336</ele>
      </trkpt>
      <trkpt lat="46.5350516" lon="2.6148793">
        <ele>173.1050435648057</ele>
      </trkpt>
      <trkpt lat="46.5347915" lon="2.6156455">
        <ele>173.756955719997</ele>
      </trkpt>
      <trkpt lat="46.5349339" lon="2.6157545">
        <ele>173.82957304799652</ele>
      </trkpt>
      <trkpt lat="46.5351429" lon="2.6160318">
        <ele>174.0</ele>
      </trkpt>
      <trkpt lat="46.5352391" lon="2.6162073">
        <ele>174.29806397279845</ele>
      </trkpt>
      <trkpt lat="46.5352514" lon="2.6164562">
        <ele>174.9280507071997</ele>
      </trkpt>
      <trkpt lat="46.5349341" lon="2.6184772">
        <ele>176.3677113408015</ele>
      </trkpt>
      <trkpt lat="46.5348595" lon="2.6189624">
        <ele>176.0</ele>
      </trkpt>
      <trkpt lat="46.5347297" lon="2.6197027">
        <ele>175.9730800000009</ele>
      </trkpt>
      <trkpt lat="46.5346679" lon="2.620129">
        <ele>176.1955599999917</ele>
      </trkpt>
      <trkpt lat="46.5346677" lon="2.6203287">
        <ele>176.34361795039982</ele>
      </trkpt>
      <trkpt lat="46.5346235" lon="2.6203453">
        <ele>176.51208936799392</ele>
      </trkpt>
      <trkpt lat="46.5345126" lon="2.621632">
        <ele>179.66046092800204</ele>
      </trkpt>
      <trkpt lat="46.5345099" lon="2.6216715">
        <ele>179.76435999998807</ele>
      </trkpt>
      <trkpt lat="46.5344505" lon="2.622527">
        <ele>181.0</ele>
      </trkpt>
      <trkpt lat="46.535201" lon="2.622839">
        <ele>180.43588143999781</ele>
      </trkpt>
      <trkpt lat="46.5353293" lon="2.6228639">
        <ele>180.3100400000003</ele>
      </trkpt>
      <trkpt lat="46.5354456" lon="2.6228688">
        <ele>180.32767999999987</ele>
      </trkpt>
      <trkpt lat="46.5355383" lon="2.6228539">
        <ele>180.2740399999998</ele>
      </trkpt>
      <trkpt lat="46.5355516" lon="2.6228464">
        <ele>180.2470399999993</ele>
      </trkpt>
      <trkpt lat="46.5356312" lon="2.622802">
        <ele>180.3357736959918</ele>
      </trkpt>
      <trkpt lat="46.5364498" lon="2.6223446">
        <ele>181.44055999999955</ele>
      </trkpt>
      <trkpt lat="46.5365698" lon="2.622258">
        <ele>181.12879999999996</ele>
      </trkpt>
      <trkpt lat="46.5367606" lon="2.6220852">
        <ele>180.49503243519467</ele>
      </trkpt>
      <trkpt lat="46.5368609" lon="2.6220131">
        <ele>179.77434415839673</ele>
      </trkpt>
      <trkpt lat="46.5369752" lon="2.6219666">
        <ele>179.18164897280147</ele>
      </trkpt>
      <trkpt lat="46.5374817" lon="2.6218545">
        <ele>180.93412000000262</ele>
      </trkpt>
      <trkpt lat="46.5375881" lon="2.6218195">
        <ele>181.1745014320012</ele>
      </trkpt>
      <trkpt lat="46.5376668" lon="2.621776">
        <ele>181.2363489279955</ele>
      </trkpt>
      <trkpt lat="46.5377534" lon="2.6216954">
        <ele>181.0943621056002</ele>
      </trkpt>
      <trkpt lat="46.5381462" lon="2.6222012">
        <ele>184.17496000000074</ele>
      </trkpt>
      <trkpt lat="46.5390042" lon="2.623239">
        <ele>187.8013747520008</ele>
      </trkpt>
      <trkpt lat="46.5400448" lon="2.6241831">
        <ele>193.1612799999889</ele>
      </trkpt>
      <trkpt lat="46.5416535" lon="2.6253633">
        <ele>208.85780000002615</ele>
      </trkpt>
      <trkpt lat="46.5423369" lon="2.6259059">
        <ele>212.10785032160186</ele>
      </trkpt>
      <trkpt lat="46.543029" lon="2.6287198">
        <ele>216.90439999998944</ele>
      </trkpt>
      <trkpt lat="46.5439109" lon="2.6318842">
        <ele>228.4869999999994</ele>
      </trkpt>
      <trkpt lat="46.5454257" lon="2.6312535">
        <ele>226.04512000001023</ele>
      </trkpt>
      <trkpt lat="46.545469" lon="2.631216">
        <ele>226.06599999999025</ele>
      </trkpt>
      <trkpt lat="46.5455445" lon="2.6311803">
        <ele>226.20927999999412</ele>
      </trkpt>
      <trkpt lat="46.5459233" lon="2.6312286">
        <ele>226.323879999994</ele>
      </trkpt>
      <trkpt lat="46.546355" lon="2.6313251">
        <ele>229.43237607998483</ele>
      </trkpt>
      <trkpt lat="46.5474785" lon="2.6312689">
        <ele>237.3211262959846</ele>
      </trkpt>
      <trkpt lat="46.5480245" lon="2.6313493">
        <ele>241.776399999977</ele>
      </trkpt>
      <trkpt lat="46.5485705" lon="2.6314781">
        <ele>242.35768000000098</ele>
      </trkpt>
      <trkpt lat="46.549301" lon="2.6316557">
        <ele>243.48359999999934</ele>
      </trkpt>
      <trkpt lat="46.5498507" lon="2.6319078">
        <ele>245.9250400000028</ele>
      </trkpt>
      <trkpt lat="46.5506697" lon="2.6323638">
        <ele>250.5096799999992</ele>
      </trkpt>
      <trkpt lat="46.551153" lon="2.6326535">
        <ele>253.10519999999997</ele>
      </trkpt>
      <trkpt lat="46.5517533" lon="2.6331363">
        <ele>257.4025372784066</ele>
      </trkpt>
      <trkpt lat="46.5523654" lon="2.633894">
        <ele>256.9507200000039</ele>
      </trkpt>
      <trkpt lat="46.5526293" lon="2.6343237">
        <ele>254.53452000000152</ele>
      </trkpt>
      <trkpt lat="46.5528184" lon="2.6342304">
        <ele>253.85376000000133</ele>
      </trkpt>
      <trkpt lat="46.5538636" lon="2.6339893">
        <ele>249.14917086080186</ele>
      </trkpt>
      <trkpt lat="46.5547068" lon="2.6337581">
        <ele>247.5291600000005</ele>
      </trkpt>
      <trkpt lat="46.5552276" lon="2.6336178">
        <ele>248.82370981120718</ele>
      </trkpt>
      <trkpt lat="46.5558542" lon="2.63344">
        <ele>249.10396607999422</ele>
      </trkpt>
      <trkpt lat="46.5559923" lon="2.6333806">
        <ele>249.66965916479938</ele>
      </trkpt>
      <trkpt lat="46.5560735" lon="2.6333456">
        <ele>249.90278073598776</ele>
      </trkpt>
      <trkpt lat="46.5562924" lon="2.6332117">
        <ele>251.45738199678135</ele>
      </trkpt>
      <trkpt lat="46.5567871" lon="2.6327869">
        <ele>251.4664000000048</ele>
      </trkpt>
      <trkpt lat="46.5577045" lon="2.6318991">
        <ele>251.14362271200085</ele>
      </trkpt>
      <trkpt lat="46.5583931" lon="2.6314383">
        <ele>244.60820000002605</ele>
      </trkpt>
      <trkpt lat="46.5592488" lon="2.6311589">
        <ele>244.63154878720707</ele>
      </trkpt>
      <trkpt lat="46.5592973" lon="2.6310807">
        <ele>243.94996000002038</ele>
      </trkpt>
      <trkpt lat="46.5593602" lon="2.6311233">
        <ele>243.68101207359734</ele>
      </trkpt>
      <trkpt lat="46.5594382" lon="2.6311213">
        <ele>243.11749543358397</ele>
      </trkpt>
      <trkpt lat="46.5606217" lon="2.6308099">
        <ele>246.91564000000017</ele>
      </trkpt>
      <trkpt lat="46.5607493" lon="2.6307956">
        <ele>246.86415999999963</ele>
      </trkpt>
      <trkpt lat="46.5608571" lon="2.6308075">
        <ele>246.82939708000055</ele>
      </trkpt>
      <trkpt lat="46.5609784" lon="2.6308697">
        <ele>246.34683999998833</ele>
      </trkpt>
      <trkpt lat="46.5613626" lon="2.631007">
        <ele>245.94083107200558</ele>
      </trkpt>
      <trkpt lat="46.561453" lon="2.6310132">
        <ele>246.08135238400027</ele>
      </trkpt>
      <trkpt lat="46.5617552" lon="2.6310026">
        <ele>246.58485521920073</ele>
      </trkpt>
      <trkpt lat="46.5618655" lon="2.631009">
        <ele>246.82027192000731</ele>
      </trkpt>
      <trkpt lat="46.5619716" lon="2.6310588">
        <ele>247.0</ele>
      </trkpt>
      <trkpt lat="46.562192" lon="2.631206">
        <ele>246.96283392000382</ele>
      </trkpt>
      <trkpt lat="46.5630195" lon="2.6317554">
        <ele>248.8702000000103</ele>
      </trkpt>
      <trkpt lat="46.5633369" lon="2.6320007">
        <ele>248.98455964318705</ele>
      </trkpt>
      <trkpt lat="46.5637987" lon="2.6323254">
        <ele>244.17812086080545</ele>
      </trkpt>
      <trkpt lat="46.563907" lon="2.6323976">
        <ele>242.76323532799503</ele>
      </trkpt>
      <trkpt lat="46.5642533" lon="2.6325347">
        <ele>238.18928000003052</ele>
      </trkpt>
      <trkpt lat="46.5643904" lon="2.6325635">
        <ele>236.81227999999237</ele>
      </trkpt>
      <trkpt lat="46.5645347" lon="2.6325274">
        <ele>235.4808501087791</ele>
      </trkpt>
      <trkpt lat="46.5648594" lon="2.6324697">
        <ele>233.39707999998905</ele>
      </trkpt>
      <trkpt lat="46.5652563" lon="2.6323543">
        <ele>230.63011999998844</ele>
      </trkpt>
      <trkpt lat="46.5654583" lon="2.6323326">
        <ele>228.83936368317325</ele>
      </trkpt>
      <trkpt lat="46.5657181" lon="2.6325347">
        <ele>227.59158181280773</ele>
      </trkpt>
      <trkpt lat="46.5660656" lon="2.6330898">
        <ele>223.53207999997494</ele>
      </trkpt>
      <trkpt lat="46.5663752" lon="2.6335014">
        <ele>219.17765637115969</ele>
      </trkpt>
      <trkpt lat="46.5667301" lon="2.6338374">
        <ele>210.85752880958103</ele>
      </trkpt>
      <trkpt lat="46.5668321" lon="2.6340979">
        <ele>208.73095683362</ele>
      </trkpt>
      <trkpt lat="46.5668698" lon="2.6342678">
        <ele>207.97887557762027</ele>
      </trkpt>
      <trkpt lat="46.5668811" lon="2.6343471">
        <ele>207.7444056623074</ele>
      </trkpt>
      <trkpt lat="46.5669038" lon="2.6344075">
        <ele>207.15109944003805</ele>
      </trkpt>
      <trkpt lat="46.5669302" lon="2.634434">
        <ele>206.40831187195403</ele>
      </trkpt>
      <trkpt lat="46.5669642" lon="2.6344113">
        <ele>205.77815396158846</ele>
      </trkpt>
      <trkpt lat="46.5669982" lon="2.6342452">
        <ele>205.28063197439397</ele>
      </trkpt>
      <trkpt lat="46.5670133" lon="2.6341357">
        <ele>205.03611366241026</ele>
      </trkpt>
      <trkpt lat="46.5670133" lon="2.6339356">
        <ele>205.21467649920822</ele>
      </trkpt>
      <trkpt lat="46.5670171" lon="2.6337543">
        <ele>205.9308978975843</ele>
      </trkpt>
      <trkpt lat="46.5670832" lon="2.6330831">
        <ele>203.70072000001733</ele>
      </trkpt>
      <trkpt lat="46.5671144" lon="2.6325896">
        <ele>199.91447511036975</ele>
      </trkpt>
      <trkpt lat="46.5671944" lon="2.6320295">
        <ele>197.42558899204704</ele>
      </trkpt>
      <trkpt lat="46.5672744" lon="2.6316383">
        <ele>193.91753333754787</ele>
      </trkpt>
      <trkpt lat="46.5674611" lon="2.6312782">
        <ele>188.60303686071535</ele>
      </trkpt>
      <trkpt lat="46.5677975" lon="2.6308335">
        <ele>183.71552780003557</ele>
      </trkpt>
      <trkpt lat="46.5678522" lon="2.6307589">
        <ele>182.78473631364426</ele>
      </trkpt>
      <trkpt lat="46.5682638" lon="2.6301975">
        <ele>175.63993752004146</ele>
      </trkpt>
      <trkpt lat="46.5686122" lon="2.6297334">
        <ele>172.00391999998874</ele>
      </trkpt>
      <trkpt lat="46.5688844" lon="2.6293709">
        <ele>174.2486000000058</ele>
      </trkpt>
      <trkpt lat="46.5689743" lon="2.629176">
        <ele>176.19632000001002</ele>
      </trkpt>
      <trkpt lat="46.5690408" lon="2.6289697">
        <ele>177.89660000004915</ele>
      </trkpt>
      <trkpt lat="46.5691554" lon="2.6288164">
        <ele>179.8377599999949</ele>
      </trkpt>
      <trkpt lat="46.5692011" lon="2.6288109">
        <ele>180.9220739808195</ele>
      </trkpt>
      <trkpt lat="46.5692351" lon="2.628152">
        <ele>180.72452000000703</ele>
      </trkpt>
      <trkpt lat="46.5692644" lon="2.6274796">
        <ele>183.78503912962907</ele>
      </trkpt>
      <trkpt lat="46.5692999" lon="2.6270561">
        <ele>183.96860390553363</ele>
      </trkpt>
      <trkpt lat="46.5693386" lon="2.6268273">
        <ele>183.32858781124838</ele>
      </trkpt>
      <trkpt lat="46.5693753" lon="2.6266689">
        <ele>183.0267213167194</ele>
      </trkpt>
      <trkpt lat="46.5694117" lon="2.6266748">
        <ele>184.11897152649541</ele>
      </trkpt>
      <trkpt lat="46.5694723" lon="2.6266632">
        <ele>185.66577149442534</ele>
      </trkpt>
      <trkpt lat="46.5696187" lon="2.6265412">
        <ele>188.31954789758763</ele>
      </trkpt>
      <trkpt lat="46.5700271" lon="2.6262118">
        <ele>193.01763999997092</ele>
      </trkpt>
      <trkpt lat="46.5701744" lon="2.6261854">
        <ele>194.41839999998774</ele>
      </trkpt>
      <trkpt lat="46.5702927" lon="2.6262445">
        <ele>196.1236873120333</ele>
      </trkpt>
      <trkpt lat="46.570411" lon="2.6264752">
        <ele>198.26991999999927</ele>
      </trkpt>
      <trkpt lat="46.5706595" lon="2.6268243">
        <ele>201.2844489839741</ele>
      </trkpt>
      <trkpt lat="46.5708921" lon="2.627186">
        <ele>203.45070742401398</ele>
      </trkpt>
      <trkpt lat="46.5709354" lon="2.627309">
        <ele>203.9324917440198</ele>
      </trkpt>
      <trkpt lat="46.5709506" lon="2.6274466">
        <ele>204.311076038414</ele>
      </trkpt>
      <trkpt lat="46.5709419" lon="2.6278386">
        <ele>206.39942167359553</ele>
      </trkpt>
      <trkpt lat="46.5709693" lon="2.6279748">
        <ele>208.00046162559048</ele>
      </trkpt>
      <trkpt lat="46.5710608" lon="2.6281468">
        <ele>210.48311710721134</ele>
      </trkpt>
      <trkpt lat="46.5714906" lon="2.628593">
        <ele>217.6884672640299</ele>
      </trkpt>
      <trkpt lat="46.5715438" lon="2.6286953">
        <ele>218.06717834559208</ele>
      </trkpt>
      <trkpt lat="46.5717145" lon="2.6292867">
        <ele>220.25992000000542</ele>
      </trkpt>
      <trkpt lat="46.5718074" lon="2.6295405">
        <ele>221.01435611200628</ele>
      </trkpt>
      <trkpt lat="46.5718466" lon="2.629697">
        <ele>221.8503833920006</ele>
      </trkpt>
      <trkpt lat="46.5718882" lon="2.6299976">
        <ele>223.98271999999906</ele>
      </trkpt>
      <trkpt lat="46.5719196" lon="2.6301636">
        <ele>225.17791999999918</ele>
      </trkpt>
      <trkpt lat="46.5719625" lon="2.6302962">
        <ele>226.13131999999268</ele>
      </trkpt>
      <trkpt lat="46.5720551" lon="2.6304951">
        <ele>227.1807200000003</ele>
      </trkpt>
      <trkpt lat="46.5721872" lon="2.6307079">
        <ele>228.9016526848106</ele>
      </trkpt>
      <trkpt lat="46.5725403" lon="2.6311869">
        <ele>233.27283999999963</ele>
      </trkpt>
      <trkpt lat="46.5726321" lon="2.6313602">
        <ele>233.8967200000002</ele>
      </trkpt>
      <trkpt lat="46.5726717" lon="2.6315012">
        <ele>234.40432000000055</ele>
      </trkpt>
      <trkpt lat="46.5727101" lon="2.6318782">
        <ele>235.94705673279495</ele>
      </trkpt>
      <trkpt lat="46.5727003" lon="2.6320103">
        <ele>236.44987364639726</ele>
      </trkpt>
      <trkpt lat="46.5726392" lon="2.6322537">
        <ele>237.05653308160117</ele>
      </trkpt>
      <trkpt lat="46.5724566" lon="2.6326338">
        <ele>238.63791999999057</ele>
      </trkpt>
      <trkpt lat="46.5721361" lon="2.6334138">
        <ele>241.50990761279624</ele>
      </trkpt>
      <trkpt lat="46.5720306" lon="2.6335824">
        <ele>241.96794186240058</ele>
      </trkpt>
      <trkpt lat="46.5719806" lon="2.6336313">
        <ele>242.0</ele>
      </trkpt>
      <trkpt lat="46.5719154" lon="2.6336755">
        <ele>241.97576299200148</ele>
      </trkpt>
      <trkpt lat="46.5718547" lon="2.633718">
        <ele>241.8756788160042</ele>
      </trkpt>
      <trkpt lat="46.5718046" lon="2.6337815">
        <ele>241.69118990400023</ele>
      </trkpt>
      <trkpt lat="46.5717571" lon="2.6338844">
        <ele>241.33645895039763</ele>
      </trkpt>
      <trkpt lat="46.5716779" lon="2.6341457">
        <ele>241.9275724111989</ele>
      </trkpt>
      <trkpt lat="46.57167" lon="2.6342883">
        <ele>242.4378800000004</ele>
      </trkpt>
      <trkpt lat="46.5716961" lon="2.6344229">
        <ele>242.92244000000028</ele>
      </trkpt>
      <trkpt lat="46.5717589" lon="2.6345457">
        <ele>243.12103522079846</ele>
      </trkpt>
      <trkpt lat="46.5718563" lon="2.6346728">
        <ele>243.5612175744013</ele>
      </trkpt>
      <trkpt lat="46.5721791" lon="2.6349491">
        <ele>244.0</ele>
      </trkpt>
      <trkpt lat="46.5722788" lon="2.6350525">
        <ele>244.0</ele>
      </trkpt>
      <trkpt lat="46.5724064" lon="2.6352465">
        <ele>244.0</ele>
      </trkpt>
      <trkpt lat="46.5724829" lon="2.6353979">
        <ele>244.40581899359566</ele>
      </trkpt>
      <trkpt lat="46.5725839" lon="2.6356576">
        <ele>245.17627741440512</ele>
      </trkpt>
      <trkpt lat="46.5727577" lon="2.6361508">
        <ele>246.0</ele>
      </trkpt>
      <trkpt lat="46.5728323" lon="2.6363509">
        <ele>245.80371999999352</ele>
      </trkpt>
      <trkpt lat="46.5729561" lon="2.6365928">
        <ele>245.09520999680126</ele>
      </trkpt>
      <trkpt lat="46.573073" lon="2.6367755">
        <ele>245.3671949599996</ele>
      </trkpt>
      <trkpt lat="46.573217" lon="2.6369486">
        <ele>245.41880000000128</ele>
      </trkpt>
      <trkpt lat="46.5733108" lon="2.637045">
        <ele>245.08111999999437</ele>
      </trkpt>
      <trkpt lat="46.5735636" lon="2.6372495">
        <ele>245.09819999999945</ele>
      </trkpt>
      <trkpt lat="46.5738499" lon="2.6374765">
        <ele>246.70231445599654</ele>
      </trkpt>
      <trkpt lat="46.5739502" lon="2.6375802">
        <ele>247.35244627839822</ele>
      </trkpt>
      <trkpt lat="46.5741322" lon="2.6378884">
        <ele>249.27416000000403</ele>
      </trkpt>
      <trkpt lat="46.5744793" lon="2.6386011">
        <ele>252.0</ele>
      </trkpt>
      <trkpt lat="46.574628" lon="2.6388489">
        <ele>252.56567123199113</ele>
      </trkpt>
      <trkpt lat="46.5748513" lon="2.6391652">
        <ele>253.00245351040013</ele>
      </trkpt>
      <trkpt lat="46.5751001" lon="2.639481">
        <ele>252.91582337600028</ele>
      </trkpt>
      <trkpt lat="46.5754485" lon="2.6398931">
        <ele>254.22976000000108</ele>
      </trkpt>
      <trkpt lat="46.5757373" lon="2.6401999">
        <ele>256.1251260592007</ele>
      </trkpt>
      <trkpt lat="46.5764411" lon="2.6411138">
        <ele>261.37591999997676</ele>
      </trkpt>
      <trkpt lat="46.5766073" lon="2.6413176">
        <ele>262.57255999999416</ele>
      </trkpt>
      <trkpt lat="46.5767052" lon="2.6413694">
        <ele>263.40642740479166</ele>
      </trkpt>
      <trkpt lat="46.5768093" lon="2.6414083">
        <ele>264.61032000000887</ele>
      </trkpt>
      <trkpt lat="46.5770758" lon="2.6415323">
        <ele>267.6907815136259</ele>
      </trkpt>
      <trkpt lat="46.577553" lon="2.6417182">
        <ele>270.38160000001244</ele>
      </trkpt>
      <trkpt lat="46.5777823" lon="2.6418235">
        <ele>272.0091916880053</ele>
      </trkpt>
      <trkpt lat="46.5779539" lon="2.6419281">
        <ele>272.59673308639015</ele>
      </trkpt>
      <trkpt lat="46.5780077" lon="2.6418144">
        <ele>272.4402146048008</ele>
      </trkpt>
      <trkpt lat="46.578258" lon="2.6412437">
        <ele>271.7287999999935</ele>
      </trkpt>
      <trkpt lat="46.5786264" lon="2.6404305">
        <ele>271.5195390080049</ele>
      </trkpt>
      <trkpt lat="46.5787987" lon="2.6400838">
        <ele>270.30168000000094</ele>
      </trkpt>
      <trkpt lat="46.5789264" lon="2.639823">
        <ele>270.5511525119998</ele>
      </trkpt>
      <trkpt lat="46.5790309" lon="2.6395467">
        <ele>270.8118023312011</ele>
      </trkpt>
      <trkpt lat="46.5791643" lon="2.6391311">
        <ele>271.86453090080727</ele>
      </trkpt>
      <trkpt lat="46.5792381" lon="2.6389232">
        <ele>271.0599911936016</ele>
      </trkpt>
      <trkpt lat="46.5792955" lon="2.6387459">
        <ele>271.0</ele>
      </trkpt>
      <trkpt lat="46.5793336" lon="2.6385934">
        <ele>270.9107972095996</ele>
      </trkpt>
      <trkpt lat="46.5793804" lon="2.6384189">
        <ele>270.14850170239487</ele>
      </trkpt>
      <trkpt lat="46.5794511" lon="2.6381901">
        <ele>268.9091947344008</ele>
      </trkpt>
      <trkpt lat="46.5795243" lon="2.6380343">
        <ele>267.34851999998045</ele>
      </trkpt>
      <trkpt lat="46.5797066" lon="2.6377782">
        <ele>265.1139999999891</ele>
      </trkpt>
      <trkpt lat="46.5797804" lon="2.6376791">
        <ele>263.45176000004267</ele>
      </trkpt>
      <trkpt lat="46.5799515" lon="2.6374324">
        <ele>259.41254934400007</ele>
      </trkpt>
      <trkpt lat="46.580078" lon="2.6372546">
        <ele>257.8357599999981</ele>
      </trkpt>
      <trkpt lat="46.5802225" lon="2.6370525">
        <ele>257.1990000000078</ele>
      </trkpt>
      <trkpt lat="46.5803977" lon="2.6368163">
        <ele>257.2621589296018</ele>
      </trkpt>
      <trkpt lat="46.5804739" lon="2.6367639">
        <ele>257.19106224159697</ele>
      </trkpt>
      <trkpt lat="46.5808437" lon="2.6365591">
        <ele>256.9253599999811</ele>
      </trkpt>
      <trkpt lat="46.5810313" lon="2.636506">
        <ele>255.57464000000436</ele>
      </trkpt>
      <trkpt lat="46.5811661" lon="2.6364683">
        <ele>254.60408000002008</ele>
      </trkpt>
      <trkpt lat="46.5812906" lon="2.6364467">
        <ele>253.70767999998134</ele>
      </trkpt>
      <trkpt lat="46.5813944" lon="2.63638">
        <ele>253.0</ele>
      </trkpt>
      <trkpt lat="46.5815296" lon="2.6362681">
        <ele>253.0</ele>
      </trkpt>
      <trkpt lat="46.5816262" lon="2.6361839">
        <ele>253.0</ele>
      </trkpt>
      <trkpt lat="46.5817111" lon="2.6361099">
        <ele>252.99633742560044</ele>
      </trkpt>
      <trkpt lat="46.5819009" lon="2.6360118">
        <ele>252.94395516480097</ele>
      </trkpt>
      <trkpt lat="46.5820736" lon="2.6358652">
        <ele>253.98326021120823</ele>
      </trkpt>
      <trkpt lat="46.5821472" lon="2.6357888">
        <ele>254.45984000001044</ele>
      </trkpt>
      <trkpt lat="46.5823393" lon="2.6356311">
        <ele>255.95758570080804</ele>
      </trkpt>
      <trkpt lat="46.5825008" lon="2.6354951">
        <ele>256.5711068031862</ele>
      </trkpt>
      <trkpt lat="46.5826408" lon="2.6353112">
        <ele>256.70029219840035</ele>
      </trkpt>
      <trkpt lat="46.5827871" lon="2.6350909">
        <ele>256.6770578255918</ele>
      </trkpt>
      <trkpt lat="46.582994" lon="2.6347654">
        <ele>255.08927999999742</ele>
      </trkpt>
      <trkpt lat="46.5831335" lon="2.6345387">
        <ele>254.42522680802162</ele>
      </trkpt>
      <trkpt lat="46.5832575" lon="2.6343055">
        <ele>254.68080000002146</ele>
      </trkpt>
      <trkpt lat="46.5834586" lon="2.6339479">
        <ele>255.11436000000094</ele>
      </trkpt>
      <trkpt lat="46.5835713" lon="2.633784">
        <ele>255.01227763201555</ele>
      </trkpt>
      <trkpt lat="46.5837514" lon="2.6335174">
        <ele>253.83031999999002</ele>
      </trkpt>
      <trkpt lat="46.5839993" lon="2.6331758">
        <ele>253.0024211424116</ele>
      </trkpt>
      <trkpt lat="46.584183" lon="2.6329574">
        <ele>252.78501756802513</ele>
      </trkpt>
      <trkpt lat="46.5844156" lon="2.6327668">
        <ele>254.61354375679923</ele>
      </trkpt>
      <trkpt lat="46.5846234" lon="2.6326914">
        <ele>254.5784128703988</ele>
      </trkpt>
      <trkpt lat="46.5850933" lon="2.6324105">
        <ele>253.23616107200513</ele>
      </trkpt>
      <trkpt lat="46.5852961" lon="2.6323218">
        <ele>253.02364534080098</ele>
      </trkpt>
      <trkpt lat="46.5856925" lon="2.6320426">
        <ele>253.6581535200037</ele>
      </trkpt>
      <trkpt lat="46.5857474" lon="2.6319565">
        <ele>254.08534622402604</ele>
      </trkpt>
      <trkpt lat="46.5858469" lon="2.6319122">
        <ele>254.98726934719963</ele>
      </trkpt>
      <trkpt lat="46.5864571" lon="2.6315957">
        <ele>258.92942433116946</ele>
      </trkpt>
      <trkpt lat="46.5868009" lon="2.6314397">
        <ele>261.96648000000096</ele>
      </trkpt>
      <trkpt lat="46.5868997" lon="2.6310434">
        <ele>260.59515999998666</ele>
      </trkpt>
      <trkpt lat="46.5869869" lon="2.6308752">
        <ele>260.30355999999847</ele>
      </trkpt>
      <trkpt lat="46.5871566" lon="2.6306422">
        <ele>260.07568000000083</ele>
      </trkpt>
      <trkpt lat="46.5872682" lon="2.6307133">
        <ele>260.56788000000006</ele>
      </trkpt>
      <trkpt lat="46.5874479" lon="2.6308648">
        <ele>261.1132799999996</ele>
      </trkpt>
      <trkpt lat="46.5875161" lon="2.630901">
        <ele>261.0117599999712</ele>
      </trkpt>
      <trkpt lat="46.5877382" lon="2.6309024">
        <ele>257.81856000004564</ele>
      </trkpt>
      <trkpt lat="46.5879596" lon="2.630964">
        <ele>255.5067200000235</ele>
      </trkpt>
      <trkpt lat="46.5880413" lon="2.631006">
        <ele>254.77555999999686</ele>
      </trkpt>
      <trkpt lat="46.5882001" lon="2.6312685">
        <ele>253.48515999997653</ele>
      </trkpt>
      <trkpt lat="46.5882939" lon="2.6315206">
        <ele>253.0420000000504</ele>
      </trkpt>
      <trkpt lat="46.58833" lon="2.6318321">
        <ele>253.62926656000963</ele>
      </trkpt>
      <trkpt lat="46.5882891" lon="2.6323012">
        <ele>254.27320488321706</ele>
      </trkpt>
      <trkpt lat="46.5883878" lon="2.6325287">
        <ele>253.4522779712045</ele>
      </trkpt>
      <trkpt lat="46.5888135" lon="2.6329382">
        <ele>247.89979999998468</ele>
      </trkpt>
      <trkpt lat="46.5889723" lon="2.6331483">
        <ele>243.9982974863582</ele>
      </trkpt>
      <trkpt lat="46.5891167" lon="2.6334878">
        <ele>241.33527698882853</ele>
      </trkpt>
      <trkpt lat="46.5892225" lon="2.6336453">
        <ele>240.29865908001838</ele>
      </trkpt>
      <trkpt lat="46.5893572" lon="2.6337924">
        <ele>238.73725882878324</ele>
      </trkpt>
      <trkpt lat="46.5895064" lon="2.6340444">
        <ele>237.11894671361173</ele>
      </trkpt>
      <trkpt lat="46.5898167" lon="2.6343559">
        <ele>234.63851999999906</ele>
      </trkpt>
      <trkpt lat="46.5901294" lon="2.634664">
        <ele>232.2096000000006</ele>
      </trkpt>
      <trkpt lat="46.590661" lon="2.6349825">
        <ele>228.34288520002036</ele>
      </trkpt>
      <trkpt lat="46.5909376" lon="2.635357">
        <ele>227.87466534398038</ele>
      </trkpt>
      <trkpt lat="46.5911277" lon="2.6355076">
        <ele>230.53148993920323</ele>
      </trkpt>
      <trkpt lat="46.5912431" lon="2.6355671">
        <ele>231.59777529919663</ele>
      </trkpt>
      <trkpt lat="46.591426" lon="2.6357561">
        <ele>234.92498614399972</ele>
      </trkpt>
      <trkpt lat="46.5917339" lon="2.6361866">
        <ele>241.57112000000598</ele>
      </trkpt>
      <trkpt lat="46.5919624" lon="2.6365507">
        <ele>249.04187999999658</ele>
      </trkpt>
      <trkpt lat="46.5922174" lon="2.6368447">
        <ele>256.1810063712169</ele>
      </trkpt>
      <trkpt lat="46.5930328" lon="2.6373663">
        <ele>254.75930973437238</ele>
      </trkpt>
      <trkpt lat="46.5936255" lon="2.637746">
        <ele>254.77119999999923</ele>
      </trkpt>
      <trkpt lat="46.5937084" lon="2.6378386">
        <ele>255.21895999999924</ele>
      </trkpt>
      <trkpt lat="46.5937471" lon="2.6378627">
        <ele>255.30571999999984</ele>
      </trkpt>
      <trkpt lat="46.5937508" lon="2.6379231">
        <ele>255.5231600000002</ele>
      </trkpt>
      <trkpt lat="46.5937674" lon="2.6379646">
        <ele>255.67256000000043</ele>
      </trkpt>
      <trkpt lat="46.5938126" lon="2.6379392">
        <ele>255.58111999999983</ele>
      </trkpt>
      <trkpt lat="46.593874" lon="2.6378761">
        <ele>255.35396000000082</ele>
      </trkpt>
      <trkpt lat="46.5939795" lon="2.6378464">
        <ele>255.00142444799113</ele>
      </trkpt>
      <trkpt lat="46.5941427" lon="2.6379157">
        <ele>255.036480254403</ele>
      </trkpt>
      <trkpt lat="46.5944693" lon="2.6381038">
        <ele>254.33181911360055</ele>
      </trkpt>
      <trkpt lat="46.5947857" lon="2.6383068">
        <ele>254.88265176959925</ele>
      </trkpt>
      <trkpt lat="46.5951122" lon="2.6384751">
        <ele>254.70251999998027</ele>
      </trkpt>
      <trkpt lat="46.5954728" lon="2.638678">
        <ele>252.0628208639689</ele>
      </trkpt>
      <trkpt lat="46.5961531" lon="2.6388761">
        <ele>248.61255940638475</ele>
      </trkpt>
      <trkpt lat="46.5963846" lon="2.638902">
        <ele>247.12455123199663</ele>
      </trkpt>
      <trkpt lat="46.5965069" lon="2.6389157">
        <ele>246.72719444319517</ele>
      </trkpt>
      <trkpt lat="46.5966769" lon="2.6389008">
        <ele>246.07971999999472</ele>
      </trkpt>
      <trkpt lat="46.5968181" lon="2.6388365">
        <ele>246.25374282400054</ele>
      </trkpt>
      <trkpt lat="46.5971447" lon="2.6390485">
        <ele>249.8449212640122</ele>
      </trkpt>
      <trkpt lat="46.5974357" lon="2.639192">
        <ele>254.55804902398154</ele>
      </trkpt>
      <trkpt lat="46.5980659" lon="2.6395736">
        <ele>262.28055022077945</ele>
      </trkpt>
      <trkpt lat="46.5981669" lon="2.6396611">
        <ele>262.3617983327795</ele>
      </trkpt>
      <trkpt lat="46.5982211" lon="2.6397641">
        <ele>263.4111199999734</ele>
      </trkpt>
      <trkpt lat="46.5981889" lon="2.640084">
        <ele>267.7898840960192</ele>
      </trkpt>
      <trkpt lat="46.5982012" lon="2.6403336">
        <ele>269.9829673472039</ele>
      </trkpt>
      <trkpt lat="46.5980808" lon="2.6409359">
        <ele>272.66431653119713</ele>
      </trkpt>
      <trkpt lat="46.5981636" lon="2.6416696">
        <ele>272.79258741759674</ele>
      </trkpt>
      <trkpt lat="46.5982015" lon="2.6419877">
        <ele>274.73192000002064</ele>
      </trkpt>
      <trkpt lat="46.5977977" lon="2.6433849">
        <ele>278.5731258992103</ele>
      </trkpt>
      <trkpt lat="46.5986117" lon="2.6435605">
        <ele>275.175067472009</ele>
      </trkpt>
      <trkpt lat="46.5986962" lon="2.6431625">
        <ele>275.6984000000166</ele>
      </trkpt>
      <trkpt lat="46.5987323" lon="2.6426864">
        <ele>279.307157337585</ele>
      </trkpt>
      <trkpt lat="46.5988958" lon="2.6420808">
        <ele>279.94466690559364</ele>
      </trkpt>
      <trkpt lat="46.5991154" lon="2.6416278">
        <ele>276.6755200000093</ele>
      </trkpt>
      <trkpt lat="46.5992037" lon="2.6411217">
        <ele>275.03811999999925</ele>
      </trkpt>
      <trkpt lat="46.5993095" lon="2.6407262">
        <ele>273.81263665599573</ele>
      </trkpt>
      <trkpt lat="46.599388" lon="2.6402255">
        <ele>272.17895775998215</ele>
      </trkpt>
      <trkpt lat="46.5993913" lon="2.6399596">
        <ele>269.6090511616076</ele>
      </trkpt>
      <trkpt lat="46.59936" lon="2.639627">
        <ele>263.3247999999885</ele>
      </trkpt>
      <trkpt lat="46.5992507" lon="2.6392936">
        <ele>258.1303599999924</ele>
      </trkpt>
      <trkpt lat="46.5994393" lon="2.6392855">
        <ele>258.6926800000042</ele>
      </trkpt>
      <trkpt lat="46.5996448" lon="2.6393741">
        <ele>260.52566305280016</ele>
      </trkpt>
      <trkpt lat="46.5998344" lon="2.6394085">
        <ele>261.7568399999968</ele>
      </trkpt>
      <trkpt lat="46.6004305" lon="2.6389434">
        <ele>259.21857449601663</ele>
      </trkpt>
      <trkpt lat="46.6007208" lon="2.6387082">
        <ele>256.8032000000071</ele>
      </trkpt>
      <trkpt lat="46.6010888" lon="2.6384385">
        <ele>251.99282169600014</ele>
      </trkpt>
      <trkpt lat="46.6021251" lon="2.6375409">
        <ele>240.3902390063993</ele>
      </trkpt>
      <trkpt lat="46.6017692" lon="2.635245">
        <ele>230.36911999999893</ele>
      </trkpt>
      <trkpt lat="46.601704" lon="2.6346685">
        <ele>229.10139295998414</ele>
      </trkpt>
      <trkpt lat="46.6014501" lon="2.6338142">
        <ele>228.4999703968076</ele>
      </trkpt>
      <trkpt lat="46.6013564" lon="2.6332494">
        <ele>227.88304000000062</ele>
      </trkpt>
      <trkpt lat="46.6012788" lon="2.6319855">
        <ele>223.9281921920273</ele>
      </trkpt>
      <trkpt lat="46.6012693" lon="2.6314498">
        <ele>224.1530444255799</ele>
      </trkpt>
      <trkpt lat="46.6011689" lon="2.630893">
        <ele>222.83891999997377</ele>
      </trkpt>
      <trkpt lat="46.6010694" lon="2.6306355">
        <ele>220.61881604799908</ele>
      </trkpt>
      <trkpt lat="46.6009625" lon="2.6302841">
        <ele>216.6138633999944</ele>
      </trkpt>
      <trkpt lat="46.6008869" lon="2.630091">
        <ele>216.00509438400644</ele>
      </trkpt>
      <trkpt lat="46.6007063" lon="2.6297745">
        <ele>216.47409237601124</ele>
      </trkpt>
      <trkpt lat="46.6006007" lon="2.629594">
        <ele>217.4374207679863</ele>
      </trkpt>
      <trkpt lat="46.6004537" lon="2.6292283">
        <ele>218.2405610415722</ele>
      </trkpt>
      <trkpt lat="46.6003009" lon="2.6288143">
        <ele>219.75027999999338</ele>
      </trkpt>
      <trkpt lat="46.6002917" lon="2.6286533">
        <ele>219.8496400000031</ele>
      </trkpt>
      <trkpt lat="46.6002972" lon="2.6282403">
        <ele>219.81365760640028</ele>
      </trkpt>
      <trkpt lat="46.6002097" lon="2.6279157">
        <ele>219.74159999999756</ele>
      </trkpt>
      <trkpt lat="46.6001636" lon="2.6277481">
        <ele>219.41103999999314</ele>
      </trkpt>
      <trkpt lat="46.6000853" lon="2.6274772">
        <ele>219.66771487358662</ele>
      </trkpt>
      <trkpt lat="46.599956" lon="2.6270918">
        <ele>220.08402803200235</ele>
      </trkpt>
      <trkpt lat="46.5999271" lon="2.6270643">
        <ele>220.11323761119647</ele>
      </trkpt>
      <trkpt lat="46.5999173" lon="2.6269461">
        <ele>220.0017744112001</ele>
      </trkpt>
      <trkpt lat="46.5999046" lon="2.626823">
        <ele>219.5627999999997</ele>
      </trkpt>
      <trkpt lat="46.5999071" lon="2.6266746">
        <ele>219.0285599999993</ele>
      </trkpt>
      <trkpt lat="46.5998865" lon="2.6266606">
        <ele>218.99107617599998</ele>
      </trkpt>
      <trkpt lat="46.5997655" lon="2.6261173">
        <ele>217.1780799999883</ele>
      </trkpt>
      <trkpt lat="46.5996468" lon="2.6257131">
        <ele>216.8386799999921</ele>
      </trkpt>
      <trkpt lat="46.5996162" lon="2.6255092">
        <ele>216.1116147584016</ele>
      </trkpt>
      <trkpt lat="46.5996271" lon="2.6247859">
        <ele>214.34244000000263</ele>
      </trkpt>
      <trkpt lat="46.5995789" lon="2.6227594">
        <ele>212.89960000001975</ele>
      </trkpt>
      <trkpt lat="46.5995527" lon="2.6223357">
        <ele>210.6290800000229</ele>
      </trkpt>
      <trkpt lat="46.5994218" lon="2.6217145">
        <ele>209.94655548800435</ele>
      </trkpt>
      <trkpt lat="46.5993578" lon="2.6213479">
        <ele>209.54051999999956</ele>
      </trkpt>
      <trkpt lat="46.5993352" lon="2.6212223">
        <ele>209.00699999999506</ele>
      </trkpt>
      <trkpt lat="46.5993053" lon="2.6211185">
        <ele>208.52567999999155</ele>
      </trkpt>
      <trkpt lat="46.5989903" lon="2.6203394">
        <ele>201.52466934719902</ele>
      </trkpt>
      <trkpt lat="46.5987317" lon="2.619672">
        <ele>196.5851288960145</ele>
      </trkpt>
      <trkpt lat="46.598134" lon="2.6183561">
        <ele>186.58794550401362</ele>
      </trkpt>
      <trkpt lat="46.5977004" lon="2.6174778">
        <ele>179.3629600000063</ele>
      </trkpt>
      <trkpt lat="46.5981104" lon="2.6173124">
        <ele>181.2615369216142</ele>
      </trkpt>
      <trkpt lat="46.5981806" lon="2.6172841">
        <ele>181.55043764159655</ele>
      </trkpt>
      <trkpt lat="46.5982377" lon="2.6172586">
        <ele>181.74159309119403</ele>
      </trkpt>
      <trkpt lat="46.5982861" lon="2.6172475">
        <ele>181.90548636001085</ele>
      </trkpt>
      <trkpt lat="46.5983285" lon="2.6172453">
        <ele>182.06423440800364</ele>
      </trkpt>
      <trkpt lat="46.5984988" lon="2.6172466">
        <ele>182.14003687680105</ele>
      </trkpt>
      <trkpt lat="46.5985349" lon="2.6172486">
        <ele>182.16386677439885</ele>
      </trkpt>
      <trkpt lat="46.5985658" lon="2.6172566">
        <ele>182.22733226880206</ele>
      </trkpt>
      <trkpt lat="46.5987462" lon="2.6173272">
        <ele>182.38825989119832</ele>
      </trkpt>
      <trkpt lat="46.5991229" lon="2.6174845">
        <ele>182.0</ele>
      </trkpt>
      <trkpt lat="46.5992767" lon="2.6176017">
        <ele>183.3794525455822</ele>
      </trkpt>
      <trkpt lat="46.5994123" lon="2.6177377">
        <ele>184.72330391838932</ele>
      </trkpt>
      <trkpt lat="46.5998616" lon="2.6181785">
        <ele>188.43908000002148</ele>
      </trkpt>
      <trkpt lat="46.5999047" lon="2.6181512">
        <ele>188.0304799999758</ele>
      </trkpt>
      <trkpt lat="46.6000509" lon="2.6181531">
        <ele>186.86578655840555</ele>
      </trkpt>
      <trkpt lat="46.6002049" lon="2.6182207">
        <ele>185.82014173278935</ele>
      </trkpt>
      <trkpt lat="46.6006056" lon="2.6186232">
        <ele>184.68319999998948</ele>
      </trkpt>
      <trkpt lat="46.6009948" lon="2.6190697">
        <ele>182.83743999998387</ele>
      </trkpt>
      <trkpt lat="46.6011726" lon="2.619247">
        <ele>181.8426573120049</ele>
      </trkpt>
      <trkpt lat="46.6013736" lon="2.6193932">
        <ele>181.82567377919906</ele>
      </trkpt>
      <trkpt lat="46.6015259" lon="2.6194843">
        <ele>181.6502400000045</ele>
      </trkpt>
      <trkpt lat="46.6022328" lon="2.6198857">
        <ele>182.10087999997995</ele>
      </trkpt>
      <trkpt lat="46.6025835" lon="2.6200558">
        <ele>181.10115999999334</ele>
      </trkpt>
      <trkpt lat="46.6029168" lon="2.620187">
        <ele>181.00947686399374</ele>
      </trkpt>
      <trkpt lat="46.602985" lon="2.6200823">
        <ele>180.3715351200035</ele>
      </trkpt>
      <trkpt lat="46.6031476" lon="2.6195487">
        <ele>178.9136739647991</ele>
      </trkpt>
      <trkpt lat="46.6032479" lon="2.6191634">
        <ele>179.3966399999954</ele>
      </trkpt>
      <trkpt lat="46.6032632" lon="2.6189261">
        <ele>180.3610800000056</ele>
      </trkpt>
      <trkpt lat="46.6034656" lon="2.618997">
        <ele>181.2722814719994</ele>
      </trkpt>
      <trkpt lat="46.6039078" lon="2.6192097">
        <ele>181.85562695360147</ele>
      </trkpt>
      <trkpt lat="46.6041235" lon="2.6192743">
        <ele>181.93978560800022</ele>
      </trkpt>
      <trkpt lat="46.6041989" lon="2.6192912">
        <ele>182.06401694720014</ele>
      </trkpt>
      <trkpt lat="46.6045931" lon="2.6193667">
        <ele>182.8150400000086</ele>
      </trkpt>
      <trkpt lat="46.6050819" lon="2.6193445">
        <ele>183.29484000000684</ele>
      </trkpt>
      <trkpt lat="46.6054869" lon="2.6199657">
        <ele>184.09296068320162</ele>
      </trkpt>
      <trkpt lat="46.6058638" lon="2.6205665">
        <ele>184.21936000001187</ele>
      </trkpt>
      <trkpt lat="46.606234" lon="2.6209192">
        <ele>186.74804531200394</ele>
      </trkpt>
      <trkpt lat="46.6062788" lon="2.6209943">
        <ele>186.85753951359126</ele>
      </trkpt>
      <trkpt lat="46.6063955" lon="2.6211706">
        <ele>187.07649700797495</ele>
      </trkpt>
      <trkpt lat="46.6064695" lon="2.6215004">
        <ele>188.56224000004113</ele>
      </trkpt>
      <trkpt lat="46.6064987" lon="2.621902">
        <ele>189.9161951040532</ele>
      </trkpt>
      <trkpt lat="46.606548" lon="2.6221567">
        <ele>191.51686412795732</ele>
      </trkpt>
      <trkpt lat="46.6068105" lon="2.622627">
        <ele>191.40226184001452</ele>
      </trkpt>
      <trkpt lat="46.6071425" lon="2.623231">
        <ele>193.50740000002088</ele>
      </trkpt>
      <trkpt lat="46.6072726" lon="2.6233519">
        <ele>194.966602102437</ele>
      </trkpt>
      <trkpt lat="46.6079187" lon="2.62456">
        <ele>199.40832511998576</ele>
      </trkpt>
      <trkpt lat="46.6082417" lon="2.6250825">
        <ele>200.23872000001484</ele>
      </trkpt>
      <trkpt lat="46.608392" lon="2.6252915">
        <ele>199.05916672004685</ele>
      </trkpt>
      <trkpt lat="46.608623" lon="2.6254874">
        <ele>200.4302985920263</ele>
      </trkpt>
      <trkpt lat="46.6087778" lon="2.6255919">
        <ele>201.45085106557764</ele>
      </trkpt>
      <trkpt lat="46.608964" lon="2.6257421">
        <ele>201.2757796480019</ele>
      </trkpt>
      <trkpt lat="46.6091726" lon="2.6259902">
        <ele>200.92534241920777</ele>
      </trkpt>
      <trkpt lat="46.6092601" lon="2.6261666">
        <ele>200.47699127360352</ele>
      </trkpt>
      <trkpt lat="46.6093812" lon="2.6265258">
        <ele>199.21573891841723</ele>
      </trkpt>
      <trkpt lat="46.6094911" lon="2.6267674">
        <ele>198.1409490144002</ele>
      </trkpt>
      <trkpt lat="46.6096213" lon="2.6270254">
        <ele>196.29315401920547</ele>
      </trkpt>
      <trkpt lat="46.6097693" lon="2.6271756">
        <ele>195.98351447683504</ele>
      </trkpt>
      <trkpt lat="46.610231" lon="2.6276196">
        <ele>199.68445369598197</ele>
      </trkpt>
      <trkpt lat="46.6102203" lon="2.6276978">
        <ele>199.73705640642945</ele>
      </trkpt>
      <trkpt lat="46.6101614" lon="2.627964">
        <ele>200.91640000004782</ele>
      </trkpt>
      <trkpt lat="46.6101356" lon="2.6282349">
        <ele>203.0625443775917</ele>
      </trkpt>
      <trkpt lat="46.6101466" lon="2.6287794">
        <ele>206.24464000000444</ele>
      </trkpt>
      <trkpt lat="46.6101374" lon="2.6289806">
        <ele>206.30635034238534</ele>
      </trkpt>
      <trkpt lat="46.6101687" lon="2.6291952">
        <ele>206.60358391045895</ele>
      </trkpt>
      <trkpt lat="46.6101687" lon="2.6292971">
        <ele>206.45953317926225</ele>
      </trkpt>
      <trkpt lat="46.6101485" lon="2.6295358">
        <ele>205.5663807520265</ele>
      </trkpt>
      <trkpt lat="46.6101227" lon="2.6297182">
        <ele>204.6567161055575</ele>
      </trkpt>
      <trkpt lat="46.610119" lon="2.6300159">
        <ele>202.99480161595267</ele>
      </trkpt>
      <trkpt lat="46.6101429" lon="2.6304638">
        <ele>199.74727999999322</ele>
      </trkpt>
      <trkpt lat="46.6101724" lon="2.6307026">
        <ele>199.19448000007242</ele>
      </trkpt>
      <trkpt lat="46.6102682" lon="2.6310271">
        <ele>199.4220518688042</ele>
      </trkpt>
      <trkpt lat="46.6104009" lon="2.6313919">
        <ele>198.7681552784273</ele>
      </trkpt>
      <trkpt lat="46.6106532" lon="2.6319589">
        <ele>199.66645379841094</ele>
      </trkpt>
      <trkpt lat="46.6106976" lon="2.632218">
        <ele>199.0155453440005</ele>
      </trkpt>
      <trkpt lat="46.6107053" lon="2.6323734">
        <ele>198.41322220160228</ele>
      </trkpt>
      <trkpt lat="46.6107037" lon="2.6325507">
        <ele>197.73867686718404</ele>
      </trkpt>
      <trkpt lat="46.6106883" lon="2.6330039">
        <ele>197.05246687040346</ele>
      </trkpt>
      <trkpt lat="46.6106478" lon="2.6333123">
        <ele>197.33583999998245</ele>
      </trkpt>
      <trkpt lat="46.6105594" lon="2.6336396">
        <ele>197.98757943040115</ele>
      </trkpt>
      <trkpt lat="46.6104562" lon="2.633999">
        <ele>199.4694399999844</ele>
      </trkpt>
      <trkpt lat="46.6103814" lon="2.6341969">
        <ele>200.88087999998515</ele>
      </trkpt>
      <trkpt lat="46.6103589" lon="2.634257">
        <ele>201.12387999998555</ele>
      </trkpt>
      <trkpt lat="46.6106215" lon="2.6347622">
        <ele>199.14391999999998</ele>
      </trkpt>
      <trkpt lat="46.6108984" lon="2.6352301">
        <ele>200.82835999999907</ele>
      </trkpt>
      <trkpt lat="46.6110311" lon="2.6354849">
        <ele>201.74563999999918</ele>
      </trkpt>
      <trkpt lat="46.6111195" lon="2.6354957">
        <ele>201.6702274959871</ele>
      </trkpt>
      <trkpt lat="46.6114659" lon="2.6358619">
        <ele>200.82836863841058</ele>
      </trkpt>
      <trkpt lat="46.6117741" lon="2.6363012">
        <ele>204.17505239679858</ele>
      </trkpt>
      <trkpt lat="46.612018" lon="2.6366937">
        <ele>207.63926966400658</ele>
      </trkpt>
      <trkpt lat="46.6124738" lon="2.6372358">
        <ele>207.24096000001327</ele>
      </trkpt>
      <trkpt lat="46.6126729" lon="2.6373012">
        <ele>207.23052000000143</ele>
      </trkpt>
      <trkpt lat="46.6133534" lon="2.637647">
        <ele>207.93409059198774</ele>
      </trkpt>
      <trkpt lat="46.6135652" lon="2.6376844">
        <ele>206.43179947523345</ele>
      </trkpt>
      <trkpt lat="46.613745" lon="2.6375535">
        <ele>204.0957999999955</ele>
      </trkpt>
      <trkpt lat="46.6138296" lon="2.6374216">
        <ele>203.09295738879624</ele>
      </trkpt>
      <trkpt lat="46.6139248" lon="2.6372731">
        <ele>203.38783999999487</ele>
      </trkpt>
      <trkpt lat="46.6140532" lon="2.6372358">
        <ele>204.77456000000802</ele>
      </trkpt>
      <trkpt lat="46.6147978" lon="2.6376657">
        <ele>210.0790399999937</ele>
      </trkpt>
      <trkpt lat="46.6150033" lon="2.6377217">
        <ele>210.40375999999924</ele>
      </trkpt>
      <trkpt lat="46.6151509" lon="2.6376376">
        <ele>211.0092799999993</ele>
      </trkpt>
      <trkpt lat="46.615549" lon="2.6370488">
        <ele>215.49141209600083</ele>
      </trkpt>
      <trkpt lat="46.6157415" lon="2.636918">
        <ele>217.95499999999447</ele>
      </trkpt>
      <trkpt lat="46.6159085" lon="2.6368993">
        <ele>219.2553820880327</ele>
      </trkpt>
      <trkpt lat="46.6160176" lon="2.6369741">
        <ele>219.56303999998954</ele>
      </trkpt>
      <trkpt lat="46.6164284" lon="2.6374133">
        <ele>222.05095999996365</ele>
      </trkpt>
      <trkpt lat="46.6165568" lon="2.637432">
        <ele>223.30303999997795</ele>
      </trkpt>
      <trkpt lat="46.6174748" lon="2.6371236">
        <ele>235.9014399999387</ele>
      </trkpt>
      <trkpt lat="46.6178985" lon="2.6370582">
        <ele>242.05314260801788</ele>
      </trkpt>
      <trkpt lat="46.6180782" lon="2.6369647">
        <ele>244.55388000000175</ele>
      </trkpt>
      <trkpt lat="46.618213" lon="2.6368058">
        <ele>245.36475756802062</ele>
      </trkpt>
      <trkpt lat="46.6183607" lon="2.6365068">
        <ele>244.50740000006135</ele>
      </trkpt>
      <trkpt lat="46.618512" lon="2.6363541">
        <ele>241.73931436795377</ele>
      </trkpt>
      <trkpt lat="46.6187405" lon="2.6362415">
        <ele>239.5341999999955</ele>
      </trkpt>
      <trkpt lat="46.6188842" lon="2.6361878">
        <ele>239.0168800000124</ele>
      </trkpt>
      <trkpt lat="46.6191163" lon="2.6361878">
        <ele>239.81868000000622</ele>
      </trkpt>
      <trkpt lat="46.6196019" lon="2.6362735">
        <ele>244.08742533598803</ele>
      </trkpt>
      <trkpt lat="46.6197934" lon="2.6363754">
        <ele>247.54988301437626</ele>
      </trkpt>
      <trkpt lat="46.6199557" lon="2.6343375">
        <ele>245.29603999998835</ele>
      </trkpt>
      <trkpt lat="46.6201251" lon="2.6345977">
        <ele>248.1512726192348</ele>
      </trkpt>
      <trkpt lat="46.6214478" lon="2.6368099">
        <ele>259.8015230687787</ele>
      </trkpt>
      <trkpt lat="46.6223118" lon="2.6381785">
        <ele>274.7876896479873</ele>
      </trkpt>
      <trkpt lat="46.6256859" lon="2.6475284">
        <ele>278.3742550975971</ele>
      </trkpt>
      <trkpt lat="46.6283094" lon="2.6431957">
        <ele>297.1288505568045</ele>
      </trkpt>
      <trkpt lat="46.6298019" lon="2.6407307">
        <ele>296.60717835681606</ele>
      </trkpt>
      <trkpt lat="46.6315805" lon="2.6378447">
        <ele>285.5565733840019</ele>
      </trkpt>
      <trkpt lat="46.6327137" lon="2.6381634">
        <ele>275.7723200000737</ele>
      </trkpt>
      <trkpt lat="46.6336319" lon="2.6383972">
        <ele>275.90255278718456</ele>
      </trkpt>
      <trkpt lat="46.6362108" lon="2.6409259">
        <ele>268.9233599999925</ele>
      </trkpt>
      <trkpt lat="46.63736" lon="2.6414194">
        <ele>260.5119999999888</ele>
      </trkpt>
      <trkpt lat="46.6386417" lon="2.6415696">
        <ele>257.14860033280405</ele>
      </trkpt>
      <trkpt lat="46.6379927" lon="2.6461938">
        <ele>292.4997570912051</ele>
      </trkpt>
      <trkpt lat="46.6383582" lon="2.6510096">
        <ele>264.63953743360565</ele>
      </trkpt>
      <trkpt lat="46.6387996" lon="2.6560263">
        <ele>244.91797793920395</ele>
      </trkpt>
      <trkpt lat="46.6407559" lon="2.6555264">
        <ele>243.90190135040888</ele>
      </trkpt>
      <trkpt lat="46.6415414" lon="2.6584664">
        <ele>241.32479999998213</ele>
      </trkpt>
      <trkpt lat="46.643142" lon="2.6644014">
        <ele>240.42049644797493</ele>
      </trkpt>
      <trkpt lat="46.6452961" lon="2.6725383">
        <ele>252.20070543518636</ele>
      </trkpt>
      <trkpt lat="46.6463691" lon="2.6766578">
        <ele>245.10315999999557</ele>
      </trkpt>
      <trkpt lat="46.6475439" lon="2.6812274">
        <ele>243.44435626880158</ele>
      </trkpt>
      <trkpt lat="46.6513934" lon="2.6832144">
        <ele>232.75654663672026</ele>
      </trkpt>
      <trkpt lat="46.6514024" lon="2.6829661">
        <ele>235.0606240255698</ele>
      </trkpt>
      <trkpt lat="46.6510931" lon="2.6823438">
        <ele>241.56232</ele>
      </trkpt>
      <trkpt lat="46.6515203" lon="2.6818503">
        <ele>238.90291999998317</ele>
      </trkpt>
      <trkpt lat="46.6520505" lon="2.6816571">
        <ele>233.3473600000043</ele>
      </trkpt>
      <trkpt lat="46.6526986" lon="2.6814211">
        <ele>233.11922647679557</ele>
      </trkpt>
      <trkpt lat="46.6529011" lon="2.6808858">
        <ele>232.21710483519098</ele>
      </trkpt>
      <trkpt lat="46.6529932" lon="2.6808632">
        <ele>231.47309608961993</ele>
      </trkpt>
      <trkpt lat="46.6533467" lon="2.6807774">
        <ele>229.7986400000009</ele>
      </trkpt>
      <trkpt lat="46.6536854" lon="2.6812065">
        <ele>231.5507588960062</ele>
      </trkpt>
      <trkpt lat="46.6540536" lon="2.6810778">
        <ele>235.20821552637935</ele>
      </trkpt>
      <trkpt lat="46.6543188" lon="2.6807559">
        <ele>237.66392872319068</ele>
      </trkpt>
      <trkpt lat="46.6545986" lon="2.6813782">
        <ele>239.68200513919814</ele>
      </trkpt>
      <trkpt lat="46.654849" lon="2.6818932">
        <ele>238.26867667199835</ele>
      </trkpt>
      <trkpt lat="46.6549374" lon="2.6826227">
        <ele>231.98976000002494</ele>
      </trkpt>
      <trkpt lat="46.6550846" lon="2.6830948">
        <ele>232.0769600000308</ele>
      </trkpt>
      <trkpt lat="46.6552554" lon="2.6834929">
        <ele>233.6777600000205</ele>
      </trkpt>
      <trkpt lat="46.6553056" lon="2.6836098">
        <ele>234.30000724478222</ele>
      </trkpt>
      <trkpt lat="46.6553792" lon="2.6844895">
        <ele>235.40125753598204</ele>
      </trkpt>
      <trkpt lat="46.6552106" lon="2.6855474">
        <ele>230.03974042235262</ele>
      </trkpt>
      <trkpt lat="46.6551048" lon="2.6865065">
        <ele>229.15319999999883</ele>
      </trkpt>
      <trkpt lat="46.6551307" lon="2.6866159">
        <ele>228.36551999999938</ele>
      </trkpt>
      <trkpt lat="46.6551976" lon="2.686877">
        <ele>228.6556746239912</ele>
      </trkpt>
      <trkpt lat="46.6552533" lon="2.6870559">
        <ele>227.8277627312171</ele>
      </trkpt>
      <trkpt lat="46.6552646" lon="2.6870922">
        <ele>227.58516571517833</ele>
      </trkpt>
      <trkpt lat="46.6553079" lon="2.6873878">
        <ele>227.1084399999886</ele>
      </trkpt>
      <trkpt lat="46.6553217" lon="2.687669">
        <ele>227.06191979200244</ele>
      </trkpt>
      <trkpt lat="46.6553099" lon="2.6878613">
        <ele>227.0</ele>
      </trkpt>
      <trkpt lat="46.6553532" lon="2.6882343">
        <ele>227.46876231039877</ele>
      </trkpt>
      <trkpt lat="46.6553867" lon="2.6884639">
        <ele>227.60787999999593</ele>
      </trkpt>
      <trkpt lat="46.6554478" lon="2.6885672">
        <ele>227.38792000000922</ele>
      </trkpt>
      <trkpt lat="46.6555068" lon="2.6888828">
        <ele>226.54078520322363</ele>
      </trkpt>
      <trkpt lat="46.6555325" lon="2.6891927">
        <ele>225.33494124000407</ele>
      </trkpt>
      <trkpt lat="46.6554852" lon="2.6894424">
        <ele>226.50106414079212</ele>
      </trkpt>
      <trkpt lat="46.6554044" lon="2.6896662">
        <ele>226.21949237759736</ele>
      </trkpt>
      <trkpt lat="46.6553099" lon="2.6899302">
        <ele>226.74872000000005</ele>
      </trkpt>
      <trkpt lat="46.6552764" lon="2.690111">
        <ele>226.60536000000684</ele>
      </trkpt>
      <trkpt lat="46.6553256" lon="2.6903779">
        <ele>226.64270664958627</ele>
      </trkpt>
      <trkpt lat="46.6553946" lon="2.690596">
        <ele>227.33619353600378</ele>
      </trkpt>
      <trkpt lat="46.6554216" lon="2.6906551">
        <ele>227.34494447358514</ele>
      </trkpt>
      <trkpt lat="46.6554507" lon="2.6906997">
        <ele>227.42663807841626</ele>
      </trkpt>
      <trkpt lat="46.6556132" lon="2.6908523">
        <ele>228.60839053437581</ele>
      </trkpt>
      <trkpt lat="46.6559516" lon="2.6910552">
        <ele>230.54134302720465</ele>
      </trkpt>
      <trkpt lat="46.6564535" lon="2.6913545">
        <ele>229.7674000000079</ele>
      </trkpt>
      <trkpt lat="46.6566804" lon="2.6915014">
        <ele>228.56554517760236</ele>
      </trkpt>
      <trkpt lat="46.6567061" lon="2.6915189">
        <ele>228.45644295839753</ele>
      </trkpt>
      <trkpt lat="46.6568282" lon="2.6915977">
        <ele>228.1039002144004</ele>
      </trkpt>
      <trkpt lat="46.6570453" lon="2.6917372">
        <ele>228.10916000000043</ele>
      </trkpt>
      <trkpt lat="46.6571396" lon="2.6918241">
        <ele>228.1358000000032</ele>
      </trkpt>
      <trkpt lat="46.6572644" lon="2.691962">
        <ele>227.99040371199933</ele>
      </trkpt>
      <trkpt lat="46.657381" lon="2.6920446">
        <ele>227.79390390399888</ele>
      </trkpt>
      <trkpt lat="46.6575501" lon="2.6921564">
        <ele>227.19422189439868</ele>
      </trkpt>
      <trkpt lat="46.6577774" lon="2.6922682">
        <ele>226.8347051071997</ele>
      </trkpt>
      <trkpt lat="46.6583401" lon="2.6924405">
        <ele>225.16548000002376</ele>
      </trkpt>
      <trkpt lat="46.6587805" lon="2.6925468">
        <ele>221.8461408960086</ele>
      </trkpt>
      <trkpt lat="46.6589262" lon="2.6925665">
        <ele>221.0</ele>
      </trkpt>
      <trkpt lat="46.6591909" lon="2.6925371">
        <ele>221.0872399999953</ele>
      </trkpt>
      <trkpt lat="46.6592397" lon="2.692532">
        <ele>221.26292000000194</ele>
      </trkpt>
      <trkpt lat="46.6593546" lon="2.6925183">
        <ele>221.67656000000125</ele>
      </trkpt>
      <trkpt lat="46.6595452" lon="2.692443">
        <ele>222.3627199999878</ele>
      </trkpt>
      <trkpt lat="46.6595155" lon="2.6923851">
        <ele>222.25579999999172</ele>
      </trkpt>
      <trkpt lat="46.6594703" lon="2.6923552">
        <ele>222.09308000000874</ele>
      </trkpt>
      <trkpt lat="46.6594208" lon="2.6923609">
        <ele>221.95750469119895</ele>
      </trkpt>
      <trkpt lat="46.6593824" lon="2.6923961">
        <ele>221.86018557439647</ele>
      </trkpt>
      <trkpt lat="46.6593586" lon="2.6924524">
        <ele>221.74391709439195</ele>
      </trkpt>
      <trkpt lat="46.6593546" lon="2.6925183">
        <ele>221.67656000000125</ele>
      </trkpt>
      <trkpt lat="46.6593721" lon="2.6925823">
        <ele>221.73955999999544</ele>
      </trkpt>
      <trkpt lat="46.659408" lon="2.6926273">
        <ele>221.86879999999655</ele>
      </trkpt>
      <trkpt lat="46.6594541" lon="2.692643">
        <ele>222.01686555199626</ele>
      </trkpt>
      <trkpt lat="46.6594888" lon="2.6926334">
        <ele>222.08299527679674</ele>
      </trkpt>
      <trkpt lat="46.659519" lon="2.6926067">
        <ele>222.1653021920069</ele>
      </trkpt>
      <trkpt lat="46.6595409" lon="2.6925663">
        <ele>222.2643607568084</ele>
      </trkpt>
      <trkpt lat="46.6595525" lon="2.6925054">
        <ele>222.38143783998825</ele>
      </trkpt>
      <trkpt lat="46.6595452" lon="2.692443">
        <ele>222.3627199999878</ele>
      </trkpt>
      <trkpt lat="46.6595409" lon="2.6925663">
        <ele>222.2643607568084</ele>
      </trkpt>
      <trkpt lat="46.6596806" lon="2.6926651">
        <ele>222.34485890240177</ele>
      </trkpt>
      <trkpt lat="46.6598683" lon="2.6928167">
        <ele>221.33400000000256</ele>
      </trkpt>
      <trkpt lat="46.6598892" lon="2.6928328">
        <ele>221.2007999999919</ele>
      </trkpt>
      <trkpt lat="46.6599463" lon="2.6928809">
        <ele>220.8220799999949</ele>
      </trkpt>
      <trkpt lat="46.6606128" lon="2.6933327">
        <ele>220.00181013759973</ele>
      </trkpt>
      <trkpt lat="46.6607205" lon="2.6934076">
        <ele>220.0</ele>
      </trkpt>
      <trkpt lat="46.6607168" lon="2.6934542">
        <ele>220.0</ele>
      </trkpt>
      <trkpt lat="46.6607348" lon="2.6934931">
        <ele>220.0</ele>
      </trkpt>
      <trkpt lat="46.6607637" lon="2.6935057">
        <ele>220.0</ele>
      </trkpt>
      <trkpt lat="46.6607918" lon="2.6934899">
        <ele>220.0</ele>
      </trkpt>
      <trkpt lat="46.6608073" lon="2.6934522">
        <ele>220.0</ele>
      </trkpt>
      <trkpt lat="46.6608558" lon="2.6934708">
        <ele>219.9191199999991</ele>
      </trkpt>
      <trkpt lat="46.6608548" lon="2.6936708">
        <ele>219.70783999999003</ele>
      </trkpt>
      <trkpt lat="46.6609051" lon="2.6944124">
        <ele>216.11535999999978</ele>
      </trkpt>
      <trkpt lat="46.6609576" lon="2.6952235">
        <ele>214.0</ele>
      </trkpt>
      <trkpt lat="46.6609537" lon="2.6953411">
        <ele>214.0</ele>
      </trkpt>
      <trkpt lat="46.6609404" lon="2.6954293">
        <ele>214.0</ele>
      </trkpt>
      <trkpt lat="46.6609684" lon="2.6954819">
        <ele>214.0</ele>
      </trkpt>
      <trkpt lat="46.6612604" lon="2.6962559">
        <ele>214.77854477440593</ele>
      </trkpt>
      <trkpt lat="46.661364" lon="2.6965092">
        <ele>216.22174489599576</ele>
      </trkpt>
      <trkpt lat="46.6608943" lon="2.697572">
        <ele>219.91764000002695</ele>
      </trkpt>
      <trkpt lat="46.6607643" lon="2.6980155">
        <ele>222.10619658397738</ele>
      </trkpt>
      <trkpt lat="46.6606828" lon="2.6983965">
        <ele>224.70252739196897</ele>
      </trkpt>
      <trkpt lat="46.6606173" lon="2.699054">
        <ele>228.69108969596834</ele>
      </trkpt>
      <trkpt lat="46.660553" lon="2.6999952">
        <ele>225.97128000000248</ele>
      </trkpt>
      <trkpt lat="46.6605561" lon="2.7003129">
        <ele>225.00980000001618</ele>
      </trkpt>
      <trkpt lat="46.6605872" lon="2.7005504">
        <ele>225.56960000003528</ele>
      </trkpt>
      <trkpt lat="46.6606435" lon="2.7007127">
        <ele>227.1487199999824</ele>
      </trkpt>
      <trkpt lat="46.6606636" lon="2.7008343">
        <ele>227.9538864191894</ele>
      </trkpt>
      <trkpt lat="46.6600626" lon="2.7016281">
        <ele>230.57144000006429</ele>
      </trkpt>
      <trkpt lat="46.6588329" lon="2.7026795">
        <ele>224.16215192799973</ele>
      </trkpt>
      <trkpt lat="46.6588023" lon="2.7027078">
        <ele>224.26296850239538</ele>
      </trkpt>
      <trkpt lat="46.6585899" lon="2.7029048">
        <ele>224.22820000002957</ele>
      </trkpt>
      <trkpt lat="46.6580045" lon="2.7031311">
        <ele>224.08350750401328</ele>
      </trkpt>
      <trkpt lat="46.6578682" lon="2.7031838">
        <ele>225.11121214718943</ele>
      </trkpt>
      <trkpt lat="46.6574209" lon="2.7034963">
        <ele>223.85009700318312</ele>
      </trkpt>
      <trkpt lat="46.6564102" lon="2.7041923">
        <ele>223.02263972158818</ele>
      </trkpt>
      <trkpt lat="46.6562114" lon="2.704557">
        <ele>223.10213340798262</ele>
      </trkpt>
      <trkpt lat="46.6560935" lon="2.7049755">
        <ele>222.00559188000082</ele>
      </trkpt>
      <trkpt lat="46.6561083" lon="2.7058982">
        <ele>222.98987999999872</ele>
      </trkpt>
      <trkpt lat="46.6561598" lon="2.7063488">
        <ele>223.37585640958122</ele>
      </trkpt>
      <trkpt lat="46.6559394" lon="2.7077438">
        <ele>226.92438666879997</ele>
      </trkpt>
      <trkpt lat="46.6558505" lon="2.7078079">
        <ele>227.21017840800098</ele>
      </trkpt>
      <trkpt lat="46.6547164" lon="2.7082263">
        <ele>230.0</ele>
      </trkpt>
      <trkpt lat="46.6543261" lon="2.70828">
        <ele>230.16359936000265</ele>
      </trkpt>
      <trkpt lat="46.6538622" lon="2.7081941">
        <ele>234.0960800000039</ele>
      </trkpt>
      <trkpt lat="46.6533761" lon="2.7081083">
        <ele>234.83935392480154</ele>
      </trkpt>
      <trkpt lat="46.652949" lon="2.7081619">
        <ele>235.0</ele>
      </trkpt>
      <trkpt lat="46.6524068" lon="2.7083961">
        <ele>234.1516281983973</ele>
      </trkpt>
      <trkpt lat="46.6519619" lon="2.7146124">
        <ele>260.78907557759516</ele>
      </trkpt>
      <trkpt lat="46.6519126" lon="2.7152118">
        <ele>262.8853600000102</ele>
      </trkpt>
      <trkpt lat="46.6516931" lon="2.7180939">
        <ele>258.95712000001004</ele>
      </trkpt>
      <trkpt lat="46.6478334" lon="2.7200532">
        <ele>258.0</ele>
      </trkpt>
      <trkpt lat="46.6451778" lon="2.7214012">
        <ele>259.08863999999903</ele>
      </trkpt>
      <trkpt lat="46.6443328" lon="2.7209851">
        <ele>255.81767301120144</ele>
      </trkpt>
      <trkpt lat="46.6441266" lon="2.7209207">
        <ele>255.07140636480003</ele>
      </trkpt>
      <trkpt lat="46.6439275" lon="2.7209982">
        <ele>254.38254071998273</ele>
      </trkpt>
      <trkpt lat="46.6437949" lon="2.7208748">
        <ele>253.63691999998719</ele>
      </trkpt>
      <trkpt lat="46.6436292" lon="2.7207407">
        <ele>253.28963621760093</ele>
      </trkpt>
      <trkpt lat="46.6433824" lon="2.7205798">
        <ele>252.17455999999947</ele>
      </trkpt>
      <trkpt lat="46.643175" lon="2.720499">
        <ele>250.33674799999275</ele>
      </trkpt>
      <trkpt lat="46.6428655" lon="2.7205168">
        <ele>246.0649804159846</ele>
      </trkpt>
      <trkpt lat="46.642601" lon="2.7206121">
        <ele>242.63223999998263</ele>
      </trkpt>
      <trkpt lat="46.6423839" lon="2.720744">
        <ele>240.62379999997347</ele>
      </trkpt>
      <trkpt lat="46.6415548" lon="2.7212475">
        <ele>233.1765600000108</ele>
      </trkpt>
      <trkpt lat="46.6414069" lon="2.7213365">
        <ele>232.7524799999983</ele>
      </trkpt>
      <trkpt lat="46.6413444" lon="2.7213484">
        <ele>232.41150492160966</ele>
      </trkpt>
      <trkpt lat="46.6412779" lon="2.7213385">
        <ele>231.91056018399055</ele>
      </trkpt>
      <trkpt lat="46.6412688" lon="2.721378">
        <ele>232.07390694399265</ele>
      </trkpt>
      <trkpt lat="46.6412589" lon="2.7214096">
        <ele>232.17830890237585</ele>
      </trkpt>
      <trkpt lat="46.641225" lon="2.7214868">
        <ele>232.31699679998854</ele>
      </trkpt>
      <trkpt lat="46.6411897" lon="2.721552">
        <ele>232.31917062398253</ele>
      </trkpt>
      <trkpt lat="46.6411327" lon="2.7216291">
        <ele>232.08740914720008</ele>
      </trkpt>
      <trkpt lat="46.6408933" lon="2.7218368">
        <ele>232.0928043648166</ele>
      </trkpt>
      <trkpt lat="46.6404766" lon="2.7221848">
        <ele>233.28424000000177</ele>
      </trkpt>
      <trkpt lat="46.640368" lon="2.7223014">
        <ele>233.66790297599883</ele>
      </trkpt>
      <trkpt lat="46.6402839" lon="2.7224817">
        <ele>233.10560401440023</ele>
      </trkpt>
      <trkpt lat="46.6401807" lon="2.7224893">
        <ele>233.03852000000052</ele>
      </trkpt>
      <trkpt lat="46.6401095" lon="2.7225198">
        <ele>233.0</ele>
      </trkpt>
      <trkpt lat="46.6400506" lon="2.7226164">
        <ele>233.0</ele>
      </trkpt>
      <trkpt lat="46.6399989" lon="2.7227465">
        <ele>233.00044589599923</ele>
      </trkpt>
      <trkpt lat="46.6398921" lon="2.7228699">
        <ele>233.0</ele>
      </trkpt>
      <trkpt lat="46.6398921" lon="2.7230335">
        <ele>233.0</ele>
      </trkpt>
      <trkpt lat="46.6397401" lon="2.7233175">
        <ele>233.12138295998162</ele>
      </trkpt>
      <trkpt lat="46.6396765" lon="2.7235442">
        <ele>234.08831999999848</ele>
      </trkpt>
      <trkpt lat="46.6397127" lon="2.7240952">
        <ele>237.79364088321591</ele>
      </trkpt>
      <trkpt lat="46.6396767" lon="2.7242574">
        <ele>239.527260473587</ele>
      </trkpt>
      <trkpt lat="46.6396223" lon="2.7244759">
        <ele>242.22647999999845</ele>
      </trkpt>
      <trkpt lat="46.6394292" lon="2.7243497">
        <ele>241.55607847036586</ele>
      </trkpt>
      <trkpt lat="46.6393058" lon="2.7241672">
        <ele>242.49848168955748</ele>
      </trkpt>
      <trkpt lat="46.6390419" lon="2.7232893">
        <ele>240.11775915677583</ele>
      </trkpt>
      <trkpt lat="46.6390036" lon="2.722987">
        <ele>238.82536147198022</ele>
      </trkpt>
      <trkpt lat="46.6388725" lon="2.7227216">
        <ele>238.58221216002238</ele>
      </trkpt>
      <trkpt lat="46.6387103" lon="2.7224912">
        <ele>238.44496000000254</ele>
      </trkpt>
      <trkpt lat="46.6384567" lon="2.7223546">
        <ele>239.59993965441092</ele>
      </trkpt>
      <trkpt lat="46.638281" lon="2.7218908">
        <ele>238.12568000001966</ele>
      </trkpt>
      <trkpt lat="46.6382037" lon="2.7213184">
        <ele>237.77615056644032</ele>
      </trkpt>
      <trkpt lat="46.6380156" lon="2.7207283">
        <ele>237.67527999997037</ele>
      </trkpt>
      <trkpt lat="46.6375705" lon="2.7202729">
        <ele>237.44417672798141</ele>
      </trkpt>
      <trkpt lat="46.6371553" lon="2.7201326">
        <ele>238.55156557116862</ele>
      </trkpt>
      <trkpt lat="46.6368097" lon="2.7200885">
        <ele>240.5954264879987</ele>
      </trkpt>
      <trkpt lat="46.6367725" lon="2.7200838">
        <ele>240.7107799200016</ele>
      </trkpt>
      <trkpt lat="46.6359982" lon="2.7198077">
        <ele>240.1321200000125</ele>
      </trkpt>
      <trkpt lat="46.635727" lon="2.7198184">
        <ele>239.34840000000713</ele>
      </trkpt>
      <trkpt lat="46.6355664" lon="2.7199202">
        <ele>240.60264000000234</ele>
      </trkpt>
      <trkpt lat="46.6352957" lon="2.72033">
        <ele>241.64620976000646</ele>
      </trkpt>
      <trkpt lat="46.6348676" lon="2.7214144">
        <ele>241.8485453823962</ele>
      </trkpt>
      <trkpt lat="46.6347146" lon="2.7219228">
        <ele>243.60160000005226</ele>
      </trkpt>
      <trkpt lat="46.6345202" lon="2.7224705">
        <ele>245.34668286393804</ele>
      </trkpt>
      <trkpt lat="46.6342024" lon="2.7227471">
        <ele>243.2014399999889</ele>
      </trkpt>
      <trkpt lat="46.6337353" lon="2.7231612">
        <ele>243.47963346556466</ele>
      </trkpt>
      <trkpt lat="46.6335463" lon="2.7235763">
        <ele>245.2533596623794</ele>
      </trkpt>
      <trkpt lat="46.6334399" lon="2.7240137">
        <ele>245.92353712477623</ele>
      </trkpt>
      <trkpt lat="46.6334024" lon="2.7248174">
        <ele>248.5770340096305</ele>
      </trkpt>
      <trkpt lat="46.6335996" lon="2.7254964">
        <ele>250.21871999993937</ele>
      </trkpt>
      <trkpt lat="46.6345235" lon="2.7275041">
        <ele>247.56920000000173</ele>
      </trkpt>
      <trkpt lat="46.6346835" lon="2.7280975">
        <ele>248.85115060001</ele>
      </trkpt>
      <trkpt lat="46.6347622" lon="2.7288843">
        <ele>249.30198244158152</ele>
      </trkpt>
      <trkpt lat="46.6348184" lon="2.7295939">
        <ele>248.69248000000243</ele>
      </trkpt>
      <trkpt lat="46.6346108" lon="2.7301868">
        <ele>247.19614517759717</ele>
      </trkpt>
      <trkpt lat="46.6343832" lon="2.7306281">
        <ele>247.0</ele>
      </trkpt>
      <trkpt lat="46.6342573" lon="2.7310088">
        <ele>247.20610455040372</ele>
      </trkpt>
      <trkpt lat="46.6341882" lon="2.7311752">
        <ele>247.0775199999889</ele>
      </trkpt>
      <trkpt lat="46.6340344" lon="2.7313871">
        <ele>245.57151999997086</ele>
      </trkpt>
      <trkpt lat="46.6339797" lon="2.7313979">
        <ele>244.97015471517415</ele>
      </trkpt>
      <trkpt lat="46.6338959" lon="2.7314143">
        <ele>244.07341104478792</ele>
      </trkpt>
      <trkpt lat="46.6339649" lon="2.7315809">
        <ele>244.63176908641861</ele>
      </trkpt>
      <trkpt lat="46.6340163" lon="2.7316729">
        <ele>244.90521277919225</ele>
      </trkpt>
      <trkpt lat="46.6370982" lon="2.7350335">
        <ele>264.0667545119988</ele>
      </trkpt>
      <trkpt lat="46.639613" lon="2.7369739">
        <ele>258.7977498559708</ele>
      </trkpt>
      <trkpt lat="46.6431537" lon="2.7397059">
        <ele>273.31532108319715</ele>
      </trkpt>
      <trkpt lat="46.6418396" lon="2.744975">
        <ele>278.0</ele>
      </trkpt>
      <trkpt lat="46.6416408" lon="2.7489682">
        <ele>282.16581237758965</ele>
      </trkpt>
      <trkpt lat="46.6414673" lon="2.7559822">
        <ele>303.23336100479196</ele>
      </trkpt>
      <trkpt lat="46.6427558" lon="2.761656">
        <ele>297.0821582079876</ele>
      </trkpt>
      <trkpt lat="46.6437342" lon="2.7654979">
        <ele>294.7644400000095</ele>
      </trkpt>
      <trkpt lat="46.640902" lon="2.7669028">
        <ele>296.14991999999984</ele>
      </trkpt>
      <trkpt lat="46.6379721" lon="2.768356">
        <ele>298.3249559040038</ele>
      </trkpt>
      <trkpt lat="46.6385919" lon="2.7720183">
        <ele>301.49174826078263</ele>
      </trkpt>
      <trkpt lat="46.639942" lon="2.7797931">
        <ele>297.74483999999984</ele>
      </trkpt>
      <trkpt lat="46.6400234" lon="2.7800127">
        <ele>297.1651314527665</ele>
      </trkpt>
      <trkpt lat="46.6342638" lon="2.7811715">
        <ele>307.3226995679905</ele>
      </trkpt>
      <trkpt lat="46.6340977" lon="2.7811842">
        <ele>305.4381125663838</ele>
      </trkpt>
      <trkpt lat="46.6337039" lon="2.7812144">
        <ele>302.29624000000285</ele>
      </trkpt>
      <trkpt lat="46.6320241" lon="2.7808711">
        <ele>295.1508000000081</ele>
      </trkpt>
      <trkpt lat="46.630197" lon="2.7808711">
        <ele>296.11530283199124</ele>
      </trkpt>
      <trkpt lat="46.6278248" lon="2.7811927">
        <ele>301.0</ele>
      </trkpt>
      <trkpt lat="46.6277017" lon="2.78114">
        <ele>300.97151648000084</ele>
      </trkpt>
      <trkpt lat="46.6276211" lon="2.7810015">
        <ele>301.2225701840018</ele>
      </trkpt>
      <trkpt lat="46.6265602" lon="2.7800232">
        <ele>300.91647999999986</ele>
      </trkpt>
      <trkpt lat="46.6262116" lon="2.7798172">
        <ele>301.4398529791968</ele>
      </trkpt>
      <trkpt lat="46.6257356" lon="2.778973">
        <ele>302.59714284800805</ele>
      </trkpt>
      <trkpt lat="46.6255403" lon="2.7786726">
        <ele>303.95723709119255</ele>
      </trkpt>
      <trkpt lat="46.6246267" lon="2.7777606">
        <ele>298.9381600000006</ele>
      </trkpt>
      <trkpt lat="46.6241477" lon="2.7773958">
        <ele>299.0682799999936</ele>
      </trkpt>
      <trkpt lat="46.6238714" lon="2.7770418">
        <ele>299.26545377919405</ele>
      </trkpt>
      <trkpt lat="46.6236614" lon="2.7765429">
        <ele>297.1810400000113</ele>
      </trkpt>
      <trkpt lat="46.6236154" lon="2.7766663">
        <ele>297.01543999999467</ele>
      </trkpt>
      <trkpt lat="46.6234754" lon="2.7788335">
        <ele>294.6088588639901</ele>
      </trkpt>
      <trkpt lat="46.6233722" lon="2.780003">
        <ele>294.1399199999951</ele>
      </trkpt>
      <trkpt lat="46.6230679" lon="2.7811319">
        <ele>296.95888588959235</ele>
      </trkpt>
      <trkpt lat="46.6228343" lon="2.7819985">
        <ele>297.0</ele>
      </trkpt>
      <trkpt lat="46.622488" lon="2.783522">
        <ele>298.67920000000004</ele>
      </trkpt>
      <trkpt lat="46.6225821" lon="2.7839583">
        <ele>299.2498800000003</ele>
      </trkpt>
      <trkpt lat="46.6227901" lon="2.7851528">
        <ele>299.3856015487833</ele>
      </trkpt>
      <trkpt lat="46.6227017" lon="2.7862471">
        <ele>295.0</ele>
      </trkpt>
      <trkpt lat="46.6226501" lon="2.7874809">
        <ele>292.98803999999154</ele>
      </trkpt>
      <trkpt lat="46.622429" lon="2.7888542">
        <ele>293.51120000002265</ele>
      </trkpt>
      <trkpt lat="46.621869" lon="2.7901739">
        <ele>293.0</ele>
      </trkpt>
      <trkpt lat="46.6211911" lon="2.7909464">
        <ele>296.57965752320877</ele>
      </trkpt>
      <trkpt lat="46.6208241" lon="2.7914281">
        <ele>298.1079200000004</ele>
      </trkpt>
      <trkpt lat="46.6205037" lon="2.7920982">
        <ele>298.6368688863989</ele>
      </trkpt>
      <trkpt lat="46.6198959" lon="2.7934047">
        <ele>299.90371666080296</ele>
      </trkpt>
      <trkpt lat="46.6190983" lon="2.7946264">
        <ele>304.3949815552026</ele>
      </trkpt>
      <trkpt lat="46.6182933" lon="2.7956939">
        <ele>304.0</ele>
      </trkpt>
      <trkpt lat="46.6179713" lon="2.796126">
        <ele>302.9463999999998</ele>
      </trkpt>
      <trkpt lat="46.6177309" lon="2.796539">
        <ele>302.3375200000146</ele>
      </trkpt>
      <trkpt lat="46.6176724" lon="2.7966863">
        <ele>302.7757736704237</ele>
      </trkpt>
      <trkpt lat="46.6173905" lon="2.79825">
        <ele>302.39420000000337</ele>
      </trkpt>
      <trkpt lat="46.616397" lon="2.8007119">
        <ele>305.94160000000556</ele>
      </trkpt>
      <trkpt lat="46.6164092" lon="2.8009361">
        <ele>305.8537600000027</ele>
      </trkpt>
      <trkpt lat="46.6164832" lon="2.8022964">
        <ele>304.3209600000173</ele>
      </trkpt>
      <trkpt lat="46.6164935" lon="2.8027803">
        <ele>304.4913590560416</ele>
      </trkpt>
      <trkpt lat="46.6164848" lon="2.8034032">
        <ele>304.56095999998524</ele>
      </trkpt>
      <trkpt lat="46.6164611" lon="2.8042384">
        <ele>305.48179999999184</ele>
      </trkpt>
      <trkpt lat="46.61645" lon="2.8044296">
        <ele>304.83343999999806</ele>
      </trkpt>
      <trkpt lat="46.6164177" lon="2.804698">
        <ele>303.98348000000124</ele>
      </trkpt>
      <trkpt lat="46.6163137" lon="2.8052898">
        <ele>305.15756496961245</ele>
      </trkpt>
      <trkpt lat="46.6162568" lon="2.805593">
        <ele>307.49725990397764</ele>
      </trkpt>
      <trkpt lat="46.6162305" lon="2.8057602">
        <ele>308.0272422559971</ele>
      </trkpt>
      <trkpt lat="46.6162179" lon="2.8059228">
        <ele>307.90903999998363</ele>
      </trkpt>
      <trkpt lat="46.6162094" lon="2.8063235">
        <ele>306.5277199999823</ele>
      </trkpt>
      <trkpt lat="46.6162116" lon="2.8065821">
        <ele>306.27648000000227</ele>
      </trkpt>
      <trkpt lat="46.6162282" lon="2.8068238">
        <ele>306.48419456638294</ele>
      </trkpt>
      <trkpt lat="46.6162426" lon="2.8069916">
        <ele>306.6693224064043</ele>
      </trkpt>
      <trkpt lat="46.6162758" lon="2.8071655">
        <ele>306.5453460960443</ele>
      </trkpt>
      <trkpt lat="46.616427" lon="2.8077104">
        <ele>308.16839923199535</ele>
      </trkpt>
      <trkpt lat="46.6165786" lon="2.8082728">
        <ele>309.8129412864292</ele>
      </trkpt>
      <trkpt lat="46.6166974" lon="2.808741">
        <ele>307.66808000000447</ele>
      </trkpt>
      <trkpt lat="46.6170143" lon="2.8098809">
        <ele>304.1377354351879</ele>
      </trkpt>
      <trkpt lat="46.6170314" lon="2.8100095">
        <ele>304.03738596797973</ele>
      </trkpt>
      <trkpt lat="46.6170019" lon="2.8102478">
        <ele>303.6719178272137</ele>
      </trkpt>
      <trkpt lat="46.6169801" lon="2.8103381">
        <ele>303.55399465760445</ele>
      </trkpt>
      <trkpt lat="46.6169802" lon="2.8106024">
        <ele>302.72434734079843</ele>
      </trkpt>
      <trkpt lat="46.6170032" lon="2.8109702">
        <ele>301.61150013439914</ele>
      </trkpt>
      <trkpt lat="46.6170611" lon="2.8114467">
        <ele>301.5073620752032</ele>
      </trkpt>
      <trkpt lat="46.6171682" lon="2.812165">
        <ele>304.5594571200074</ele>
      </trkpt>
      <trkpt lat="46.6173398" lon="2.8134298">
        <ele>309.34083667843</ele>
      </trkpt>
      <trkpt lat="46.617426" lon="2.8139574">
        <ele>312.33220979201616</ele>
      </trkpt>
      <trkpt lat="46.6174405" lon="2.8140696">
        <ele>312.63609990400386</ele>
      </trkpt>
      <trkpt lat="46.6174679" lon="2.8142811">
        <ele>313.66075390240684</ele>
      </trkpt>
      <trkpt lat="46.6175587" lon="2.8156449">
        <ele>316.46499103519176</ele>
      </trkpt>
      <trkpt lat="46.6175902" lon="2.8158931">
        <ele>317.2151599999993</ele>
      </trkpt>
      <trkpt lat="46.6176398" lon="2.8161044">
        <ele>317.9758399999996</ele>
      </trkpt>
      <trkpt lat="46.6176476" lon="2.8161267">
        <ele>318.0263000768003</ele>
      </trkpt>
      <trkpt lat="46.6178629" lon="2.8167425">
        <ele>319.2730000000006</ele>
      </trkpt>
      <trkpt lat="46.6178915" lon="2.8169529">
        <ele>320.03044</ele>
      </trkpt>
      <trkpt lat="46.6178985" lon="2.8170046">
        <ele>320.21656000000075</ele>
      </trkpt>
      <trkpt lat="46.6179887" lon="2.8180051">
        <ele>323.92111711520965</ele>
      </trkpt>
      <trkpt lat="46.6180273" lon="2.8184473">
        <ele>325.98226631839145</ele>
      </trkpt>
      <trkpt lat="46.6180582" lon="2.8185135">
        <ele>326.278159999998</ele>
      </trkpt>
      <trkpt lat="46.6180335" lon="2.8186353">
        <ele>327.0863141519892</ele>
      </trkpt>
      <trkpt lat="46.6180254" lon="2.8187014">
        <ele>327.1438463423978</ele>
      </trkpt>
      <trkpt lat="46.6179987" lon="2.8189109">
        <ele>327.48859999999286</ele>
      </trkpt>
      <trkpt lat="46.617947" lon="2.8193772">
        <ele>329.2433248639954</ele>
      </trkpt>
      <trkpt lat="46.61792" lon="2.8195793">
        <ele>329.97348000000693</ele>
      </trkpt>
      <trkpt lat="46.617883" lon="2.8197019">
        <ele>330.54804000000377</ele>
      </trkpt>
      <trkpt lat="46.6176831" lon="2.8199984">
        <ele>332.33507999999665</ele>
      </trkpt>
      <trkpt lat="46.6176257" lon="2.8201016">
        <ele>332.87850743040224</ele>
      </trkpt>
      <trkpt lat="46.6178905" lon="2.8203061">
        <ele>333.6961599999945</ele>
      </trkpt>
      <trkpt lat="46.617728" lon="2.8201771">
        <ele>333.2258184959998</ele>
      </trkpt>
      <trkpt lat="46.6176257" lon="2.8201016">
        <ele>332.87850743040224</ele>
      </trkpt>
      <trkpt lat="46.6178905" lon="2.8203061">
        <ele>333.6961599999945</ele>
      </trkpt>
      <trkpt lat="46.6179909" lon="2.8204876">
        <ele>333.98811999999134</ele>
      </trkpt>
      <trkpt lat="46.6181463" lon="2.8206636">
        <ele>333.7356000000045</ele>
      </trkpt>
      <trkpt lat="46.6182083" lon="2.8207352">
        <ele>333.5469600000065</ele>
      </trkpt>
      <trkpt lat="46.6182872" lon="2.8208098">
        <ele>333.24744000001874</ele>
      </trkpt>
      <trkpt lat="46.6183452" lon="2.8208426">
        <ele>332.99064</ele>
      </trkpt>
      <trkpt lat="46.6186262" lon="2.8210016">
        <ele>332.584344883199</ele>
      </trkpt>
      <trkpt lat="46.618719" lon="2.821037">
        <ele>332.6295748800014</ele>
      </trkpt>
      <trkpt lat="46.6187994" lon="2.8210606">
        <ele>332.6949015744002</ele>
      </trkpt>
      <trkpt lat="46.618853" lon="2.82104">
        <ele>332.52107519999896</ele>
      </trkpt>
      <trkpt lat="46.6189025" lon="2.821007">
        <ele>332.1707652000153</ele>
      </trkpt>
      <trkpt lat="46.6192806" lon="2.8207342">
        <ele>328.96917790078055</ele>
      </trkpt>
      <trkpt lat="46.6194008" lon="2.8206712">
        <ele>328.2225321983947</ele>
      </trkpt>
      <trkpt lat="46.6194241" lon="2.8206638">
        <ele>328.1017801631832</ele>
      </trkpt>
      <trkpt lat="46.619585" lon="2.8206109">
        <ele>327.5948154399981</ele>
      </trkpt>
      <trkpt lat="46.6197866" lon="2.8204926">
        <ele>326.30984000001763</ele>
      </trkpt>
      <trkpt lat="46.6199414" lon="2.8203507">
        <ele>324.68443999998635</ele>
      </trkpt>
      <trkpt lat="46.6202746" lon="2.8200167">
        <ele>323.9892477728066</ele>
      </trkpt>
      <trkpt lat="46.6203595" lon="2.8199485">
        <ele>323.3350000000037</ele>
      </trkpt>
      <trkpt lat="46.620417" lon="2.8199123">
        <ele>322.8673599999879</ele>
      </trkpt>
      <trkpt lat="46.6204719" lon="2.8198939">
        <ele>322.5372400000051</ele>
      </trkpt>
      <trkpt lat="46.6205173" lon="2.8198918">
        <ele>322.3586799999903</ele>
      </trkpt>
      <trkpt lat="46.6205678" lon="2.8198962">
        <ele>322.2250318143928</ele>
      </trkpt>
      <trkpt lat="46.6206179" lon="2.8199089">
        <ele>322.1932473424025</ele>
      </trkpt>
      <trkpt lat="46.6208451" lon="2.8200046">
        <ele>322.0740770367881</ele>
      </trkpt>
      <trkpt lat="46.6213042" lon="2.8202126">
        <ele>322.3048800000097</ele>
      </trkpt>
      <trkpt lat="46.6213414" lon="2.8202174">
        <ele>322.1709600000049</ele>
      </trkpt>
      <trkpt lat="46.6213944" lon="2.8202163">
        <ele>321.9206400000039</ele>
      </trkpt>
      <trkpt lat="46.6220129" lon="2.8204662">
        <ele>316.26874963839737</ele>
      </trkpt>
      <trkpt lat="46.6221789" lon="2.8205133">
        <ele>316.10851072959616</ele>
      </trkpt>
      <trkpt lat="46.622385" lon="2.8205094">
        <ele>317.0746302400092</ele>
      </trkpt>
      <trkpt lat="46.6230001" lon="2.8203739">
        <ele>319.1463999999951</ele>
      </trkpt>
      <trkpt lat="46.6233197" lon="2.8203109">
        <ele>319.95677229921023</ele>
      </trkpt>
      <trkpt lat="46.6235642" lon="2.8203063">
        <ele>320.0853394015989</ele>
      </trkpt>
      <trkpt lat="46.6236354" lon="2.8203149">
        <ele>320.2851490367866</ele>
      </trkpt>
      <trkpt lat="46.6237924" lon="2.820334">
        <ele>321.24349132799614</ele>
      </trkpt>
      <trkpt lat="46.6241008" lon="2.8204128">
        <ele>321.1218607103983</ele>
      </trkpt>
      <trkpt lat="46.6241275" lon="2.8203582">
        <ele>321.10017767999983</ele>
      </trkpt>
      <trkpt lat="46.6242001" lon="2.8202818">
        <ele>321.0</ele>
      </trkpt>
      <trkpt lat="46.6248667" lon="2.8196628">
        <ele>320.6938000000059</ele>
      </trkpt>
      <trkpt lat="46.6256036" lon="2.8193316">
        <ele>317.89730327040417</ele>
      </trkpt>
      <trkpt lat="46.6257896" lon="2.8192753">
        <ele>317.67049163520346</ele>
      </trkpt>
      <trkpt lat="46.6263998" lon="2.8190554">
        <ele>317.32199999998966</ele>
      </trkpt>
      <trkpt lat="46.6268558" lon="2.8188863">
        <ele>313.9573599999867</ele>
      </trkpt>
      <trkpt lat="46.6274289" lon="2.8188433">
        <ele>309.4699118448126</ele>
      </trkpt>
      <trkpt lat="46.6281709" lon="2.8186477">
        <ele>305.567864587193</ele>
      </trkpt>
      <trkpt lat="46.6284832" lon="2.8186343">
        <ele>302.75400000001537</ele>
      </trkpt>
      <trkpt lat="46.628822" lon="2.8186128">
        <ele>301.2286400000021</ele>
      </trkpt>
      <trkpt lat="46.6291854" lon="2.81841">
        <ele>300.913946560013</ele>
      </trkpt>
      <trkpt lat="46.6292667" lon="2.8183498">
        <ele>300.61853208639104</ele>
      </trkpt>
      <trkpt lat="46.6297798" lon="2.8179691">
        <ele>298.1684738271965</ele>
      </trkpt>
      <trkpt lat="46.6304576" lon="2.8179476">
        <ele>300.42463999999836</ele>
      </trkpt>
      <trkpt lat="46.6312828" lon="2.8182695">
        <ele>299.4696852159953</ele>
      </trkpt>
      <trkpt lat="46.6321227" lon="2.8184412">
        <ele>294.32824000002483</ele>
      </trkpt>
      <trkpt lat="46.6327857" lon="2.8185055">
        <ele>294.778076695998</ele>
      </trkpt>
      <trkpt lat="46.6328074" lon="2.8185121">
        <ele>294.7815092383936</ele>
      </trkpt>
      <trkpt lat="46.633493" lon="2.8187201">
        <ele>293.7900800000034</ele>
      </trkpt>
      <trkpt lat="46.6339644" lon="2.8186772">
        <ele>296.2862399999972</ele>
      </trkpt>
      <trkpt lat="46.6344359" lon="2.8185914">
        <ele>297.144102729601</ele>
      </trkpt>
      <trkpt lat="46.635099" lon="2.8186343">
        <ele>297.14999227202355</ele>
      </trkpt>
      <trkpt lat="46.6352791" lon="2.8186479">
        <ele>295.8532800000189</ele>
      </trkpt>
      <trkpt lat="46.6354093" lon="2.8187065">
        <ele>294.23616000000993</ele>
      </trkpt>
      <trkpt lat="46.6354881" lon="2.8188561">
        <ele>292.84655999996266</ele>
      </trkpt>
      <trkpt lat="46.6358504" lon="2.8196428">
        <ele>288.93855999999096</ele>
      </trkpt>
      <trkpt lat="46.6360898" lon="2.8202243">
        <ele>288.01477013439955</ele>
      </trkpt>
      <trkpt lat="46.6361703" lon="2.8203857">
        <ele>287.48118584159215</ele>
      </trkpt>
      <trkpt lat="46.6363066" lon="2.8210348">
        <ele>283.7427769471973</ele>
      </trkpt>
      <trkpt lat="46.6364502" lon="2.8220487">
        <ele>278.9171593696017</ele>
      </trkpt>
      <trkpt lat="46.6365313" lon="2.8226388">
        <ele>278.7434959423973</ele>
      </trkpt>
      <trkpt lat="46.6366307" lon="2.8230518">
        <ele>278.87227056959233</ele>
      </trkpt>
      <trkpt lat="46.6369291" lon="2.8239584">
        <ele>272.70834325760893</ele>
      </trkpt>
      <trkpt lat="46.6370911" lon="2.8244787">
        <ele>271.47204000000283</ele>
      </trkpt>
      <trkpt lat="46.6371722" lon="2.8248328">
        <ele>271.1800799999928</ele>
      </trkpt>
      <trkpt lat="46.6371867" lon="2.8251024">
        <ele>271.17502168319567</ele>
      </trkpt>
      <trkpt lat="46.6372743" lon="2.8251935">
        <ele>270.6250399999899</ele>
      </trkpt>
      <trkpt lat="46.6374584" lon="2.8253578">
        <ele>269.50131427840023</ele>
      </trkpt>
      <trkpt lat="46.6375756" lon="2.8254542">
        <ele>269.63511999999946</ele>
      </trkpt>
      <trkpt lat="46.6378032" lon="2.8255969">
        <ele>270.6295600000017</ele>
      </trkpt>
      <trkpt lat="46.6381134" lon="2.82569">
        <ele>274.17750816002024</ele>
      </trkpt>
      <trkpt lat="46.6381046" lon="2.8260586">
        <ele>278.9500799999769</ele>
      </trkpt>
      <trkpt lat="46.6384434" lon="2.8268311">
        <ele>289.9964382303973</ele>
      </trkpt>
      <trkpt lat="46.6390475" lon="2.827389">
        <ele>302.4554283999568</ele>
      </trkpt>
      <trkpt lat="46.6398872" lon="2.8285906">
        <ele>316.301839999956</ele>
      </trkpt>
      <trkpt lat="46.640447" lon="2.8290842">
        <ele>322.0305600000247</ele>
      </trkpt>
      <trkpt lat="46.6410511" lon="2.8293846">
        <ele>327.9975999999788</ele>
      </trkpt>
      <trkpt lat="46.6414341" lon="2.8299854">
        <ele>324.90528533437055</ele>
      </trkpt>
      <trkpt lat="46.6418466" lon="2.830672">
        <ele>325.98120000001927</ele>
      </trkpt>
      <trkpt lat="46.642318" lon="2.8308008">
        <ele>330.8476800000426</ele>
      </trkpt>
      <trkpt lat="46.6451047" lon="2.8311766">
        <ele>350.9158000000093</ele>
      </trkpt>
      <trkpt lat="46.6457739" lon="2.8302216">
        <ele>350.42791999998735</ele>
      </trkpt>
      <trkpt lat="46.6487621" lon="2.8321496">
        <ele>335.0777649792039</ele>
      </trkpt>
      <trkpt lat="46.6487346" lon="2.8344675">
        <ele>336.5554400000092</ele>
      </trkpt>
      <trkpt lat="46.6486995" lon="2.8354554">
        <ele>336.68180000000257</ele>
      </trkpt>
      <trkpt lat="46.6489351" lon="2.836142">
        <ele>335.8336399999898</ele>
      </trkpt>
      <trkpt lat="46.6494065" lon="2.8368716">
        <ele>332.3338839680048</ele>
      </trkpt>
      <trkpt lat="46.6497091" lon="2.8373574">
        <ele>330.3729022528268</ele>
      </trkpt>
      <trkpt lat="46.6496178" lon="2.8376686">
        <ele>327.05423159682204</ele>
      </trkpt>
      <trkpt lat="46.6493517" lon="2.8376707">
        <ele>323.15479999996796</ele>
      </trkpt>
      <trkpt lat="46.649053" lon="2.8374724">
        <ele>323.12825811201026</ele>
      </trkpt>
      <trkpt lat="46.6487762" lon="2.8374379">
        <ele>323.5656523584013</ele>
      </trkpt>
      <trkpt lat="46.648534" lon="2.837719">
        <ele>320.2841196800139</ele>
      </trkpt>
      <trkpt lat="46.6485467" lon="2.8381267">
        <ele>316.6602508944066</ele>
      </trkpt>
      <trkpt lat="46.6486995" lon="2.8385453">
        <ele>313.15564000000404</ele>
      </trkpt>
      <trkpt lat="46.6486845" lon="2.8395422">
        <ele>305.7873427360096</ele>
      </trkpt>
      <trkpt lat="46.6485825" lon="2.8463014">
        <ele>298.36283999998477</ele>
      </trkpt>
      <trkpt lat="46.6485227" lon="2.8502612">
        <ele>282.4231200000072</ele>
      </trkpt>
      <trkpt lat="46.64867" lon="2.8505616">
        <ele>283.17770624001173</ele>
      </trkpt>
      <trkpt lat="46.6488762" lon="2.8512482">
        <ele>281.8302399999493</ele>
      </trkpt>
      <trkpt lat="46.6488472" lon="2.8515034">
        <ele>279.1010910207815</ele>
      </trkpt>
      <trkpt lat="46.6485571" lon="2.8519523">
        <ele>271.9717199999991</ele>
      </trkpt>
      <trkpt lat="46.6484106" lon="2.8521987">
        <ele>271.0846799999995</ele>
      </trkpt>
      <trkpt lat="46.6453048" lon="2.8626824">
        <ele>287.0</ele>
      </trkpt>
      <trkpt lat="46.6463749" lon="2.8650259">
        <ele>282.8992799999851</ele>
      </trkpt>
      <trkpt lat="46.6467768" lon="2.8659061">
        <ele>283.2926180991941</ele>
      </trkpt>
      <trkpt lat="46.6481684" lon="2.868927">
        <ele>280.6752238719873</ele>
      </trkpt>
      <trkpt lat="46.646702" lon="2.8707443">
        <ele>278.0</ele>
      </trkpt>
      <trkpt lat="46.6464057" lon="2.8709265">
        <ele>277.97970159199696</ele>
      </trkpt>
      <trkpt lat="46.6459606" lon="2.8709919">
        <ele>279.9709999999923</ele>
      </trkpt>
      <trkpt lat="46.6456615" lon="2.8714628">
        <ele>278.46783999999843</ele>
      </trkpt>
      <trkpt lat="46.6455664" lon="2.8724341">
        <ele>277.0</ele>
      </trkpt>
      <trkpt lat="46.6454298" lon="2.8739738">
        <ele>272.9272674496138</ele>
      </trkpt>
      <trkpt lat="46.6450615" lon="2.8752529">
        <ele>270.72869716800875</ele>
      </trkpt>
      <trkpt lat="46.6449152" lon="2.8753079">
        <ele>270.6947199999995</ele>
      </trkpt>
      <trkpt lat="46.6444289" lon="2.8750466">
        <ele>267.1024121504054</ele>
      </trkpt>
      <trkpt lat="46.6441787" lon="2.8751428">
        <ele>266.06558994558725</ele>
      </trkpt>
      <trkpt lat="46.6438907" lon="2.8749503">
        <ele>264.01187344159985</ele>
      </trkpt>
      <trkpt lat="46.6437915" lon="2.8750809">
        <ele>263.8385312559947</ele>
      </trkpt>
      <trkpt lat="46.643716" lon="2.8756036">
        <ele>263.6898903039849</ele>
      </trkpt>
      <trkpt lat="46.6428115" lon="2.8784573">
        <ele>264.0</ele>
      </trkpt>
      <trkpt lat="46.6428257" lon="2.8786361">
        <ele>263.984480100799</ele>
      </trkpt>
      <trkpt lat="46.6437416" lon="2.8787117">
        <ele>263.76941050879066</ele>
      </trkpt>
      <trkpt lat="46.643803" lon="2.8788974">
        <ele>263.69079999999394</ele>
      </trkpt>
      <trkpt lat="46.6435129" lon="2.8794589">
        <ele>262.0</ele>
      </trkpt>
      <trkpt lat="46.6433536" lon="2.8801982">
        <ele>261.2864799999993</ele>
      </trkpt>
      <trkpt lat="46.6433852" lon="2.8804812">
        <ele>260.4044187903927</ele>
      </trkpt>
      <trkpt lat="46.6430075" lon="2.8820931">
        <ele>257.3844226800049</ele>
      </trkpt>
      <trkpt lat="46.642879" lon="2.8827698">
        <ele>254.67478556799696</ele>
      </trkpt>
      <trkpt lat="46.6428203" lon="2.8837389">
        <ele>251.61038292319463</ele>
      </trkpt>
      <trkpt lat="46.6431262" lon="2.8838929">
        <ele>252.257992380791</ele>
      </trkpt>
      <trkpt lat="46.6433226" lon="2.8838324">
        <ele>252.9613599999916</ele>
      </trkpt>
      <trkpt lat="46.6442262" lon="2.8829665">
        <ele>262.6053909919773</ele>
      </trkpt>
      <trkpt lat="46.6444679" lon="2.8829335">
        <ele>266.4222000000391</ele>
      </trkpt>
      <trkpt lat="46.6446967" lon="2.883016">
        <ele>270.54059999995025</ele>
      </trkpt>
      <trkpt lat="46.6449566" lon="2.8832933">
        <ele>275.23092000000634</ele>
      </trkpt>
      <trkpt lat="46.6451922" lon="2.884354">
        <ele>279.5599108479456</ele>
      </trkpt>
      <trkpt lat="46.6453614" lon="2.8845961">
        <ele>281.9031199999872</ele>
      </trkpt>
      <trkpt lat="46.6475393" lon="2.8852281">
        <ele>290.295017716795</ele>
      </trkpt>
      <trkpt lat="46.6498321" lon="2.8858841">
        <ele>279.1627074544356</ele>
      </trkpt>
      <trkpt lat="46.6511092" lon="2.8864863">
        <ele>270.6448526784012</ele>
      </trkpt>
      <trkpt lat="46.6510724" lon="2.8867451">
        <ele>270.0</ele>
      </trkpt>
      <trkpt lat="46.651291" lon="2.8884041">
        <ele>266.91022257600076</ele>
      </trkpt>
      <trkpt lat="46.6513136" lon="2.8889488">
        <ele>265.9415420928013</ele>
      </trkpt>
      <trkpt lat="46.6514307" lon="2.8892459">
        <ele>265.95706567520114</ele>
      </trkpt>
      <trkpt lat="46.6516611" lon="2.8895815">
        <ele>265.0002645280001</ele>
      </trkpt>
      <trkpt lat="46.6517637" lon="2.890162">
        <ele>264.6205234239924</ele>
      </trkpt>
      <trkpt lat="46.6519719" lon="2.8912326">
        <ele>264.95677133760074</ele>
      </trkpt>
      <trkpt lat="46.6520516" lon="2.8916515">
        <ele>264.97893750400004</ele>
      </trkpt>
      <trkpt lat="46.651336" lon="2.8918655">
        <ele>263.0396883200023</ele>
      </trkpt>
      <trkpt lat="46.6513073" lon="2.8918301">
        <ele>262.9970130991955</ele>
      </trkpt>
      <trkpt lat="46.651204" lon="2.8918275">
        <ele>262.4751823999994</ele>
      </trkpt>
      <trkpt lat="46.650935" lon="2.8919106">
        <ele>262.0</ele>
      </trkpt>
      <trkpt lat="46.6507355" lon="2.8919703">
        <ele>262.06029722400143</ele>
      </trkpt>
      <trkpt lat="46.6487511" lon="2.892087">
        <ele>262.4788800000115</ele>
      </trkpt>
      <trkpt lat="46.6483485" lon="2.8921">
        <ele>264.3854000000092</ele>
      </trkpt>
      <trkpt lat="46.6482613" lon="2.8921675">
        <ele>264.7156399999899</ele>
      </trkpt>
      <trkpt lat="46.6481936" lon="2.8922401">
        <ele>264.9417200000066</ele>
      </trkpt>
      <trkpt lat="46.6477268" lon="2.8929511">
        <ele>262.7520800000011</ele>
      </trkpt>
      <trkpt lat="46.6470553" lon="2.8937763">
        <ele>256.79815999998664</ele>
      </trkpt>
      <trkpt lat="46.6470392" lon="2.8938438">
        <ele>256.6822400000128</ele>
      </trkpt>
      <trkpt lat="46.6470464" lon="2.8939087">
        <ele>256.76025729280474</ele>
      </trkpt>
      <trkpt lat="46.6473688" lon="2.8942797">
        <ele>258.80780354560386</ele>
      </trkpt>
      <trkpt lat="46.6478836" lon="2.8948714">
        <ele>257.46295999999984</ele>
      </trkpt>
      <trkpt lat="46.6481383" lon="2.8952918">
        <ele>256.7171569824019</ele>
      </trkpt>
      <trkpt lat="46.6482506" lon="2.895476">
        <ele>256.7989013760026</ele>
      </trkpt>
      <trkpt lat="46.6486303" lon="2.8967762">
        <ele>252.53659999999718</ele>
      </trkpt>
      <trkpt lat="46.6487687" lon="2.8972369">
        <ele>251.3569771888077</ele>
      </trkpt>
      <trkpt lat="46.648838" lon="2.897395">
        <ele>250.4472496000031</ele>
      </trkpt>
      <trkpt lat="46.6489971" lon="2.8976095">
        <ele>249.75936455200323</ele>
      </trkpt>
      <trkpt lat="46.6490999" lon="2.8977027">
        <ele>249.82460450080816</ele>
      </trkpt>
      <trkpt lat="46.6491729" lon="2.8976561">
        <ele>250.02244000001247</ele>
      </trkpt>
      <trkpt lat="46.6492552" lon="2.8974232">
        <ele>250.5951999999961</ele>
      </trkpt>
      <trkpt lat="46.6494082" lon="2.8973101">
        <ele>251.55316000001267</ele>
      </trkpt>
      <trkpt lat="46.6495338" lon="2.8971937">
        <ele>252.35471010240167</ele>
      </trkpt>
      <trkpt lat="46.649785" lon="2.8971005">
        <ele>253.7911668000077</ele>
      </trkpt>
      <trkpt lat="46.6500728" lon="2.8970306">
        <ele>255.26207999998815</ele>
      </trkpt>
      <trkpt lat="46.6503994" lon="2.896994">
        <ele>256.3597293439936</ele>
      </trkpt>
      <trkpt lat="46.6504999" lon="2.8969608">
        <ele>256.7525571967993</ele>
      </trkpt>
      <trkpt lat="46.6505912" lon="2.8968842">
        <ele>256.89951004159724</ele>
      </trkpt>
      <trkpt lat="46.6506734" lon="2.8967645">
        <ele>256.85058267199673</ele>
      </trkpt>
      <trkpt lat="46.6507739" lon="2.8967013">
        <ele>256.901996532801</ele>
      </trkpt>
      <trkpt lat="46.6508898" lon="2.8966789">
        <ele>256.7616324511944</ele>
      </trkpt>
      <trkpt lat="46.6513802" lon="2.8977072">
        <ele>255.97666762239578</ele>
      </trkpt>
      <trkpt lat="46.651805" lon="2.9000522">
        <ele>261.6859200000117</ele>
      </trkpt>
      <trkpt lat="46.651923" lon="2.9003273">
        <ele>262.9365632159897</ele>
      </trkpt>
      <trkpt lat="46.6520457" lon="2.9003961">
        <ele>263.1552709392033</ele>
      </trkpt>
      <trkpt lat="46.6533487" lon="2.8998947">
        <ele>262.0</ele>
      </trkpt>
      <trkpt lat="46.6535753" lon="2.8999497">
        <ele>262.0</ele>
      </trkpt>
      <trkpt lat="46.6536887" lon="2.9001437">
        <ele>262.1444978223936</ele>
      </trkpt>
      <trkpt lat="46.6537179" lon="2.9001936">
        <ele>262.2679393023919</ele>
      </trkpt>
      <trkpt lat="46.6548027" lon="2.9000105">
        <ele>260.9890485840003</ele>
      </trkpt>
      <trkpt lat="46.6557998" lon="2.8996757">
        <ele>258.97978181439817</ele>
      </trkpt>
      <trkpt lat="46.6561316" lon="2.8995999">
        <ele>258.2928399999855</ele>
      </trkpt>
      <trkpt lat="46.6563739" lon="2.900769">
        <ele>257.05396000000565</ele>
      </trkpt>
      <trkpt lat="46.6566121" lon="2.9017488">
        <ele>258.8616433791916</ele>
      </trkpt>
      <trkpt lat="46.6566611" lon="2.9022999">
        <ele>259.9799600000033</ele>
      </trkpt>
      <trkpt lat="46.6566822" lon="2.9036113">
        <ele>264.00068000000056</ele>
      </trkpt>
      <trkpt lat="46.6566086" lon="2.9039328">
        <ele>265.1580800000006</ele>
      </trkpt>
      <trkpt lat="46.6563354" lon="2.9041676">
        <ele>266.00336000000016</ele>
      </trkpt>
      <trkpt lat="46.6561218" lon="2.9042747">
        <ele>266.3889200000008</ele>
      </trkpt>
      <trkpt lat="46.65609" lon="2.90433">
        <ele>266.4673119999935</ele>
      </trkpt>
      <trkpt lat="46.6561253" lon="2.904438">
        <ele>266.97679999999946</ele>
      </trkpt>
      <trkpt lat="46.6563529" lon="2.904637">
        <ele>266.39661099199526</ele>
      </trkpt>
      <trkpt lat="46.6565806" lon="2.9048003">
        <ele>264.8347698272104</ele>
      </trkpt>
      <trkpt lat="46.6568012" lon="2.9049126">
        <ele>263.47689355520447</ele>
      </trkpt>
      <trkpt lat="46.6572986" lon="2.90503">
        <ele>259.6170400000101</ele>
      </trkpt>
      <trkpt lat="46.6582723" lon="2.9051269">
        <ele>257.4238168848004</ele>
      </trkpt>
      <trkpt lat="46.6588046" lon="2.9051729">
        <ele>254.5508731935672</ele>
      </trkpt>
      <trkpt lat="46.6593475" lon="2.9051626">
        <ele>251.4146399999995</ele>
      </trkpt>
      <trkpt lat="46.6595752" lon="2.9051218">
        <ele>251.09080000000404</ele>
      </trkpt>
      <trkpt lat="46.6597433" lon="2.9050861">
        <ele>250.5094395295793</ele>
      </trkpt>
      <trkpt lat="46.65992" lon="2.90512">
        <ele>249.04716800000324</ele>
      </trkpt>
      <trkpt lat="46.6601608" lon="2.9050961">
        <ele>247.767080000001</ele>
      </trkpt>
      <trkpt lat="46.6610523" lon="2.9052791">
        <ele>243.21171999999478</ele>
      </trkpt>
      <trkpt lat="46.66132" lon="2.90529">
        <ele>242.24799999998777</ele>
      </trkpt>
      <trkpt lat="46.6614249" lon="2.9053464">
        <ele>242.0</ele>
      </trkpt>
      <trkpt lat="46.6616245" lon="2.9053923">
        <ele>242.0</ele>
      </trkpt>
      <trkpt lat="46.6618241" lon="2.9053566">
        <ele>240.86648000002242</ele>
      </trkpt>
      <trkpt lat="46.6621323" lon="2.90528">
        <ele>239.3237199999885</ele>
      </trkpt>
      <trkpt lat="46.6626717" lon="2.9051831">
        <ele>237.10460000002104</ele>
      </trkpt>
      <trkpt lat="46.6629063" lon="2.9052749">
        <ele>235.54288663518852</ele>
      </trkpt>
      <trkpt lat="46.6631444" lon="2.905474">
        <ele>233.97375999999986</ele>
      </trkpt>
      <trkpt lat="46.6633826" lon="2.9056015">
        <ele>233.0</ele>
      </trkpt>
      <trkpt lat="46.6636102" lon="2.9056424">
        <ele>233.0</ele>
      </trkpt>
      <trkpt lat="46.6638" lon="2.90556">
        <ele>233.6800000000071</ele>
      </trkpt>
      <trkpt lat="46.664174" lon="2.9053617">
        <ele>236.77708000002986</ele>
      </trkpt>
      <trkpt lat="46.6644402" lon="2.9052545">
        <ele>240.03796000001512</ele>
      </trkpt>
      <trkpt lat="46.6651091" lon="2.9049228">
        <ele>240.56152414080572</ele>
      </trkpt>
      <trkpt lat="46.6660686" lon="2.9050198">
        <ele>241.2951713087811</ele>
      </trkpt>
      <trkpt lat="46.6663873" lon="2.9051116">
        <ele>238.61197806722802</ele>
      </trkpt>
      <trkpt lat="46.666811" lon="2.905178">
        <ele>235.65295967998728</ele>
      </trkpt>
      <trkpt lat="46.6673573" lon="2.9051474">
        <ele>234.51372000000356</ele>
      </trkpt>
      <trkpt lat="46.6682542" lon="2.9049369">
        <ele>231.8305600000008</ele>
      </trkpt>
      <trkpt lat="46.6683976" lon="2.9052079">
        <ele>231.82300000001987</ele>
      </trkpt>
      <trkpt lat="46.6685594" lon="2.9055165">
        <ele>230.28406819200478</ele>
      </trkpt>
      <trkpt lat="46.66879" lon="2.90564">
        <ele>228.71199999999044</ele>
      </trkpt>
      <trkpt lat="46.6688756" lon="2.905686">
        <ele>228.09568000000127</ele>
      </trkpt>
      <trkpt lat="46.6690322" lon="2.9057567">
        <ele>228.65825200958477</ele>
      </trkpt>
      <trkpt lat="46.6693782" lon="2.9058344">
        <ele>232.04900423675593</ele>
      </trkpt>
      <trkpt lat="46.6704909" lon="2.9060269">
        <ele>241.99983647838707</ele>
      </trkpt>
      <trkpt lat="46.6705984" lon="2.9060034">
        <ele>243.09915189765007</ele>
      </trkpt>
      <trkpt lat="46.6707018" lon="2.9059599">
        <ele>244.89016534725462</ele>
      </trkpt>
      <trkpt lat="46.6707209" lon="2.9059519">
        <ele>245.2081922415867</ele>
      </trkpt>
      <trkpt lat="46.6707901" lon="2.9060943">
        <ele>246.23121933276215</ele>
      </trkpt>
      <trkpt lat="46.6715582" lon="2.9065402">
        <ele>256.917999999996</ele>
      </trkpt>
      <trkpt lat="46.6715357" lon="2.9066509">
        <ele>257.4720399999951</ele>
      </trkpt>
      <trkpt lat="46.6715264" lon="2.9067743">
        <ele>258.26007999997455</ele>
      </trkpt>
      <trkpt lat="46.6716302" lon="2.9075035">
        <ele>262.33265412805036</ele>
      </trkpt>
      <trkpt lat="46.6716828" lon="2.9077714">
        <ele>262.08103999999685</ele>
      </trkpt>
      <trkpt lat="46.6717218" lon="2.9078396">
        <ele>262.1984800000009</ele>
      </trkpt>
      <trkpt lat="46.6717536" lon="2.9078706">
        <ele>262.3129600000084</ele>
      </trkpt>
      <trkpt lat="46.6716571" lon="2.9084276">
        <ele>259.21795999997175</ele>
      </trkpt>
      <trkpt lat="46.6715669" lon="2.9105294">
        <ele>255.3154985056138</ele>
      </trkpt>
      <trkpt lat="46.6714914" lon="2.9122941">
        <ele>252.2703872096077</ele>
      </trkpt>
      <trkpt lat="46.6714431" lon="2.9129037">
        <ele>251.49701006877845</ele>
      </trkpt>
      <trkpt lat="46.6713623" lon="2.9133632">
        <ele>250.9160799999886</ele>
      </trkpt>
      <trkpt lat="46.6713924" lon="2.913408">
        <ele>251.30332236801948</ele>
      </trkpt>
      <trkpt lat="46.6714225" lon="2.9135267">
        <ele>251.9748894799869</ele>
      </trkpt>
      <trkpt lat="46.6716798" lon="2.9150288">
        <ele>253.00490199039987</ele>
      </trkpt>
      <trkpt lat="46.6717088" lon="2.915522">
        <ele>253.01832294399884</ele>
      </trkpt>
      <trkpt lat="46.6717708" lon="2.9166499">
        <ele>251.3748799999903</ele>
      </trkpt>
      <trkpt lat="46.6718536" lon="2.9173004">
        <ele>251.0</ele>
      </trkpt>
      <trkpt lat="46.6720393" lon="2.9179486">
        <ele>249.29711654079333</ele>
      </trkpt>
      <trkpt lat="46.6724723" lon="2.9179086">
        <ele>247.15247586878564</ele>
      </trkpt>
      <trkpt lat="46.6731235" lon="2.9179395">
        <ele>245.0</ele>
      </trkpt>
      <trkpt lat="46.6737535" lon="2.9180873">
        <ele>245.37312000001293</ele>
      </trkpt>
      <trkpt lat="46.6742355" lon="2.918266">
        <ele>244.49020000000655</ele>
      </trkpt>
      <trkpt lat="46.6744849" lon="2.9183338">
        <ele>245.29152467522226</ele>
      </trkpt>
      <trkpt lat="46.6745864" lon="2.9183153">
        <ele>246.0538232832179</ele>
      </trkpt>
      <trkpt lat="46.6746752" lon="2.9182167">
        <ele>246.73251728641648</ele>
      </trkpt>
      <trkpt lat="46.6747471" lon="2.9180565">
        <ele>247.1791199999825</ele>
      </trkpt>
      <trkpt lat="46.6748063" lon="2.9177731">
        <ele>247.3077771312009</ele>
      </trkpt>
      <trkpt lat="46.6748612" lon="2.9174403">
        <ele>248.10803122561475</ele>
      </trkpt>
      <trkpt lat="46.6749246" lon="2.9173294">
        <ele>248.62382759038567</ele>
      </trkpt>
      <trkpt lat="46.6750726" lon="2.9172555">
        <ele>249.26135999999997</ele>
      </trkpt>
      <trkpt lat="46.6752925" lon="2.9172308">
        <ele>250.0529999999917</ele>
      </trkpt>
      <trkpt lat="46.6755462" lon="2.9171938">
        <ele>250.96631999999772</ele>
      </trkpt>
      <trkpt lat="46.6758252" lon="2.9170706">
        <ele>251.97071999999434</ele>
      </trkpt>
      <trkpt lat="46.6761465" lon="2.9169597">
        <ele>251.24780319201122</ele>
      </trkpt>
      <trkpt lat="46.6762607" lon="2.9169535">
        <ele>252.05948424800192</ele>
      </trkpt>
      <trkpt lat="46.6763706" lon="2.9170829">
        <ele>252.4026972895912</ele>
      </trkpt>
      <trkpt lat="46.6764425" lon="2.9171076">
        <ele>252.60564000000113</ele>
      </trkpt>
      <trkpt lat="46.6766412" lon="2.917009">
        <ele>253.67591999999513</ele>
      </trkpt>
      <trkpt lat="46.6768037" lon="2.9169624">
        <ele>252.9806082047955</ele>
      </trkpt>
      <trkpt lat="46.677336" lon="2.9181207">
        <ele>249.76548000000093</ele>
      </trkpt>
      <trkpt lat="46.6779606" lon="2.9176915">
        <ele>252.0</ele>
      </trkpt>
      <trkpt lat="46.6784627" lon="2.917537">
        <ele>249.9353600000204</ele>
      </trkpt>
      <trkpt lat="46.6788755" lon="2.9175858">
        <ele>248.03331198400832</ele>
      </trkpt>
      <trkpt lat="46.6793185" lon="2.9177025">
        <ele>245.63579999999365</ele>
      </trkpt>
      <trkpt lat="46.6803706" lon="2.919196">
        <ele>242.43727999997554</ele>
      </trkpt>
      <trkpt lat="46.6813659" lon="2.9207549">
        <ele>241.9065281135755</ele>
      </trkpt>
      <trkpt lat="46.6822184" lon="2.9219085">
        <ele>240.87238054400092</ele>
      </trkpt>
      <trkpt lat="46.6826655" lon="2.9225056">
        <ele>237.808400000009</ele>
      </trkpt>
      <trkpt lat="46.6828863" lon="2.9230399">
        <ele>236.7716000000014</ele>
      </trkpt>
      <trkpt lat="46.6832431" lon="2.9239466">
        <ele>237.53260000000455</ele>
      </trkpt>
      <trkpt lat="46.6836499" lon="2.9249868">
        <ele>239.81284000000414</ele>
      </trkpt>
      <trkpt lat="46.6837755" lon="2.9253726">
        <ele>240.0</ele>
      </trkpt>
      <trkpt lat="46.6830924" lon="2.9269335">
        <ele>245.86736000000155</ele>
      </trkpt>
      <trkpt lat="46.6830738" lon="2.9268926">
        <ele>245.9343199999912</ele>
      </trkpt>
      <trkpt lat="46.6829879" lon="2.926925">
        <ele>245.75644000000193</ele>
      </trkpt>
      <trkpt lat="46.6815352" lon="2.9275094">
        <ele>247.45545579520413</ele>
      </trkpt>
      <trkpt lat="46.6812852" lon="2.9275964">
        <ele>247.756263091195</ele>
      </trkpt>
      <trkpt lat="46.6812" lon="2.9276552">
        <ele>247.69992959999442</ele>
      </trkpt>
      <trkpt lat="46.6812115" lon="2.9278869">
        <ele>248.10889524799003</ele>
      </trkpt>
      <trkpt lat="46.6812011" lon="2.9281512">
        <ele>248.35207999998056</ele>
      </trkpt>
      <trkpt lat="46.6811781" lon="2.9283698">
        <ele>248.35474051522408</ele>
      </trkpt>
      <trkpt lat="46.6811406" lon="2.9285673">
        <ele>247.85598355520924</ele>
      </trkpt>
      <trkpt lat="46.6808448" lon="2.9297548">
        <ele>245.8462813183917</ele>
      </trkpt>
      <trkpt lat="46.6807572" lon="2.9306841">
        <ele>245.0</ele>
      </trkpt>
      <trkpt lat="46.6804843" lon="2.9319354">
        <ele>243.28072770878856</ele>
      </trkpt>
      <trkpt lat="46.6800405" lon="2.9341616">
        <ele>243.87244000001147</ele>
      </trkpt>
      <trkpt lat="46.6799342" lon="2.93534">
        <ele>245.0</ele>
      </trkpt>
      <trkpt lat="46.6797569" lon="2.9375736">
        <ele>244.14011999999593</ele>
      </trkpt>
      <trkpt lat="46.6795852" lon="2.9381">
        <ele>245.41435520000553</ele>
      </trkpt>
      <trkpt lat="46.6790085" lon="2.9390255">
        <ele>244.50819999999976</ele>
      </trkpt>
      <trkpt lat="46.6784505" lon="2.940039">
        <ele>243.49702072000997</ele>
      </trkpt>
      <trkpt lat="46.6784672" lon="2.940121">
        <ele>243.292404352</ele>
      </trkpt>
      <trkpt lat="46.6791751" lon="2.9414471">
        <ele>243.20319775839832</ele>
      </trkpt>
      <trkpt lat="46.6801265" lon="2.9430858">
        <ele>238.74267999999893</ele>
      </trkpt>
      <trkpt lat="46.6808303" lon="2.9446018">
        <ele>226.03749403844117</ele>
      </trkpt>
      <trkpt lat="46.6810631" lon="2.945138">
        <ele>223.17394617598924</ele>
      </trkpt>
      <trkpt lat="46.6823805" lon="2.9481718">
        <ele>227.23844990400093</ele>
      </trkpt>
      <trkpt lat="46.6824925" lon="2.9479641">
        <ele>226.67076000000043</ele>
      </trkpt>
      <trkpt lat="46.6831531" lon="2.9471728">
        <ele>224.28868161279541</ele>
      </trkpt>
      <trkpt lat="46.6833364" lon="2.9467514">
        <ele>223.31271235840498</ele>
      </trkpt>
      <trkpt lat="46.6835299" lon="2.9471441">
        <ele>224.7187600000002</ele>
      </trkpt>
      <trkpt lat="46.6835784" lon="2.9478094">
        <ele>226.2450057983935</ele>
      </trkpt>
      <trkpt lat="46.6836318" lon="2.9485791">
        <ele>230.5460799999928</ele>
      </trkpt>
      <trkpt lat="46.68379" lon="2.9499202">
        <ele>229.79473663999033</ele>
      </trkpt>
      <trkpt lat="46.6837863" lon="2.9511702">
        <ele>228.36931999999524</ele>
      </trkpt>
      <trkpt lat="46.6836646" lon="2.9540618">
        <ele>229.92730474879977</ele>
      </trkpt>
      <trkpt lat="46.6836241" lon="2.9545661">
        <ele>230.45843900960486</ele>
      </trkpt>
      <trkpt lat="46.6835708" lon="2.9554298">
        <ele>231.4989412735776</ele>
      </trkpt>
      <trkpt lat="46.6835398" lon="2.9560652">
        <ele>232.2298399999827</ele>
      </trkpt>
      <trkpt lat="46.6836042" lon="2.9567277">
        <ele>233.91989336637383</ele>
      </trkpt>
      <trkpt lat="46.6836885" lon="2.9572671">
        <ele>234.8358000000262</ele>
      </trkpt>
      <trkpt lat="46.6838781" lon="2.9582327">
        <ele>235.24576000001343</ele>
      </trkpt>
      <trkpt lat="46.6839756" lon="2.958863">
        <ele>234.62431999997534</ele>
      </trkpt>
      <trkpt lat="46.6841872" lon="2.9597213">
        <ele>237.14759458557603</ele>
      </trkpt>
      <trkpt lat="46.6843418" lon="2.9603087">
        <ele>236.78011999998398</ele>
      </trkpt>
      <trkpt lat="46.6846914" lon="2.9616445">
        <ele>235.74691999998322</ele>
      </trkpt>
      <trkpt lat="46.6847936" lon="2.9620188">
        <ele>236.2267369471873</ele>
      </trkpt>
      <trkpt lat="46.6850943" lon="2.9631197">
        <ele>238.7875200000317</ele>
      </trkpt>
      <trkpt lat="46.6852691" lon="2.9637929">
        <ele>236.9579647055966</ele>
      </trkpt>
      <trkpt lat="46.6854145" lon="2.9644179">
        <ele>239.39664000000084</ele>
      </trkpt>
      <trkpt lat="46.6854071" lon="2.96548">
        <ele>240.53444000000354</ele>
      </trkpt>
      <trkpt lat="46.6853335" lon="2.9665878">
        <ele>239.48451999999497</ele>
      </trkpt>
      <trkpt lat="46.685282" lon="2.9667621">
        <ele>238.67686211200424</ele>
      </trkpt>
      <trkpt lat="46.6850759" lon="2.967151">
        <ele>236.74966126401102</ele>
      </trkpt>
      <trkpt lat="46.6848183" lon="2.9676231">
        <ele>234.4018801808309</ele>
      </trkpt>
      <trkpt lat="46.6847742" lon="2.9678886">
        <ele>233.16239999999516</ele>
      </trkpt>
      <trkpt lat="46.6848701" lon="2.9684463">
        <ele>232.0002201647719</ele>
      </trkpt>
      <trkpt lat="46.6852655" lon="2.9700854">
        <ele>229.86739999999918</ele>
      </trkpt>
      <trkpt lat="46.6856649" lon="2.9718863">
        <ele>229.68535672479578</ele>
      </trkpt>
      <trkpt lat="46.6853143" lon="2.9720132">
        <ele>227.88396000000603</ele>
      </trkpt>
      <trkpt lat="46.6838619" lon="2.9729419">
        <ele>222.94259398559288</ele>
      </trkpt>
      <trkpt lat="46.6826975" lon="2.9740622">
        <ele>218.50908000003574</ele>
      </trkpt>
      <trkpt lat="46.6825175" lon="2.9743244">
        <ele>215.62116000003334</ele>
      </trkpt>
      <trkpt lat="46.6824282" lon="2.9746072">
        <ele>213.8971199999778</ele>
      </trkpt>
      <trkpt lat="46.6826456" lon="2.9749056">
        <ele>214.91232000000764</ele>
      </trkpt>
      <trkpt lat="46.6828682" lon="2.975214">
        <ele>216.65104000001065</ele>
      </trkpt>
      <trkpt lat="46.6831665" lon="2.9755374">
        <ele>218.39939999999524</ele>
      </trkpt>
      <trkpt lat="46.6833799" lon="2.9758351">
        <ele>217.8270661904058</ele>
      </trkpt>
      <trkpt lat="46.683678" lon="2.9763394">
        <ele>217.0</ele>
      </trkpt>
      <trkpt lat="46.6841375" lon="2.976848">
        <ele>216.07291200000384</ele>
      </trkpt>
      <trkpt lat="46.6843528" lon="2.977068">
        <ele>215.1831715840015</ele>
      </trkpt>
      <trkpt lat="46.6845478" lon="2.977194">
        <ele>215.70635667198016</ele>
      </trkpt>
      <trkpt lat="46.6848901" lon="2.9773764">
        <ele>216.17604397440522</ele>
      </trkpt>
      <trkpt lat="46.6850465" lon="2.9774788">
        <ele>215.8326000000052</ele>
      </trkpt>
      <trkpt lat="46.6851826" lon="2.977637">
        <ele>214.84944000000905</ele>
      </trkpt>
      <trkpt lat="46.6853261" lon="2.9778221">
        <ele>213.98664294239236</ele>
      </trkpt>
      <trkpt lat="46.6856334" lon="2.9781037">
        <ele>213.33858880320216</ele>
      </trkpt>
      <trkpt lat="46.6859646" lon="2.9783773">
        <ele>212.60864320320064</ele>
      </trkpt>
      <trkpt lat="46.686153" lon="2.9784734">
        <ele>211.48728000000074</ele>
      </trkpt>
      <trkpt lat="46.6864915" lon="2.9786048">
        <ele>210.43756000000985</ele>
      </trkpt>
      <trkpt lat="46.6867731" lon="2.9787309">
        <ele>209.87151391840573</ele>
      </trkpt>
      <trkpt lat="46.6869828" lon="2.9789401">
        <ele>209.11725642882146</ele>
      </trkpt>
      <trkpt lat="46.6871097" lon="2.9791313">
        <ele>209.83633478560637</ele>
      </trkpt>
      <trkpt lat="46.6871484" lon="2.9791895">
        <ele>210.1423654719809</ele>
      </trkpt>
      <trkpt lat="46.6874654" lon="2.9793993">
        <ele>210.1625200000003</ele>
      </trkpt>
      <trkpt lat="46.6876954" lon="2.9795468">
        <ele>210.66992000001846</ele>
      </trkpt>
      <trkpt lat="46.6880045" lon="2.9796434">
        <ele>213.36911017597723</ele>
      </trkpt>
      <trkpt lat="46.6882419" lon="2.9796488">
        <ele>213.68379285759744</ele>
      </trkpt>
      <trkpt lat="46.6885068" lon="2.9795683">
        <ele>214.38668314239868</ele>
      </trkpt>
      <trkpt lat="46.6886558" lon="2.9795549">
        <ele>214.76323999999704</ele>
      </trkpt>
      <trkpt lat="46.6887702" lon="2.9796004">
        <ele>215.011280000002</ele>
      </trkpt>
      <trkpt lat="46.68898" lon="2.9797372">
        <ele>215.60208000000557</ele>
      </trkpt>
      <trkpt lat="46.6892872" lon="2.9800966">
        <ele>216.08616000000893</ele>
      </trkpt>
      <trkpt lat="46.6897086" lon="2.9805311">
        <ele>215.9105549632202</ele>
      </trkpt>
      <trkpt lat="46.6900383" lon="2.9807674">
        <ele>215.2438471968316</ele>
      </trkpt>
      <trkpt lat="46.690156" lon="2.9810088">
        <ele>213.47667148797836</ele>
      </trkpt>
      <trkpt lat="46.6902775" lon="2.9812153">
        <ele>211.62716983999508</ele>
      </trkpt>
      <trkpt lat="46.6905681" lon="2.9814648">
        <ele>212.09032000000116</ele>
      </trkpt>
      <trkpt lat="46.6908699" lon="2.9816633">
        <ele>214.26328000001922</ele>
      </trkpt>
      <trkpt lat="46.6910867" lon="2.9817364">
        <ele>215.84630139519751</ele>
      </trkpt>
      <trkpt lat="46.6911941" lon="2.9816272">
        <ele>216.34120782078756</ele>
      </trkpt>
      <trkpt lat="46.6914115" lon="2.9814085">
        <ele>217.84799999999586</ele>
      </trkpt>
      <trkpt lat="46.6915706" lon="2.981135">
        <ele>217.34584000000496</ele>
      </trkpt>
      <trkpt lat="46.6918631" lon="2.9805154">
        <ele>218.85171999999739</ele>
      </trkpt>
      <trkpt lat="46.6920489" lon="2.9801211">
        <ele>220.7279783984054</ele>
      </trkpt>
      <trkpt lat="46.6923028" lon="2.9796919">
        <ele>220.89657486719844</ele>
      </trkpt>
      <trkpt lat="46.6925887" lon="2.9793131">
        <ele>221.47537273119028</ele>
      </trkpt>
      <trkpt lat="46.6927448" lon="2.9789727">
        <ele>221.2374400000008</ele>
      </trkpt>
      <trkpt lat="46.6927665" lon="2.9787886">
        <ele>221.42758177601362</ele>
      </trkpt>
      <trkpt lat="46.6927438" lon="2.9784467">
        <ele>222.1223199999913</ele>
      </trkpt>
      <trkpt lat="46.6927698" lon="2.9782995">
        <ele>222.02871999999752</ele>
      </trkpt>
      <trkpt lat="46.6928773" lon="2.9782426">
        <ele>221.75874857920164</ele>
      </trkpt>
      <trkpt lat="46.6944749" lon="2.9787482">
        <ele>223.56058953280484</ele>
      </trkpt>
      <trkpt lat="46.6947043" lon="2.978773">
        <ele>223.96239774399584</ele>
      </trkpt>
      <trkpt lat="46.695228" lon="2.9785413">
        <ele>223.0</ele>
      </trkpt>
      <trkpt lat="46.6955745" lon="2.9784539">
        <ele>223.49776000000293</ele>
      </trkpt>
      <trkpt lat="46.6958765" lon="2.9783003">
        <ele>222.94503983201187</ele>
      </trkpt>
      <trkpt lat="46.6961371" lon="2.9782243">
        <ele>221.8697158287933</ele>
      </trkpt>
      <trkpt lat="46.696426" lon="2.9781794">
        <ele>220.44584000000032</ele>
      </trkpt>
      <trkpt lat="46.6971058" lon="2.9782684">
        <ele>219.41911999999002</ele>
      </trkpt>
      <trkpt lat="46.697464" lon="2.9783515">
        <ele>219.8703999999875</ele>
      </trkpt>
      <trkpt lat="46.697981" lon="2.9786779">
        <ele>221.4443059040041</ele>
      </trkpt>
      <trkpt lat="46.6982693" lon="2.97876">
        <ele>221.12355872000043</ele>
      </trkpt>
      <trkpt lat="46.6985664" lon="2.9785641">
        <ele>221.0</ele>
      </trkpt>
      <trkpt lat="46.6990915" lon="2.9784692">
        <ele>220.78147999999373</ele>
      </trkpt>
      <trkpt lat="46.6997039" lon="2.9782601">
        <ele>219.06595999998945</ele>
      </trkpt>
      <trkpt lat="46.7002744" lon="2.9783322">
        <ele>218.99596961280034</ele>
      </trkpt>
      <trkpt lat="46.7008435" lon="2.9783958">
        <ele>217.97163060800642</ele>
      </trkpt>
      <trkpt lat="46.7011591" lon="2.978431">
        <ele>217.52435999999307</ele>
      </trkpt>
      <trkpt lat="46.7012626" lon="2.9784426">
        <ele>217.93871999999965</ele>
      </trkpt>
      <trkpt lat="46.7012759" lon="2.9783103">
        <ele>217.5932399999956</ele>
      </trkpt>
      <trkpt lat="46.7022151" lon="2.9764964">
        <ele>216.3613999999866</ele>
      </trkpt>
      <trkpt lat="46.7023021" lon="2.9764092">
        <ele>216.07312000000002</ele>
      </trkpt>
      <trkpt lat="46.7023657" lon="2.9764883">
        <ele>216.35788000000093</ele>
      </trkpt>
      <trkpt lat="46.7024339" lon="2.9765873">
        <ele>216.71427999999923</ele>
      </trkpt>
      <trkpt lat="46.7025866" lon="2.9768381">
        <ele>216.68188000003875</ele>
      </trkpt>
      <trkpt lat="46.7028442" lon="2.9774818">
        <ele>213.8107328575947</ele>
      </trkpt>
      <trkpt lat="46.7031826" lon="2.9782221">
        <ele>213.81685476160283</ele>
      </trkpt>
      <trkpt lat="46.7034033" lon="2.9785225">
        <ele>214.60065028000244</ele>
      </trkpt>
      <trkpt lat="46.7037124" lon="2.9787585">
        <ele>216.42063798400073</ele>
      </trkpt>
      <trkpt lat="46.7043672" lon="2.9794774">
        <ele>216.03852858879827</ele>
      </trkpt>
      <trkpt lat="46.7050146" lon="2.9802606">
        <ele>220.70285937921003</ele>
      </trkpt>
      <trkpt lat="46.7053678" lon="2.9810223">
        <ele>219.5679451424199</ele>
      </trkpt>
      <trkpt lat="46.7056621" lon="2.9818163">
        <ele>216.2066161007959</ele>
      </trkpt>
      <trkpt lat="46.7058386" lon="2.9821274">
        <ele>216.35384781439953</ele>
      </trkpt>
      <trkpt lat="46.7060226" lon="2.9822454">
        <ele>216.59791999998924</ele>
      </trkpt>
      <trkpt lat="46.7063831" lon="2.9823098">
        <ele>216.99342956479595</ele>
      </trkpt>
      <trkpt lat="46.7066111" lon="2.9824063">
        <ele>215.13023749277093</ele>
      </trkpt>
      <trkpt lat="46.7070231" lon="2.9829428">
        <ele>216.5068996927932</ele>
      </trkpt>
      <trkpt lat="46.7074131" lon="2.983844">
        <ele>215.40358988802814</ele>
      </trkpt>
      <trkpt lat="46.7079501" lon="2.9849383">
        <ele>213.8819312736109</ele>
      </trkpt>
      <trkpt lat="46.7081414" lon="2.9854533">
        <ele>214.46343239038586</ele>
      </trkpt>
      <trkpt lat="46.7086785" lon="2.9866979">
        <ele>214.7124020560162</ele>
      </trkpt>
      <trkpt lat="46.7090757" lon="2.9883287">
        <ele>213.3217247328011</ele>
      </trkpt>
      <trkpt lat="46.7093774" lon="2.9890582">
        <ele>211.11455999998861</ele>
      </trkpt>
      <trkpt lat="46.7097967" lon="2.9897019">
        <ele>207.43992000003118</ele>
      </trkpt>
      <trkpt lat="46.7103043" lon="2.9902706">
        <ele>201.73398720322135</ele>
      </trkpt>
      <trkpt lat="46.7103926" lon="2.9904637">
        <ele>202.6278997696141</ele>
      </trkpt>
      <trkpt lat="46.7104138" lon="2.9905821">
        <ele>203.13684000003286</ele>
      </trkpt>
      <trkpt lat="46.7104367" lon="2.9907105">
        <ele>203.2693199999644</ele>
      </trkpt>
      <trkpt lat="46.7105471" lon="2.9907963">
        <ele>201.98844000000918</ele>
      </trkpt>
      <trkpt lat="46.710628" lon="2.9907078">
        <ele>201.1443407360014</ele>
      </trkpt>
      <trkpt lat="46.7106648" lon="2.9906675">
        <ele>200.85122815998142</ele>
      </trkpt>
      <trkpt lat="46.7106868" lon="2.9905603">
        <ele>200.53653004160822</ele>
      </trkpt>
      <trkpt lat="46.7107678" lon="2.9905495">
        <ele>200.21412000000328</ele>
      </trkpt>
      <trkpt lat="46.7112165" lon="2.9906675">
        <ele>201.3557999999939</ele>
      </trkpt>
      <trkpt lat="46.7117323" lon="2.9909138">
        <ele>204.12948000001415</ele>
      </trkpt>
      <trkpt lat="46.7117774" lon="2.9909044">
        <ele>204.6842400000296</ele>
      </trkpt>
      <trkpt lat="46.7118316" lon="2.9910909">
        <ele>203.92679999996017</ele>
      </trkpt>
      <trkpt lat="46.7118543" lon="2.991072">
        <ele>204.3080399999876</ele>
      </trkpt>
      <trkpt lat="46.7127847" lon="2.9911371">
        <ele>205.9360230304011</ele>
      </trkpt>
      <trkpt lat="46.7130477" lon="2.9912015">
        <ele>207.27871537598205</ele>
      </trkpt>
      <trkpt lat="46.7131673" lon="2.9913141">
        <ele>207.83906986720172</ele>
      </trkpt>
      <trkpt lat="46.7132616" lon="2.9914893">
        <ele>207.63851999999997</ele>
      </trkpt>
      <trkpt lat="46.7134161" lon="2.9918138">
        <ele>206.25628690561322</ele>
      </trkpt>
      <trkpt lat="46.7135301" lon="2.9921384">
        <ele>205.31121057279918</ele>
      </trkpt>
      <trkpt lat="46.7136055" lon="2.9923476">
        <ele>205.91008252799827</ele>
      </trkpt>
      <trkpt lat="46.7136846" lon="2.9926104">
        <ele>206.50138672640696</ele>
      </trkpt>
      <trkpt lat="46.7137251" lon="2.992825">
        <ele>206.47143999996888</ele>
      </trkpt>
      <trkpt lat="46.71376" lon="2.9930235">
        <ele>206.259400000009</ele>
      </trkpt>
      <trkpt lat="46.7137705" lon="2.9932185">
        <ele>205.95860892003193</ele>
      </trkpt>
      <trkpt lat="46.7137705" lon="2.9933526">
        <ele>205.68160123202676</ele>
      </trkpt>
      <trkpt lat="46.7137802" lon="2.9935141">
        <ele>205.4300293728183</ele>
      </trkpt>
      <trkpt lat="46.7137391" lon="2.9935666">
        <ele>204.99535218238444</ele>
      </trkpt>
      <trkpt lat="46.7136048" lon="2.9937732">
        <ele>202.76859514878615</ele>
      </trkpt>
      <trkpt lat="46.7134393" lon="2.9939234">
        <ele>200.56187507518126</ele>
      </trkpt>
      <trkpt lat="46.7133792" lon="2.9939219">
        <ele>200.11218286078767</ele>
      </trkpt>
      <trkpt lat="46.7131622" lon="2.9939782">
        <ele>197.70680204159396</ele>
      </trkpt>
      <trkpt lat="46.7130665" lon="2.9940426">
        <ele>196.5430376159683</ele>
      </trkpt>
      <trkpt lat="46.713031" lon="2.9941192">
        <ele>196.24417420799713</ele>
      </trkpt>
      <trkpt lat="46.7129851" lon="2.9941768">
        <ele>196.25364000000945</ele>
      </trkpt>
      <trkpt lat="46.7129152" lon="2.9942238">
        <ele>196.5052800000085</ele>
      </trkpt>
      <trkpt lat="46.7128701" lon="2.9942318">
        <ele>196.6676399999874</ele>
      </trkpt>
      <trkpt lat="46.7128472" lon="2.9942243">
        <ele>196.75008000000435</ele>
      </trkpt>
      <trkpt lat="46.7126656" lon="2.9944127">
        <ele>197.35768916479606</ele>
      </trkpt>
      <trkpt lat="46.7123751" lon="2.9947131">
        <ele>199.31938764477076</ele>
      </trkpt>
      <trkpt lat="46.7122813" lon="2.9949921">
        <ele>202.8633772383871</ele>
      </trkpt>
      <trkpt lat="46.7122292" lon="2.9952859">
        <ele>206.96550549113306</ele>
      </trkpt>
      <trkpt lat="46.7122329" lon="2.99553">
        <ele>210.36645648008573</ele>
      </trkpt>
      <trkpt lat="46.7121906" lon="2.9959431">
        <ele>214.01800000000276</ele>
      </trkpt>
      <trkpt lat="46.7121575" lon="2.9961576">
        <ele>215.50499487997286</ele>
      </trkpt>
      <trkpt lat="46.7120986" lon="2.9963561">
        <ele>216.28258747842756</ele>
      </trkpt>
      <trkpt lat="46.7119956" lon="2.9970803">
        <ele>218.26335999997718</ele>
      </trkpt>
      <trkpt lat="46.711838" lon="2.997618">
        <ele>219.2204166399995</ele>
      </trkpt>
      <trkpt lat="46.7117529" lon="2.9980084">
        <ele>219.57250029439822</ele>
      </trkpt>
      <trkpt lat="46.7116688" lon="2.9985675">
        <ele>220.8365257600059</ele>
      </trkpt>
      <trkpt lat="46.7116193" lon="2.9989939">
        <ele>221.51590338080564</ele>
      </trkpt>
      <trkpt lat="46.7116101" lon="2.9994124">
        <ele>220.11535999999933</ele>
      </trkpt>
      <trkpt lat="46.7116352" lon="2.9997384">
        <ele>219.9417599999997</ele>
      </trkpt>
      <trkpt lat="46.7116707" lon="3.0002278">
        <ele>218.16278756160435</ele>
      </trkpt>
      <trkpt lat="46.7117198" lon="3.0005779">
        <ele>215.82373343679976</ele>
      </trkpt>
      <trkpt lat="46.7117915" lon="3.0009829">
        <ele>212.77018506401805</ele>
      </trkpt>
      <trkpt lat="46.7118238" lon="3.001197">
        <ele>211.55944000001736</ele>
      </trkpt>
      <trkpt lat="46.7118344" lon="3.0014455">
        <ele>210.54619481599406</ele>
      </trkpt>
      <trkpt lat="46.7118174" lon="3.0018968">
        <ele>207.7935663871888</ele>
      </trkpt>
      <trkpt lat="46.7117235" lon="3.0020724">
        <ele>207.5591669440193</ele>
      </trkpt>
      <trkpt lat="46.7116517" lon="3.0022341">
        <ele>207.22894390884818</ele>
      </trkpt>
      <trkpt lat="46.7113812" lon="3.0029116">
        <ele>213.5648000000196</ele>
      </trkpt>
      <trkpt lat="46.7112903" lon="3.0031957">
        <ele>214.5602399999815</ele>
      </trkpt>
      <trkpt lat="46.7112202" lon="3.003477">
        <ele>213.67646956800073</ele>
      </trkpt>
      <trkpt lat="46.7111739" lon="3.0037095">
        <ele>212.41976000000568</ele>
      </trkpt>
      <trkpt lat="46.711133" lon="3.0039499">
        <ele>211.71886763200993</ele>
      </trkpt>
      <trkpt lat="46.7110931" lon="3.0041815">
        <ele>211.19452000000683</ele>
      </trkpt>
      <trkpt lat="46.7110055" lon="3.0046534">
        <ele>210.9221216480154</ele>
      </trkpt>
      <trkpt lat="46.7108772" lon="3.0050248">
        <ele>210.03939819521483</ele>
      </trkpt>
      <trkpt lat="46.7107412" lon="3.0053153">
        <ele>208.20835666558227</ele>
      </trkpt>
      <trkpt lat="46.710678" lon="3.0054034">
        <ele>208.1863873919751</ele>
      </trkpt>
      <trkpt lat="46.7106064" lon="3.005461">
        <ele>208.56713318395</ele>
      </trkpt>
      <trkpt lat="46.7105411" lon="3.005489">
        <ele>209.12915364799764</ele>
      </trkpt>
      <trkpt lat="46.710457" lon="3.0055048">
        <ele>209.9555928320217</ele>
      </trkpt>
      <trkpt lat="46.710314" lon="3.0055387">
        <ele>211.5628180160462</ele>
      </trkpt>
      <trkpt lat="46.7102245" lon="3.0056101">
        <ele>211.8321818479784</ele>
      </trkpt>
      <trkpt lat="46.7103455" lon="3.0056286">
        <ele>210.23591999996182</ele>
      </trkpt>
      <trkpt lat="46.7104893" lon="3.0056486">
        <ele>207.94920000001645</ele>
      </trkpt>
      <trkpt lat="46.7105774" lon="3.0056601">
        <ele>206.55636000002414</ele>
      </trkpt>
      <trkpt lat="46.7106576" lon="3.0057122">
        <ele>204.838800000035</ele>
      </trkpt>
      <trkpt lat="46.7107416" lon="3.0058106">
        <ele>202.56648000001672</ele>
      </trkpt>
      <trkpt lat="46.7107902" lon="3.0059383">
        <ele>201.12588558722217</ele>
      </trkpt>
      <trkpt lat="46.7108262" lon="3.0060904">
        <ele>200.12974940160274</ele>
      </trkpt>
      <trkpt lat="46.7109234" lon="3.0066494">
        <ele>199.67576000000463</ele>
      </trkpt>
      <trkpt lat="46.7110083" lon="3.0071627">
        <ele>199.37011999998867</ele>
      </trkpt>
      <trkpt lat="46.7112931" lon="3.0089636">
        <ele>195.6138000000037</ele>
      </trkpt>
      <trkpt lat="46.7113362" lon="3.0092337">
        <ele>196.38522642240451</ele>
      </trkpt>
      <trkpt lat="46.7113916" lon="3.0095898">
        <ele>197.51352000000406</ele>
      </trkpt>
      <trkpt lat="46.7114436" lon="3.0098646">
        <ele>197.8030399999907</ele>
      </trkpt>
      <trkpt lat="46.7115247" lon="3.0101322">
        <ele>197.75431319361</ele>
      </trkpt>
      <trkpt lat="46.711483" lon="3.0102107">
        <ele>198.16273342399285</ele>
      </trkpt>
      <trkpt lat="46.711374" lon="3.0104243">
        <ele>200.13683292800334</ele>
      </trkpt>
      <trkpt lat="46.7113133" lon="3.0105209">
        <ele>201.26077030879628</ele>
      </trkpt>
      <trkpt lat="46.7112434" lon="3.0106738">
        <ele>203.32455999999655</ele>
      </trkpt>
      <trkpt lat="46.7111257" lon="3.0108401">
        <ele>205.97059877442135</ele>
      </trkpt>
      <trkpt lat="46.710951" lon="3.0108562">
        <ele>205.6705600000061</ele>
      </trkpt>
      <trkpt lat="46.7106034" lon="3.0109018">
        <ele>208.222720000038</ele>
      </trkpt>
      <trkpt lat="46.7104085" lon="3.0109071">
        <ele>210.66605492800045</ele>
      </trkpt>
      <trkpt lat="46.7101878" lon="3.0110412">
        <ele>214.4992041856031</ele>
      </trkpt>
      <trkpt lat="46.7100425" lon="3.0111673">
        <ele>215.90022231999856</ele>
      </trkpt>
      <trkpt lat="46.7099027" lon="3.011229">
        <ele>216.54894116800295</ele>
      </trkpt>
      <trkpt lat="46.7097121" lon="3.0111578">
        <ele>215.46167516478727</ele>
      </trkpt>
      <trkpt lat="46.7095502" lon="3.011139">
        <ele>214.6197442880097</ele>
      </trkpt>
      <trkpt lat="46.7094031" lon="3.0112597">
        <ele>214.8517774928163</ele>
      </trkpt>
      <trkpt lat="46.7093387" lon="3.0113643">
        <ele>215.40858220641263</ele>
      </trkpt>
      <trkpt lat="46.7093424" lon="3.0115038">
        <ele>216.87367999998764</ele>
      </trkpt>
      <trkpt lat="46.7093718" lon="3.0116996">
        <ele>219.0941599999985</ele>
      </trkpt>
      <trkpt lat="46.709398" lon="3.0118874">
        <ele>221.21672000000052</ele>
      </trkpt>
      <trkpt lat="46.7094141" lon="3.0120027">
        <ele>222.12338981279024</ele>
      </trkpt>
      <trkpt lat="46.7094122" lon="3.0121636">
        <ele>222.7644624768023</ele>
      </trkpt>
      <trkpt lat="46.7094419" lon="3.0125578">
        <ele>223.20617398720182</ele>
      </trkpt>
      <trkpt lat="46.7093865" lon="3.012582">
        <ele>223.2336212800011</ele>
      </trkpt>
      <trkpt lat="46.7091842" lon="3.0126088">
        <ele>223.02472284160407</ele>
      </trkpt>
      <trkpt lat="46.7087734" lon="3.0125808">
        <ele>222.0</ele>
      </trkpt>
      <trkpt lat="46.7083492" lon="3.012515">
        <ele>221.1080355200023</ele>
      </trkpt>
      <trkpt lat="46.7079428" lon="3.0126008">
        <ele>221.36287999999988</ele>
      </trkpt>
      <trkpt lat="46.7076338" lon="3.012633">
        <ele>221.99711999998783</ele>
      </trkpt>
      <trkpt lat="46.7074069" lon="3.0126237">
        <ele>222.44531999999924</ele>
      </trkpt>
      <trkpt lat="46.7068643" lon="3.0124708">
        <ele>224.28852000000188</ele>
      </trkpt>
      <trkpt lat="46.7068367" lon="3.0128142">
        <ele>225.43873882561394</ele>
      </trkpt>
      <trkpt lat="46.7065149" lon="3.013136">
        <ele>227.546359999993</ele>
      </trkpt>
      <trkpt lat="46.7062941" lon="3.0132916">
        <ele>227.65876000000344</ele>
      </trkpt>
      <trkpt lat="46.7057975" lon="3.0135705">
        <ele>227.96394019999198</ele>
      </trkpt>
      <trkpt lat="46.7055382" lon="3.0137959">
        <ele>231.07911580480103</ele>
      </trkpt>
      <trkpt lat="46.7053487" lon="3.0141714">
        <ele>235.2894000000062</ele>
      </trkpt>
      <trkpt lat="46.70522" lon="3.0144503">
        <ele>236.8297753599894</ele>
      </trkpt>
      <trkpt lat="46.705014" lon="3.0148231">
        <ele>237.42735347199346</ele>
      </trkpt>
      <trkpt lat="46.704613" lon="3.01544">
        <ele>238.81362879999548</ele>
      </trkpt>
      <trkpt lat="46.704315" lon="3.015719">
        <ele>240.12240000000355</ele>
      </trkpt>
      <trkpt lat="46.7041587" lon="3.0158343">
        <ele>239.94612000000424</ele>
      </trkpt>
      <trkpt lat="46.7039563" lon="3.0159202">
        <ele>238.79808000001168</ele>
      </trkpt>
      <trkpt lat="46.7036639" lon="3.0159765">
        <ele>238.51539999999943</ele>
      </trkpt>
      <trkpt lat="46.7032243" lon="3.0162984">
        <ele>238.87213268480278</ele>
      </trkpt>
      <trkpt lat="46.7028748" lon="3.016588">
        <ele>237.69855999997435</ele>
      </trkpt>
      <trkpt lat="46.7026191" lon="3.0168026">
        <ele>236.42875999999887</ele>
      </trkpt>
      <trkpt lat="46.7021206" lon="3.0172398">
        <ele>234.29147035520458</ele>
      </trkpt>
      <trkpt lat="46.7018429" lon="3.0175483">
        <ele>233.39600714561564</ele>
      </trkpt>
      <trkpt lat="46.7011659" lon="3.0184575">
        <ele>230.59171999999444</ele>
      </trkpt>
      <trkpt lat="46.701036" lon="3.0185151">
        <ele>229.72960000000694</ele>
      </trkpt>
      <trkpt lat="46.7005462" lon="3.0181044">
        <ele>228.24320000001424</ele>
      </trkpt>
      <trkpt lat="46.700165" lon="3.0189612">
        <ele>231.14568000000543</ele>
      </trkpt>
      <trkpt lat="46.6991023" lon="3.0213938">
        <ele>229.44576000000208</ele>
      </trkpt>
      <trkpt lat="46.6985097" lon="3.0203378">
        <ele>228.50227351359342</ele>
      </trkpt>
      <trkpt lat="46.6982742" lon="3.0199032">
        <ele>230.0485355775992</ele>
      </trkpt>
      <trkpt lat="46.6982043" lon="3.0198335">
        <ele>230.84940671199897</ele>
      </trkpt>
      <trkpt lat="46.6981572" lon="3.0198203">
        <ele>231.1518009664133</ele>
      </trkpt>
      <trkpt lat="46.6980894" lon="3.0198352">
        <ele>231.42188523519582</ele>
      </trkpt>
      <trkpt lat="46.6970819" lon="3.0205541">
        <ele>230.51039999999782</ele>
      </trkpt>
      <trkpt lat="46.6963764" lon="3.0209669">
        <ele>230.56412000000645</ele>
      </trkpt>
      <trkpt lat="46.6961299" lon="3.0211026">
        <ele>230.9629999999912</ele>
      </trkpt>
      <trkpt lat="46.6958502" lon="3.0212099">
        <ele>231.9392799999914</ele>
      </trkpt>
      <trkpt lat="46.6956019" lon="3.0212796">
        <ele>232.0</ele>
      </trkpt>
      <trkpt lat="46.6954363" lon="3.0213279">
        <ele>231.66494149919177</ele>
      </trkpt>
      <trkpt lat="46.694684" lon="3.0215941">
        <ele>235.10165337599406</ele>
      </trkpt>
      <trkpt lat="46.6942788" lon="3.0217287">
        <ele>235.31353018239793</ele>
      </trkpt>
      <trkpt lat="46.6939899" lon="3.0217662">
        <ele>235.40833948480392</ele>
      </trkpt>
      <trkpt lat="46.6934012" lon="3.0218065">
        <ele>234.24431999998797</ele>
      </trkpt>
      <trkpt lat="46.6929068" lon="3.021761">
        <ele>232.46448000001055</ele>
      </trkpt>
      <trkpt lat="46.6927633" lon="3.0217771">
        <ele>232.0835191727837</ele>
      </trkpt>
      <trkpt lat="46.6925481" lon="3.0218388">
        <ele>233.14130378878383</ele>
      </trkpt>
      <trkpt lat="46.6921709" lon="3.021938">
        <ele>234.23115999999726</ele>
      </trkpt>
      <trkpt lat="46.6911084" lon="3.0221208">
        <ele>237.0</ele>
      </trkpt>
      <trkpt lat="46.6907939" lon="3.022184">
        <ele>236.85804000001008</ele>
      </trkpt>
      <trkpt lat="46.690392" lon="3.0228902">
        <ele>233.833579135996</ele>
      </trkpt>
      <trkpt lat="46.6902298" lon="3.0230916">
        <ele>233.8926521472016</ele>
      </trkpt>
      <trkpt lat="46.6898545" lon="3.023164">
        <ele>235.04759999998078</ele>
      </trkpt>
      <trkpt lat="46.6895196" lon="3.0231908">
        <ele>236.0</ele>
      </trkpt>
      <trkpt lat="46.6893791" lon="3.0233176">
        <ele>236.0</ele>
      </trkpt>
      <trkpt lat="46.6894124" lon="3.0235898">
        <ele>235.07672000000042</ele>
      </trkpt>
      <trkpt lat="46.68959" lon="3.0240488">
        <ele>233.7259763200053</ele>
      </trkpt>
      <trkpt lat="46.6903448" lon="3.0250717">
        <ele>235.0</ele>
      </trkpt>
      <trkpt lat="46.6909639" lon="3.0253984">
        <ele>236.0</ele>
      </trkpt>
      <trkpt lat="46.6911594" lon="3.0280571">
        <ele>241.18036655038688</ele>
      </trkpt>
      <trkpt lat="46.6911715" lon="3.0284004">
        <ele>242.6762400000217</ele>
      </trkpt>
      <trkpt lat="46.6912674" lon="3.0289627">
        <ele>243.85956000000704</ele>
      </trkpt>
      <trkpt lat="46.6912807" lon="3.0302893">
        <ele>244.19571563039995</ele>
      </trkpt>
      <trkpt lat="46.6910415" lon="3.0302953">
        <ele>242.98419215199922</ele>
      </trkpt>
      <trkpt lat="46.6886787" lon="3.029827">
        <ele>236.4192996960153</ele>
      </trkpt>
      <trkpt lat="46.6883574" lon="3.0297777">
        <ele>237.31279999999572</ele>
      </trkpt>
      <trkpt lat="46.6879474" lon="3.0301844">
        <ele>239.27447999999532</ele>
      </trkpt>
      <trkpt lat="46.6876896" lon="3.0303508">
        <ele>238.50312862719701</ele>
      </trkpt>
      <trkpt lat="46.6873514" lon="3.0306897">
        <ele>237.51708000000025</ele>
      </trkpt>
      <trkpt lat="46.68714" lon="3.0306527">
        <ele>237.65027999999967</ele>
      </trkpt>
      <trkpt lat="46.6866074" lon="3.0299749">
        <ele>244.21336000000065</ele>
      </trkpt>
      <trkpt lat="46.6863158" lon="3.0300673">
        <ele>244.51544000000146</ele>
      </trkpt>
      <trkpt lat="46.6860875" lon="3.0300303">
        <ele>244.78184000000033</ele>
      </trkpt>
      <trkpt lat="46.6856521" lon="3.0300612">
        <ele>244.703105580801</ele>
      </trkpt>
      <trkpt lat="46.6852928" lon="3.0301598">
        <ele>243.88055114239944</ele>
      </trkpt>
      <trkpt lat="46.6847263" lon="3.0300488">
        <ele>244.4608589823978</ele>
      </trkpt>
      <trkpt lat="46.6843874" lon="3.0300938">
        <ele>244.7815999999952</ele>
      </trkpt>
      <trkpt lat="46.6840119" lon="3.0302275">
        <ele>241.88499404000598</ele>
      </trkpt>
      <trkpt lat="46.6836188" lon="3.0304001">
        <ele>241.4159816704068</ele>
      </trkpt>
      <trkpt lat="46.6831242" lon="3.0306157">
        <ele>243.1630135775981</ele>
      </trkpt>
      <trkpt lat="46.682638" lon="3.0305356">
        <ele>244.61118988801144</ele>
      </trkpt>
      <trkpt lat="46.6824153" lon="3.0306337">
        <ele>245.02359999999106</ele>
      </trkpt>
      <trkpt lat="46.6823558" lon="3.0306396">
        <ele>245.21655999998688</ele>
      </trkpt>
      <trkpt lat="46.6809651" lon="3.0311282">
        <ele>246.49330262719442</ele>
      </trkpt>
      <trkpt lat="46.6785521" lon="3.031987">
        <ele>252.0</ele>
      </trkpt>
      <trkpt lat="46.6767407" lon="3.0326455">
        <ele>256.0827631759814</ele>
      </trkpt>
      <trkpt lat="46.675277" lon="3.0334527">
        <ele>259.4297199999992</ele>
      </trkpt>
      <trkpt lat="46.67439" lon="3.0338077">
        <ele>260.9037199999912</ele>
      </trkpt>
      <trkpt lat="46.6739403" lon="3.033829">
        <ele>262.59932000000623</ele>
      </trkpt>
      <trkpt lat="46.6737112" lon="3.0338077">
        <ele>262.2550056703993</ele>
      </trkpt>
      <trkpt lat="46.6732469" lon="3.0339139">
        <ele>261.7168568464076</ele>
      </trkpt>
      <trkpt lat="46.6728013" lon="3.0340019">
        <ele>261.4068399999993</ele>
      </trkpt>
      <trkpt lat="46.6723641" lon="3.03392">
        <ele>262.4892399999894</ele>
      </trkpt>
      <trkpt lat="46.6715686" lon="3.0355283">
        <ele>263.64696000000185</ele>
      </trkpt>
      <trkpt lat="46.6713458" lon="3.0358287">
        <ele>265.12176000001057</ele>
      </trkpt>
      <trkpt lat="46.6715409" lon="3.0361507">
        <ele>266.1260326448223</ele>
      </trkpt>
      <trkpt lat="46.6722225" lon="3.0372087">
        <ele>266.9990000000121</ele>
      </trkpt>
      <trkpt lat="46.6727846" lon="3.0381325">
        <ele>268.3261200000001</ele>
      </trkpt>
      <trkpt lat="46.6731784" lon="3.0390708">
        <ele>266.28510586878656</ele>
      </trkpt>
      <trkpt lat="46.6733517" lon="3.0394786">
        <ele>263.5650000000099</ele>
      </trkpt>
      <trkpt lat="46.673582" lon="3.0400271">
        <ele>259.1921357119897</ele>
      </trkpt>
      <trkpt lat="46.6739088" lon="3.0411458">
        <ele>260.1248799999992</ele>
      </trkpt>
      <trkpt lat="46.6742505" lon="3.0422248">
        <ele>262.7074800000023</ele>
      </trkpt>
      <trkpt lat="46.6744461" lon="3.0428455">
        <ele>262.9940400000096</ele>
      </trkpt>
      <trkpt lat="46.6746145" lon="3.0430837">
        <ele>262.34850810400985</ele>
      </trkpt>
      <trkpt lat="46.6747061" lon="3.0434265">
        <ele>262.0</ele>
      </trkpt>
      <trkpt lat="46.6750255" lon="3.0441663">
        <ele>260.0011988239997</ele>
      </trkpt>
      <trkpt lat="46.675241" lon="3.0446752">
        <ele>260.72073267199903</ele>
      </trkpt>
      <trkpt lat="46.6752088" lon="3.0450397">
        <ele>260.7516800000003</ele>
      </trkpt>
      <trkpt lat="46.675189" lon="3.0453789">
        <ele>260.4327071840065</ele>
      </trkpt>
      <trkpt lat="46.6752385" lon="3.0456459">
        <ele>260.2792510639982</ele>
      </trkpt>
      <trkpt lat="46.6755461" lon="3.0473226">
        <ele>261.1361600000255</ele>
      </trkpt>
      <trkpt lat="46.6756327" lon="3.0480528">
        <ele>262.71235999999465</ele>
      </trkpt>
      <trkpt lat="46.6756856" lon="3.0485797">
        <ele>263.5318399999951</ele>
      </trkpt>
      <trkpt lat="46.6756222" lon="3.0487122">
        <ele>263.84739168640164</ele>
      </trkpt>
      <trkpt lat="46.6755578" lon="3.0488589">
        <ele>263.9991276832</ele>
      </trkpt>
      <trkpt lat="46.6755351" lon="3.0490011">
        <ele>264.44785238560485</ele>
      </trkpt>
      <trkpt lat="46.6756296" lon="3.0490145">
        <ele>264.33166156799945</ele>
      </trkpt>
      <trkpt lat="46.6758403" lon="3.049095">
        <ele>264.0186093599928</ele>
      </trkpt>
      <trkpt lat="46.6762896" lon="3.049279">
        <ele>265.66425126399463</ele>
      </trkpt>
      <trkpt lat="46.6766051" lon="3.0492096">
        <ele>265.967176678411</ele>
      </trkpt>
      <trkpt lat="46.6767727" lon="3.0492308">
        <ele>266.31901151360137</ele>
      </trkpt>
      <trkpt lat="46.6770738" lon="3.0492485">
        <ele>267.71186134402046</ele>
      </trkpt>
      <trkpt lat="46.6773724" lon="3.0492662">
        <ele>269.73436212481425</ele>
      </trkpt>
      <trkpt lat="46.6776298" lon="3.0493299">
        <ele>269.8457675808097</ele>
      </trkpt>
      <trkpt lat="46.6778508" lon="3.0494608">
        <ele>268.5331199999881</ele>
      </trkpt>
      <trkpt lat="46.6780135" lon="3.0496236">
        <ele>267.94776000000905</ele>
      </trkpt>
      <trkpt lat="46.678147" lon="3.0498148">
        <ele>268.33735999999067</ele>
      </trkpt>
      <trkpt lat="46.6783704" lon="3.0501404">
        <ele>269.809994086408</ele>
      </trkpt>
      <trkpt lat="46.6786011" lon="3.0505297">
        <ele>270.853234603192</ele>
      </trkpt>
      <trkpt lat="46.6790066" lon="3.051142">
        <ele>270.82296422398963</ele>
      </trkpt>
      <trkpt lat="46.6792325" lon="3.0514569">
        <ele>270.34702708002214</ele>
      </trkpt>
      <trkpt lat="46.6794" lon="3.0517436">
        <ele>269.55264639999353</ele>
      </trkpt>
      <trkpt lat="46.6795068" lon="3.0520232">
        <ele>269.3311645696085</ele>
      </trkpt>
      <trkpt lat="46.6795093" lon="3.0522426">
        <ele>268.8227519072022</ele>
      </trkpt>
      <trkpt lat="46.6794753" lon="3.0526461">
        <ele>269.8362636367998</ele>
      </trkpt>
      <trkpt lat="46.6794868" lon="3.052814">
        <ele>269.97792000000254</ele>
      </trkpt>
      <trkpt lat="46.6788945" lon="3.0527096">
        <ele>270.7545600000001</ele>
      </trkpt>
      <trkpt lat="46.6784687" lon="3.0526532">
        <ele>270.83427327359317</ele>
      </trkpt>
      <trkpt lat="46.677826" lon="3.0525488">
        <ele>273.002079999988</ele>
      </trkpt>
      <trkpt lat="46.6772674" lon="3.0524246">
        <ele>273.5659200000074</ele>
      </trkpt>
      <trkpt lat="46.6772576" lon="3.0524997">
        <ele>273.87156000000937</ele>
      </trkpt>
      <trkpt lat="46.6767685" lon="3.0554114">
        <ele>277.0</ele>
      </trkpt>
      <trkpt lat="46.6775741" lon="3.0561684">
        <ele>276.68474341760674</ele>
      </trkpt>
      <trkpt lat="46.682125" lon="3.0604493">
        <ele>280.61748000000057</ele>
      </trkpt>
      <trkpt lat="46.6833943" lon="3.061735">
        <ele>279.0265199999883</ele>
      </trkpt>
      <trkpt lat="46.6838545" lon="3.0622238">
        <ele>279.12947999999096</ele>
      </trkpt>
      <trkpt lat="46.6840575" lon="3.062527">
        <ele>278.23800039998474</ele>
      </trkpt>
      <trkpt lat="46.6849586" lon="3.0642952">
        <ele>271.1334399999751</ele>
      </trkpt>
      <trkpt lat="46.6846021" lon="3.0647644">
        <ele>274.0798183104063</ele>
      </trkpt>
      <trkpt lat="46.6848843" lon="3.0655078">
        <ele>270.3162081183987</ele>
      </trkpt>
      <trkpt lat="46.6852606" lon="3.0663883">
        <ele>271.0618400000021</ele>
      </trkpt>
      <trkpt lat="46.6854372" lon="3.0669513">
        <ele>269.85215999998127</ele>
      </trkpt>
      <trkpt lat="46.6854798" lon="3.0670926">
        <ele>269.54543999997804</ele>
      </trkpt>
      <trkpt lat="46.6855225" lon="3.0672403">
        <ele>269.3030800000173</ele>
      </trkpt>
      <trkpt lat="46.6855857" lon="3.0674736">
        <ele>269.5794000000308</ele>
      </trkpt>
      <trkpt lat="46.6860161" lon="3.0693103">
        <ele>267.7083779567576</ele>
      </trkpt>
      <trkpt lat="46.6860557" lon="3.069518">
        <ele>267.8632400000306</ele>
      </trkpt>
      <trkpt lat="46.6860792" lon="3.069747">
        <ele>268.26568729598057</ele>
      </trkpt>
      <trkpt lat="46.6860791" lon="3.0699054">
        <ele>267.7622738655916</ele>
      </trkpt>
      <trkpt lat="46.6860522" lon="3.070541">
        <ele>266.88960700801545</ele>
      </trkpt>
      <trkpt lat="46.6860668" lon="3.0707379">
        <ele>265.9816400000147</ele>
      </trkpt>
      <trkpt lat="46.6860784" lon="3.0709326">
        <ele>265.1557627136086</ele>
      </trkpt>
      <trkpt lat="46.6860989" lon="3.0711381">
        <ele>264.31696000004604</ele>
      </trkpt>
      <trkpt lat="46.6861342" lon="3.071335">
        <ele>264.5727652800208</ele>
      </trkpt>
      <trkpt lat="46.6863573" lon="3.0724653">
        <ele>261.47728000001746</ele>
      </trkpt>
      <trkpt lat="46.6864557" lon="3.0729084">
        <ele>258.52975999999927</ele>
      </trkpt>
      <trkpt lat="46.6864806" lon="3.0730711">
        <ele>257.98152424639943</ele>
      </trkpt>
      <trkpt lat="46.6864791" lon="3.0732338">
        <ele>257.79160800320074</ele>
      </trkpt>
      <trkpt lat="46.6864581" lon="3.0738137">
        <ele>257.75083999998924</ele>
      </trkpt>
      <trkpt lat="46.6864545" lon="3.0748452">
        <ele>258.76379999998744</ele>
      </trkpt>
      <trkpt lat="46.686479" lon="3.0755943">
        <ele>257.0</ele>
      </trkpt>
      <trkpt lat="46.6864921" lon="3.0759346">
        <ele>256.63543999999973</ele>
      </trkpt>
      <trkpt lat="46.6864905" lon="3.076078">
        <ele>256.1192000000005</ele>
      </trkpt>
      <trkpt lat="46.6864771" lon="3.0762299">
        <ele>255.57236000000012</ele>
      </trkpt>
      <trkpt lat="46.6864563" lon="3.0765766">
        <ele>255.0</ele>
      </trkpt>
      <trkpt lat="46.6864724" lon="3.0766579">
        <ele>255.0</ele>
      </trkpt>
      <trkpt lat="46.6865048" lon="3.0767265">
        <ele>254.91011788799892</ele>
      </trkpt>
      <trkpt lat="46.6865504" lon="3.0767501">
        <ele>254.82535868159854</ele>
      </trkpt>
      <trkpt lat="46.6866079" lon="3.0767609">
        <ele>254.7325296144017</ele>
      </trkpt>
      <trkpt lat="46.687256" lon="3.0765756">
        <ele>256.7120253439973</ele>
      </trkpt>
      <trkpt lat="46.6874077" lon="3.076548">
        <ele>256.8580499840019</ele>
      </trkpt>
      <trkpt lat="46.6877465" lon="3.0765249">
        <ele>256.54710653599426</ele>
      </trkpt>
      <trkpt lat="46.6878318" lon="3.0765593">
        <ele>256.18038081921696</ele>
      </trkpt>
      <trkpt lat="46.6878775" lon="3.0766171">
        <ele>255.8726799200086</ele>
      </trkpt>
      <trkpt lat="46.6879289" lon="3.0767242">
        <ele>255.27344156477122</ele>
      </trkpt>
      <trkpt lat="46.6883595" lon="3.078148">
        <ele>253.90580000001046</ele>
      </trkpt>
      <trkpt lat="46.6887255" lon="3.0791544">
        <ele>251.63236000001086</ele>
      </trkpt>
      <trkpt lat="46.6887637" lon="3.0793086">
        <ele>251.45067999999037</ele>
      </trkpt>
      <trkpt lat="46.6888004" lon="3.0794863">
        <ele>251.31856000000698</ele>
      </trkpt>
      <trkpt lat="46.6888356" lon="3.0796789">
        <ele>251.1918400000095</ele>
      </trkpt>
      <trkpt lat="46.6890175" lon="3.0807728">
        <ele>251.43610304000654</ele>
      </trkpt>
      <trkpt lat="46.6890292" lon="3.0809334">
        <ele>251.6731555711993</ele>
      </trkpt>
      <trkpt lat="46.6890276" lon="3.08097">
        <ele>251.74695487998508</ele>
      </trkpt>
      <trkpt lat="46.6890232" lon="3.0810725">
        <ele>251.96116927999176</ele>
      </trkpt>
      <trkpt lat="46.689001" lon="3.0812009">
        <ele>252.64649966401404</ele>
      </trkpt>
      <trkpt lat="46.6887423" lon="3.0821062">
        <ele>254.72498191039716</ele>
      </trkpt>
      <trkpt lat="46.6890562" lon="3.0829648">
        <ele>249.73225000960755</ele>
      </trkpt>
      <trkpt lat="46.6895897" lon="3.0844656">
        <ele>249.0095055871929</ele>
      </trkpt>
      <trkpt lat="46.6895756" lon="3.084508">
        <ele>248.8235502079823</ele>
      </trkpt>
      <trkpt lat="46.6897379" lon="3.0850609">
        <ele>248.63033390558658</ele>
      </trkpt>
      <trkpt lat="46.6897717" lon="3.0852044">
        <ele>247.83750782080978</ele>
      </trkpt>
      <trkpt lat="46.6899711" lon="3.0864332">
        <ele>248.75303646080295</ele>
      </trkpt>
      <trkpt lat="46.6900137" lon="3.0865873">
        <ele>248.32094828960345</ele>
      </trkpt>
      <trkpt lat="46.6900592" lon="3.0867137">
        <ele>248.34635452160043</ele>
      </trkpt>
      <trkpt lat="46.6901372" lon="3.0868658">
        <ele>248.85671863040238</ele>
      </trkpt>
      <trkpt lat="46.6902446" lon="3.0870479">
        <ele>249.32795576639955</ele>
      </trkpt>
      <trkpt lat="46.6907065" lon="3.0876971">
        <ele>250.29877490401208</ele>
      </trkpt>
      <trkpt lat="46.6907801" lon="3.0878106">
        <ele>250.1916400000082</ele>
      </trkpt>
      <trkpt lat="46.6908374" lon="3.0879113">
        <ele>249.99239715520102</ele>
      </trkpt>
      <trkpt lat="46.6914623" lon="3.0892136">
        <ele>249.0</ele>
      </trkpt>
      <trkpt lat="46.6915329" lon="3.0893764">
        <ele>249.0</ele>
      </trkpt>
      <trkpt lat="46.6918341" lon="3.0902737">
        <ele>248.01467999999994</ele>
      </trkpt>
      <trkpt lat="46.691865" lon="3.0903786">
        <ele>247.7408465599995</ele>
      </trkpt>
      <trkpt lat="46.6921386" lon="3.091574">
        <ele>247.66640000000018</ele>
      </trkpt>
      <trkpt lat="46.6921453" lon="3.0916034">
        <ele>247.7722399999996</ele>
      </trkpt>
      <trkpt lat="46.6921497" lon="3.0916719">
        <ele>248.0</ele>
      </trkpt>
      <trkpt lat="46.6921481" lon="3.091766">
        <ele>248.0</ele>
      </trkpt>
      <trkpt lat="46.6921392" lon="3.0918538">
        <ele>248.0</ele>
      </trkpt>
      <trkpt lat="46.6918008" lon="3.0932658">
        <ele>246.0</ele>
      </trkpt>
      <trkpt lat="46.6917816" lon="3.0933343">
        <ele>245.99795988480003</ele>
      </trkpt>
      <trkpt lat="46.6917521" lon="3.0933963">
        <ele>245.84303770080126</ele>
      </trkpt>
      <trkpt lat="46.6917064" lon="3.0934669">
        <ele>245.5879393536013</ele>
      </trkpt>
      <trkpt lat="46.6914058" lon="3.0937146">
        <ele>243.71100145279058</ele>
      </trkpt>
      <trkpt lat="46.6913689" lon="3.0937595">
        <ele>243.3218800000032</ele>
      </trkpt>
      <trkpt lat="46.6913217" lon="3.093845">
        <ele>242.6742400000228</ele>
      </trkpt>
      <trkpt lat="46.6911491" lon="3.0942">
        <ele>241.01675999998952</ele>
      </trkpt>
      <trkpt lat="46.6911049" lon="3.0942834">
        <ele>240.53503999999327</ele>
      </trkpt>
      <trkpt lat="46.6909132" lon="3.0945314">
        <ele>238.26199999997914</ele>
      </trkpt>
      <trkpt lat="46.6908896" lon="3.0946084">
        <ele>237.81487999998922</ele>
      </trkpt>
      <trkpt lat="46.6907994" lon="3.0946883">
        <ele>236.98504182081217</ele>
      </trkpt>
      <trkpt lat="46.6906663" lon="3.0947807">
        <ele>236.2720901135858</ele>
      </trkpt>
      <trkpt lat="46.6903556" lon="3.0950827">
        <ele>235.0</ele>
      </trkpt>
      <trkpt lat="46.6900999" lon="3.0953661">
        <ele>232.64660886559855</ele>
      </trkpt>
      <trkpt lat="46.6898336" lon="3.0955572">
        <ele>228.00005263359967</ele>
      </trkpt>
      <trkpt lat="46.689618" lon="3.0956588">
        <ele>225.6248000000105</ele>
      </trkpt>
      <trkpt lat="46.6893792" lon="3.0957112">
        <ele>225.36648796161361</ele>
      </trkpt>
      <trkpt lat="46.6891974" lon="3.0957697">
        <ele>226.57498541121456</ele>
      </trkpt>
      <trkpt lat="46.6891512" lon="3.0957968">
        <ele>226.9725169664152</ele>
      </trkpt>
      <trkpt lat="46.6891033" lon="3.0958248">
        <ele>227.41851215360458</ele>
      </trkpt>
      <trkpt lat="46.6890659" lon="3.0958469">
        <ele>227.77435999998062</ele>
      </trkpt>
      <trkpt lat="46.6890347" lon="3.0958653">
        <ele>228.06523999999513</ele>
      </trkpt>
      <trkpt lat="46.6889819" lon="3.0959977">
        <ele>228.92203999998765</ele>
      </trkpt>
      <trkpt lat="46.6888234" lon="3.0963798">
        <ele>230.46380593282225</ele>
      </trkpt>
      <trkpt lat="46.6886796" lon="3.0967033">
        <ele>231.2928363327961</ele>
      </trkpt>
      <trkpt lat="46.688462" lon="3.0971747">
        <ele>234.43931999998614</ele>
      </trkpt>
      <trkpt lat="46.6882527" lon="3.0976091">
        <ele>237.14958962720428</ele>
      </trkpt>
      <trkpt lat="46.6880456" lon="3.0980374">
        <ele>239.0693374975833</ele>
      </trkpt>
      <trkpt lat="46.6879135" lon="3.0983142">
        <ele>240.0227999999961</ele>
      </trkpt>
      <trkpt lat="46.6878427" lon="3.0984626">
        <ele>240.64132393921435</ele>
      </trkpt>
      <trkpt lat="46.6877067" lon="3.0986704">
        <ele>240.98782497280064</ele>
      </trkpt>
      <trkpt lat="46.6876911" lon="3.0986934">
        <ele>240.92336127039397</ele>
      </trkpt>
      <trkpt lat="46.6876525" lon="3.0987522">
        <ele>240.71400808000305</ele>
      </trkpt>
      <trkpt lat="46.6874432" lon="3.0990079">
        <ele>239.77604000001025</ele>
      </trkpt>
      <trkpt lat="46.6872065" lon="3.0991527">
        <ele>240.1040341519934</ele>
      </trkpt>
      <trkpt lat="46.6870273" lon="3.0992429">
        <ele>240.42728000001046</ele>
      </trkpt>
      <trkpt lat="46.6865696" lon="3.0993177">
        <ele>239.65055999999458</ele>
      </trkpt>
      <trkpt lat="46.6860206" lon="3.0997168">
        <ele>239.00636039680015</ele>
      </trkpt>
      <trkpt lat="46.6858631" lon="3.0997922">
        <ele>238.74808000000002</ele>
      </trkpt>
      <trkpt lat="46.6857537" lon="3.0998445">
        <ele>238.68599653600077</ele>
      </trkpt>
      <trkpt lat="46.6854961" lon="3.1000054">
        <ele>239.19459999999344</ele>
      </trkpt>
      <trkpt lat="46.6845642" lon="3.1008058">
        <ele>241.56888000001072</ele>
      </trkpt>
      <trkpt lat="46.6843072" lon="3.1009803">
        <ele>242.98816000000534</ele>
      </trkpt>
      <trkpt lat="46.6841137" lon="3.1011117">
        <ele>244.3813600000176</ele>
      </trkpt>
      <trkpt lat="46.6838743" lon="3.1014085">
        <ele>246.0562279120021</ele>
      </trkpt>
      <trkpt lat="46.6837775" lon="3.1021971">
        <ele>248.31056000000814</ele>
      </trkpt>
      <trkpt lat="46.6836971" lon="3.1030808">
        <ele>249.30956000001243</ele>
      </trkpt>
      <trkpt lat="46.6836471" lon="3.1038419">
        <ele>250.7231963695946</ele>
      </trkpt>
      <trkpt lat="46.6836103" lon="3.1040579">
        <ele>251.00177664480438</ele>
      </trkpt>
      <trkpt lat="46.6835787" lon="3.104144">
        <ele>251.10715891200584</ele>
      </trkpt>
      <trkpt lat="46.6835471" lon="3.10423">
        <ele>251.40589968000396</ele>
      </trkpt>
      <trkpt lat="46.6834501" lon="3.1042224">
        <ele>251.6639810303946</ele>
      </trkpt>
      <trkpt lat="46.682796" lon="3.1042283">
        <ele>250.06560000001173</ele>
      </trkpt>
      <trkpt lat="46.6824569" lon="3.104212">
        <ele>248.68967999998767</ele>
      </trkpt>
      <trkpt lat="46.6824017" lon="3.1042135">
        <ele>248.29223999999886</ele>
      </trkpt>
      <trkpt lat="46.6823656" lon="3.1042307">
        <ele>248.03231999997934</ele>
      </trkpt>
      <trkpt lat="46.6822851" lon="3.1043008">
        <ele>247.45272000001023</ele>
      </trkpt>
      <trkpt lat="46.6821441" lon="3.1044301">
        <ele>246.1708032336233</ele>
      </trkpt>
      <trkpt lat="46.6821083" lon="3.1043691">
        <ele>245.88088094882977</ele>
      </trkpt>
      <trkpt lat="46.682059" lon="3.1042849">
        <ele>245.57469393602108</ele>
      </trkpt>
      <trkpt lat="46.6819901" lon="3.1041031">
        <ele>245.32872000000134</ele>
      </trkpt>
      <trkpt lat="46.6819306" lon="3.1039253">
        <ele>244.85048000001188</ele>
      </trkpt>
      <trkpt lat="46.6818913" lon="3.1039433">
        <ele>244.42603999996345</ele>
      </trkpt>
      <trkpt lat="46.6818567" lon="3.1039434">
        <ele>244.05235999997103</ele>
      </trkpt>
      <trkpt lat="46.6818237" lon="3.103933">
        <ele>243.6959600000264</ele>
      </trkpt>
      <trkpt lat="46.6815706" lon="3.1038053">
        <ele>240.9624800000056</ele>
      </trkpt>
      <trkpt lat="46.681385" lon="3.1037105">
        <ele>238.94399999998313</ele>
      </trkpt>
      <trkpt lat="46.6806177" lon="3.1033268">
        <ele>228.22898189439664</ele>
      </trkpt>
      <trkpt lat="46.6803795" lon="3.1032499">
        <ele>228.63379999999688</ele>
      </trkpt>
      <trkpt lat="46.6800731" lon="3.1032763">
        <ele>229.73683999999503</ele>
      </trkpt>
      <trkpt lat="46.679943" lon="3.10333">
        <ele>230.20519999999442</ele>
      </trkpt>
      <trkpt lat="46.6796675" lon="3.1034509">
        <ele>231.0</ele>
      </trkpt>
      <trkpt lat="46.6795158" lon="3.1034596">
        <ele>231.0</ele>
      </trkpt>
      <trkpt lat="46.6794385" lon="3.1034505">
        <ele>231.0213999999878</ele>
      </trkpt>
      <trkpt lat="46.6793488" lon="3.1033784">
        <ele>231.34432000000106</ele>
      </trkpt>
      <trkpt lat="46.6792035" lon="3.1031892">
        <ele>231.93620348800022</ele>
      </trkpt>
      <trkpt lat="46.679086" lon="3.1030721">
        <ele>232.30769622400743</ele>
      </trkpt>
      <trkpt lat="46.678625" lon="3.1028958">
        <ele>232.97124400000672</ele>
      </trkpt>
      <trkpt lat="46.678495" lon="3.1028416">
        <ele>233.09603968000172</ele>
      </trkpt>
      <trkpt lat="46.6783312" lon="3.1025985">
        <ele>233.00767999999152</ele>
      </trkpt>
      <trkpt lat="46.6779109" lon="3.1019592">
        <ele>236.92142277119976</ele>
      </trkpt>
      <trkpt lat="46.677707" lon="3.1015541">
        <ele>238.55678484800418</ele>
      </trkpt>
      <trkpt lat="46.677568" lon="3.1012571">
        <ele>239.0</ele>
      </trkpt>
      <trkpt lat="46.6774598" lon="3.1010186">
        <ele>239.0</ele>
      </trkpt>
      <trkpt lat="46.6759381" lon="3.1011899">
        <ele>243.63629766238</ele>
      </trkpt>
      <trkpt lat="46.6746679" lon="3.1013216">
        <ele>247.80444000001035</ele>
      </trkpt>
      <trkpt lat="46.6738148" lon="3.1014172">
        <ele>244.73328000000856</ele>
      </trkpt>
      <trkpt lat="46.6737161" lon="3.1014586">
        <ele>244.37796000000026</ele>
      </trkpt>
      <trkpt lat="46.6736205" lon="3.1015417">
        <ele>244.03379999999424</ele>
      </trkpt>
      <trkpt lat="46.6735599" lon="3.1016757">
        <ele>243.8216353872024</ele>
      </trkpt>
      <trkpt lat="46.6735184" lon="3.1018467">
        <ele>243.88255653119853</ele>
      </trkpt>
      <trkpt lat="46.6734381" lon="3.1025587">
        <ele>243.41152000000585</ele>
      </trkpt>
      <trkpt lat="46.6733903" lon="3.1026881">
        <ele>243.11775999999588</ele>
      </trkpt>
      <trkpt lat="46.6733265" lon="3.1028267">
        <ele>243.17178744800128</ele>
      </trkpt>
      <trkpt lat="46.6732436" lon="3.1029422">
        <ele>243.40070616319903</ele>
      </trkpt>
      <trkpt lat="46.6730748" lon="3.1031037">
        <ele>243.06928000000698</ele>
      </trkpt>
      <trkpt lat="46.6719249" lon="3.1039894">
        <ele>240.6533200000025</ele>
      </trkpt>
      <trkpt lat="46.6718166" lon="3.1040909">
        <ele>240.99423999999942</ele>
      </trkpt>
      <trkpt lat="46.671654" lon="3.1042987">
        <ele>241.76823999995258</ele>
      </trkpt>
      <trkpt lat="46.6708956" lon="3.1052314">
        <ele>235.3385600000163</ele>
      </trkpt>
      <trkpt lat="46.6706981" lon="3.1054298">
        <ele>234.8544422048255</ele>
      </trkpt>
      <trkpt lat="46.669943" lon="3.1061451">
        <ele>226.56449172802633</ele>
      </trkpt>
      <trkpt lat="46.6691274" lon="3.1069065">
        <ele>220.87794977600228</ele>
      </trkpt>
      <trkpt lat="46.6684966" lon="3.1075249">
        <ele>220.91412000001856</ele>
      </trkpt>
      <trkpt lat="46.6683182" lon="3.1076771">
        <ele>222.65730573119822</ele>
      </trkpt>
      <trkpt lat="46.6680857" lon="3.1078247">
        <ele>223.0</ele>
      </trkpt>
      <trkpt lat="46.6674328" lon="3.108184">
        <ele>225.24191999999903</ele>
      </trkpt>
      <trkpt lat="46.6668976" lon="3.1086038">
        <ele>227.17307860480497</ele>
      </trkpt>
      <trkpt lat="46.666286" lon="3.1090649">
        <ele>228.73676000000194</ele>
      </trkpt>
      <trkpt lat="46.6659038" lon="3.1093">
        <ele>230.75895999997402</ele>
      </trkpt>
      <trkpt lat="46.6656554" lon="3.1094844">
        <ele>231.4450181504064</ele>
      </trkpt>
      <trkpt lat="46.6655057" lon="3.1096043">
        <ele>231.60400000001073</ele>
      </trkpt>
      <trkpt lat="46.6654164" lon="3.109729">
        <ele>231.46438342400626</ele>
      </trkpt>
      <trkpt lat="46.6653303" lon="3.1098814">
        <ele>231.12952959679595</ele>
      </trkpt>
      <trkpt lat="46.6652805" lon="3.109981">
        <ele>231.0494703199902</ele>
      </trkpt>
      <trkpt lat="46.6652553" lon="3.1100872">
        <ele>230.68607999999944</ele>
      </trkpt>
      <trkpt lat="46.6652067" lon="3.1102923">
        <ele>229.9088174064015</ele>
      </trkpt>
      <trkpt lat="46.6647852" lon="3.1116462">
        <ele>228.77328000001035</ele>
      </trkpt>
      <trkpt lat="46.6646876" lon="3.1119289">
        <ele>229.12463999999773</ele>
      </trkpt>
      <trkpt lat="46.6646831" lon="3.1119419">
        <ele>229.1408400000082</ele>
      </trkpt>
      <trkpt lat="46.6645714" lon="3.1122283">
        <ele>228.54296000000068</ele>
      </trkpt>
      <trkpt lat="46.6643258" lon="3.1127041">
        <ele>229.43331069119662</ele>
      </trkpt>
      <trkpt lat="46.6642852" lon="3.112851">
        <ele>229.71983999997974</ele>
      </trkpt>
      <trkpt lat="46.6641246" lon="3.1134313">
        <ele>231.6021501407935</ele>
      </trkpt>
      <trkpt lat="46.6640384" lon="3.1136421">
        <ele>232.4617599999906</ele>
      </trkpt>
      <trkpt lat="46.6639722" lon="3.1137725">
        <ele>232.7000799999878</ele>
      </trkpt>
      <trkpt lat="46.6638631" lon="3.1139376">
        <ele>233.07655957759874</ele>
      </trkpt>
      <trkpt lat="46.6636832" lon="3.1141695">
        <ele>233.0</ele>
      </trkpt>
      <trkpt lat="46.6634551" lon="3.1144407">
        <ele>232.44593090720088</ele>
      </trkpt>
      <trkpt lat="46.6633914" lon="3.1145238">
        <ele>232.14932145280454</ele>
      </trkpt>
      <trkpt lat="46.6633084" lon="3.1147179">
        <ele>232.0</ele>
      </trkpt>
      <trkpt lat="46.6630659" lon="3.1153277">
        <ele>230.82028000000025</ele>
      </trkpt>
      <trkpt lat="46.6629893" lon="3.1154847">
        <ele>230.01655999999792</ele>
      </trkpt>
      <trkpt lat="46.6629065" lon="3.1155909">
        <ele>229.46339999999373</ele>
      </trkpt>
      <trkpt lat="46.6623641" lon="3.1163309">
        <ele>227.4086262575901</ele>
      </trkpt>
      <trkpt lat="46.6622766" lon="3.116476">
        <ele>226.8821599999941</ele>
      </trkpt>
      <trkpt lat="46.6612135" lon="3.1171897">
        <ele>220.95684431199896</ele>
      </trkpt>
      <trkpt lat="46.6610761" lon="3.1172973">
        <ele>220.6036800000084</ele>
      </trkpt>
      <trkpt lat="46.6610107" lon="3.1173887">
        <ele>220.03919999999528</ele>
      </trkpt>
      <trkpt lat="46.6609678" lon="3.1175456">
        <ele>219.4840800000061</ele>
      </trkpt>
      <trkpt lat="46.6609019" lon="3.1181797">
        <ele>218.24683999999615</ele>
      </trkpt>
      <trkpt lat="46.6608724" lon="3.118343">
        <ele>218.14553427200894</ele>
      </trkpt>
      <trkpt lat="46.6608183" lon="3.1184508">
        <ele>217.9458800000093</ele>
      </trkpt>
      <trkpt lat="46.6607079" lon="3.118565">
        <ele>217.54843999999457</ele>
      </trkpt>
      <trkpt lat="46.6604264" lon="3.1186657">
        <ele>218.39488000001438</ele>
      </trkpt>
      <trkpt lat="46.6602913" lon="3.1187341">
        <ele>219.85396000003038</ele>
      </trkpt>
      <trkpt lat="46.6601787" lon="3.1188483">
        <ele>221.01792191836822</ele>
      </trkpt>
      <trkpt lat="46.6598743" lon="3.1193641">
        <ele>223.06339311520932</ele>
      </trkpt>
      <trkpt lat="46.6595925" lon="3.1197951">
        <ele>222.47527999999886</ele>
      </trkpt>
      <trkpt lat="46.6594122" lon="3.1199973">
        <ele>221.25047170241072</ele>
      </trkpt>
      <trkpt lat="46.6592726" lon="3.1200853">
        <ele>221.81309197118904</ele>
      </trkpt>
      <trkpt lat="46.6586174" lon="3.1202539">
        <ele>226.063320000011</ele>
      </trkpt>
      <trkpt lat="46.658471" lon="3.1203058">
        <ele>225.95000387200025</ele>
      </trkpt>
      <trkpt lat="46.6581617" lon="3.1204391">
        <ele>225.0232800112046</ele>
      </trkpt>
      <trkpt lat="46.657982" lon="3.1205206">
        <ele>223.59623999997882</ele>
      </trkpt>
      <trkpt lat="46.6579555" lon="3.1205165">
        <ele>223.42020000000014</ele>
      </trkpt>
      <trkpt lat="46.6578605" lon="3.1214769">
        <ele>221.02153009598484</ele>
      </trkpt>
      <trkpt lat="46.6577999" lon="3.1217227">
        <ele>220.8939849808026</ele>
      </trkpt>
      <trkpt lat="46.6578316" lon="3.1217479">
        <ele>220.95798317440747</ele>
      </trkpt>
      <trkpt lat="46.6579203" lon="3.1218254">
        <ele>221.2348344352037</ele>
      </trkpt>
      <trkpt lat="46.6579726" lon="3.1218688">
        <ele>221.48404564480464</ele>
      </trkpt>
      <trkpt lat="46.6581639" lon="3.1219542">
        <ele>221.55341820480754</ele>
      </trkpt>
      <trkpt lat="46.6581923" lon="3.1219669">
        <ele>221.38583591519026</ele>
      </trkpt>
      <trkpt lat="46.6582766" lon="3.1219896">
        <ele>221.008478745598</ele>
      </trkpt>
      <trkpt lat="46.6584171" lon="3.1220226">
        <ele>220.41707999999483</ele>
      </trkpt>
      <trkpt lat="46.6584219" lon="3.1220624">
        <ele>220.2565199999986</ele>
      </trkpt>
      <trkpt lat="46.6584449" lon="3.1222548">
        <ele>219.59836000000269</ele>
      </trkpt>
      <trkpt lat="46.6584789" lon="3.1223848">
        <ele>219.47596000000476</ele>
      </trkpt>
      <trkpt lat="46.658558" lon="3.122537">
        <ele>219.19120000000248</ele>
      </trkpt>
      <trkpt lat="46.6587568" lon="3.1227074">
        <ele>218.08392225280645</ele>
      </trkpt>
      <trkpt lat="46.6588086" lon="3.1227897">
        <ele>217.50464559679884</ele>
      </trkpt>
      <trkpt lat="46.6599259" lon="3.1264358">
        <ele>203.73323999999093</ele>
      </trkpt>
      <trkpt lat="46.6601369" lon="3.1269913">
        <ele>205.4928399999917</ele>
      </trkpt>
      <trkpt lat="46.6605073" lon="3.1276926">
        <ele>205.38629049919527</ele>
      </trkpt>
      <trkpt lat="46.6609967" lon="3.1284135">
        <ele>204.05737143198596</ele>
      </trkpt>
      <trkpt lat="46.66124" lon="3.1287208">
        <ele>205.53311999999545</ele>
      </trkpt>
      <trkpt lat="46.6614507" lon="3.1288528">
        <ele>206.3813497984117</ele>
      </trkpt>
      <trkpt lat="46.6615104" lon="3.1288902">
        <ele>206.4279999999917</ele>
      </trkpt>
      <trkpt lat="46.6616901" lon="3.1289691">
        <ele>206.6512002064123</ele>
      </trkpt>
      <trkpt lat="46.6623784" lon="3.1293025">
        <ele>210.29296000001932</ele>
      </trkpt>
      <trkpt lat="46.6626223" lon="3.1294206">
        <ele>213.42532000006236</ele>
      </trkpt>
      <trkpt lat="46.6636551" lon="3.1301383">
        <ele>224.03748427679298</ele>
      </trkpt>
      <trkpt lat="46.6640391" lon="3.1304547">
        <ele>227.86362085912938</ele>
      </trkpt>
      <trkpt lat="46.664333" lon="3.1307981">
        <ele>225.23300000000052</ele>
      </trkpt>
      <trkpt lat="46.6645395" lon="3.1312341">
        <ele>221.44410494395115</ele>
      </trkpt>
      <trkpt lat="46.665093" lon="3.1334838">
        <ele>235.21567999998013</ele>
      </trkpt>
      <trkpt lat="46.6652784" lon="3.1340085">
        <ele>238.43859545597888</ele>
      </trkpt>
      <trkpt lat="46.6667665" lon="3.13637">
        <ele>242.64059999999517</ele>
      </trkpt>
      <trkpt lat="46.6668301" lon="3.1365051">
        <ele>242.23942628960316</ele>
      </trkpt>
      <trkpt lat="46.6668408" lon="3.1366296">
        <ele>242.04978913279868</ele>
      </trkpt>
      <trkpt lat="46.6668433" lon="3.1366594">
        <ele>242.00952537920023</ele>
      </trkpt>
      <trkpt lat="46.6668116" lon="3.1368061">
        <ele>242.0</ele>
      </trkpt>
      <trkpt lat="46.6657841" lon="3.1399355">
        <ele>245.23608000003549</ele>
      </trkpt>
      <trkpt lat="46.6655988" lon="3.1403136">
        <ele>246.43367649279017</ele>
      </trkpt>
      <trkpt lat="46.6654002" lon="3.140522">
        <ele>247.69083897599856</ele>
      </trkpt>
      <trkpt lat="46.6644018" lon="3.140931">
        <ele>247.4957023680024</ele>
      </trkpt>
      <trkpt lat="46.6642253" lon="3.1411164">
        <ele>247.4602399999876</ele>
      </trkpt>
      <trkpt lat="46.6641079" lon="3.1412397">
        <ele>247.7142799999906</ele>
      </trkpt>
      <trkpt lat="46.6639437" lon="3.1415368">
        <ele>249.15721104639485</ele>
      </trkpt>
      <trkpt lat="46.663859" lon="3.1420423">
        <ele>251.0</ele>
      </trkpt>
      <trkpt lat="46.6638457" lon="3.1425864">
        <ele>250.58184049920794</ele>
      </trkpt>
      <trkpt lat="46.6638669" lon="3.1431343">
        <ele>247.81812027679035</ele>
      </trkpt>
      <trkpt lat="46.663814" lon="3.1435665">
        <ele>246.47349775999146</ele>
      </trkpt>
      <trkpt lat="46.663091" lon="3.147537">
        <ele>238.26080000000456</ele>
      </trkpt>
      <trkpt lat="46.6618437" lon="3.1543206">
        <ele>253.0785372512078</ele>
      </trkpt>
      <trkpt lat="46.6618176" lon="3.154596">
        <ele>253.45664000000306</ele>
      </trkpt>
      <trkpt lat="46.6618093" lon="3.1546833">
        <ele>253.48651999999402</ele>
      </trkpt>
      <trkpt lat="46.6618278" lon="3.1550344">
        <ele>253.83984000001783</ele>
      </trkpt>
      <trkpt lat="46.6617537" lon="3.1554705">
        <ele>253.67956000001197</ele>
      </trkpt>
      <trkpt lat="46.6613273" lon="3.1575194">
        <ele>257.37359999997466</ele>
      </trkpt>
      <trkpt lat="46.6609857" lon="3.1587735">
        <ele>253.0</ele>
      </trkpt>
      <trkpt lat="46.6607448" lon="3.1596556">
        <ele>256.0788799999872</ele>
      </trkpt>
      <trkpt lat="46.6606096" lon="3.1606179">
        <ele>257.6108799999947</ele>
      </trkpt>
      <trkpt lat="46.660607" lon="3.1608803">
        <ele>257.73605276801004</ele>
      </trkpt>
      <trkpt lat="46.6601809" lon="3.1613012">
        <ele>262.0198800000012</ele>
      </trkpt>
      <trkpt lat="46.6600373" lon="3.1616188">
        <ele>262.0231391295995</ele>
      </trkpt>
      <trkpt lat="46.6599332" lon="3.1620446">
        <ele>260.2451874687854</ele>
      </trkpt>
      <trkpt lat="46.659886" lon="3.1625283">
        <ele>258.6496684480007</ele>
      </trkpt>
      <trkpt lat="46.6598599" lon="3.1626758">
        <ele>258.8093206432049</ele>
      </trkpt>
      <trkpt lat="46.6598177" lon="3.1627741">
        <ele>258.68288914718437</ele>
      </trkpt>
      <trkpt lat="46.6595956" lon="3.1629257">
        <ele>258.07668000001104</ele>
      </trkpt>
      <trkpt lat="46.6593791" lon="3.1631182">
        <ele>258.6332286751932</ele>
      </trkpt>
      <trkpt lat="46.6592863" lon="3.1633067">
        <ele>259.8628264016014</ele>
      </trkpt>
      <trkpt lat="46.6592103" lon="3.1635402">
        <ele>260.7447199999997</ele>
      </trkpt>
      <trkpt lat="46.6590388" lon="3.1643145">
        <ele>258.7921423039868</ele>
      </trkpt>
      <trkpt lat="46.6589657" lon="3.1645603">
        <ele>258.39185096161617</ele>
      </trkpt>
      <trkpt lat="46.6586199" lon="3.1653674">
        <ele>259.0316399999924</ele>
      </trkpt>
      <trkpt lat="46.6582318" lon="3.1661048">
        <ele>259.0</ele>
      </trkpt>
      <trkpt lat="46.6580519" lon="3.1665595">
        <ele>258.9868399999882</ele>
      </trkpt>
      <trkpt lat="46.6578972" lon="3.1668668">
        <ele>258.42992000000277</ele>
      </trkpt>
      <trkpt lat="46.6578016" lon="3.1669651">
        <ele>258.01139999999646</ele>
      </trkpt>
      <trkpt lat="46.6576751" lon="3.1674813">
        <ele>257.0</ele>
      </trkpt>
      <trkpt lat="46.6576835" lon="3.1676698">
        <ele>257.40381156799447</ele>
      </trkpt>
      <trkpt lat="46.6578354" lon="3.1683417">
        <ele>259.2313119072117</ele>
      </trkpt>
      <trkpt lat="46.6574895" lon="3.1688333">
        <ele>260.8074445360029</ele>
      </trkpt>
      <trkpt lat="46.6571183" lon="3.1694519">
        <ele>262.62588000000187</ele>
      </trkpt>
      <trkpt lat="46.6569637" lon="3.1698452">
        <ele>262.0386306495972</ele>
      </trkpt>
      <trkpt lat="46.6566881" lon="3.1702508">
        <ele>262.0</ele>
      </trkpt>
      <trkpt lat="46.6563507" lon="3.1706031">
        <ele>262.0</ele>
      </trkpt>
      <trkpt lat="46.6561314" lon="3.1707547">
        <ele>262.0</ele>
      </trkpt>
      <trkpt lat="46.6556786" lon="3.171361">
        <ele>263.50111318399496</ele>
      </trkpt>
      <trkpt lat="46.6553271" lon="3.1715658">
        <ele>264.5237955871986</ele>
      </trkpt>
      <trkpt lat="46.6550909" lon="3.1717297">
        <ele>265.67276000000857</ele>
      </trkpt>
      <trkpt lat="46.6548913" lon="3.1719018">
        <ele>266.3913199999902</ele>
      </trkpt>
      <trkpt lat="46.6547366" lon="3.1719919">
        <ele>266.9570826784009</ele>
      </trkpt>
      <trkpt lat="46.6545398" lon="3.1720329">
        <ele>267.6567199999927</ele>
      </trkpt>
      <trkpt lat="46.6543401" lon="3.1720083">
        <ele>267.62435999999616</ele>
      </trkpt>
      <trkpt lat="46.654073" lon="3.1720493">
        <ele>266.66279999998824</ele>
      </trkpt>
      <trkpt lat="46.6535555" lon="3.171996">
        <ele>264.3712000000003</ele>
      </trkpt>
      <trkpt lat="46.6533756" lon="3.1720697">
        <ele>264.9018400000016</ele>
      </trkpt>
      <trkpt lat="46.6528132" lon="3.1721189">
        <ele>266.50052000001074</ele>
      </trkpt>
      <trkpt lat="46.6526191" lon="3.1721804">
        <ele>267.3346741055909</ele>
      </trkpt>
      <trkpt lat="46.6523435" lon="3.1723237">
        <ele>268.0077412880025</ele>
      </trkpt>
      <trkpt lat="46.6519892" lon="3.1725491">
        <ele>268.33788000000936</ele>
      </trkpt>
      <trkpt lat="46.6517277" lon="3.1726023">
        <ele>267.3006384816106</ele>
      </trkpt>
      <trkpt lat="46.6514521" lon="3.1727129">
        <ele>266.04714891360106</ele>
      </trkpt>
      <trkpt lat="46.6508784" lon="3.1727949">
        <ele>265.9610399999874</ele>
      </trkpt>
      <trkpt lat="46.6506928" lon="3.1728645">
        <ele>266.3085035520044</ele>
      </trkpt>
      <trkpt lat="46.65038" lon="3.17285">
        <ele>264.73599999998805</ele>
      </trkpt>
      <trkpt lat="46.6499704" lon="3.172784">
        <ele>263.682706944009</ele>
      </trkpt>
      <trkpt lat="46.6496698" lon="3.1727355">
        <ele>260.499083183987</ele>
      </trkpt>
      <trkpt lat="46.6491889" lon="3.1725225">
        <ele>259.8454432400046</ele>
      </trkpt>
      <trkpt lat="46.6486714" lon="3.1724078">
        <ele>259.43407999998453</ele>
      </trkpt>
      <trkpt lat="46.6484914" lon="3.1724488">
        <ele>257.786554547175</ele>
      </trkpt>
      <trkpt lat="46.6482552" lon="3.172457">
        <ele>256.11125785600046</ele>
      </trkpt>
      <trkpt lat="46.648033" lon="3.1725102">
        <ele>255.88506166399318</ele>
      </trkpt>
      <trkpt lat="46.6477546" lon="3.1726249">
        <ele>255.03751796160185</ele>
      </trkpt>
      <trkpt lat="46.6473271" lon="3.1726659">
        <ele>255.8479339344028</ele>
      </trkpt>
      <trkpt lat="46.6470374" lon="3.1727724">
        <ele>256.6524786303927</ele>
      </trkpt>
      <trkpt lat="46.6464131" lon="3.1727069">
        <ele>255.76707974559724</ele>
      </trkpt>
      <trkpt lat="46.6461965" lon="3.172629">
        <ele>254.45015656001104</ele>
      </trkpt>
      <trkpt lat="46.6459518" lon="3.1725184">
        <ele>253.9620100351998</ele>
      </trkpt>
      <trkpt lat="46.6454034" lon="3.1724774">
        <ele>255.51096575360287</ele>
      </trkpt>
      <trkpt lat="46.6449975" lon="3.1723851">
        <ele>257.6096372399791</ele>
      </trkpt>
      <trkpt lat="46.6448364" lon="3.1723209">
        <ele>258.742382150377</ele>
      </trkpt>
      <trkpt lat="46.6446665" lon="3.1719556">
        <ele>257.4815200000028</ele>
      </trkpt>
      <trkpt lat="46.6431238" lon="3.1719989">
        <ele>261.7359968928037</ele>
      </trkpt>
      <trkpt lat="46.6421681" lon="3.1715531">
        <ele>262.24945838559984</ele>
      </trkpt>
      <trkpt lat="46.6407064" lon="3.1711664">
        <ele>259.2482466815981</ele>
      </trkpt>
      <trkpt lat="46.6401504" lon="3.1710754">
        <ele>259.8481675263432</ele>
      </trkpt>
      <trkpt lat="46.6392853" lon="3.1701429">
        <ele>262.9223600000496</ele>
      </trkpt>
      <trkpt lat="46.6382219" lon="3.1689226">
        <ele>261.71655522240854</ele>
      </trkpt>
      <trkpt lat="46.6381048" lon="3.1691017">
        <ele>263.49077775360036</ele>
      </trkpt>
      <trkpt lat="46.6378983" lon="3.169094">
        <ele>263.8948230079896</ele>
      </trkpt>
      <trkpt lat="46.6378538" lon="3.1691453">
        <ele>264.51661146559127</ele>
      </trkpt>
      <trkpt lat="46.6377917" lon="3.1691219">
        <ele>264.474477339196</ele>
      </trkpt>
      <trkpt lat="46.6377219" lon="3.1691476">
        <ele>264.7940800000008</ele>
      </trkpt>
      <trkpt lat="46.637633" lon="3.1692079">
        <ele>265.2258069279994</ele>
      </trkpt>
      <trkpt lat="46.637482" lon="3.1692257">
        <ele>265.374011295997</ele>
      </trkpt>
      <trkpt lat="46.6373294" lon="3.1692436">
        <ele>265.1098577535982</ele>
      </trkpt>
      <trkpt lat="46.6370102" lon="3.1693794">
        <ele>265.7129696447963</ele>
      </trkpt>
      <trkpt lat="46.6368626" lon="3.1693697">
        <ele>265.00863653760183</ele>
      </trkpt>
      <trkpt lat="46.636786" lon="3.1694698">
        <ele>265.7034400000016</ele>
      </trkpt>
      <trkpt lat="46.6361647" lon="3.1695098">
        <ele>264.74819999999545</ele>
      </trkpt>
      <trkpt lat="46.6355754" lon="3.1694128">
        <ele>266.29565844479595</ele>
      </trkpt>
      <trkpt lat="46.6353434" lon="3.1695063">
        <ele>268.4318000000138</ele>
      </trkpt>
      <trkpt lat="46.6351549" lon="3.1693524">
        <ele>266.37878040961056</ele>
      </trkpt>
      <trkpt lat="46.6345418" lon="3.169271">
        <ele>262.4772800000052</ele>
      </trkpt>
      <trkpt lat="46.6338064" lon="3.1693947">
        <ele>265.87760000001526</ele>
      </trkpt>
      <trkpt lat="46.6329571" lon="3.1692981">
        <ele>260.67594633918765</ele>
      </trkpt>
      <trkpt lat="46.632391" lon="3.1694959">
        <ele>263.45307182400865</ele>
      </trkpt>
      <trkpt lat="46.6321745" lon="3.1694452">
        <ele>264.1799600000097</ele>
      </trkpt>
      <trkpt lat="46.6318678" lon="3.1693232">
        <ele>262.5066271232083</ele>
      </trkpt>
      <trkpt lat="46.6318124" lon="3.1693514">
        <ele>262.69293317120594</ele>
      </trkpt>
      <trkpt lat="46.6317313" lon="3.1695785">
        <ele>265.2834686319929</ele>
      </trkpt>
      <trkpt lat="46.6316423" lon="3.1706914">
        <ele>270.6042985888472</ele>
      </trkpt>
      <trkpt lat="46.6308396" lon="3.1722256">
        <ele>270.0466056704055</ele>
      </trkpt>
      <trkpt lat="46.6306323" lon="3.1725212">
        <ele>270.60779431041357</ele>
      </trkpt>
      <trkpt lat="46.6304795" lon="3.1727183">
        <ele>270.1796539439996</ele>
      </trkpt>
      <trkpt lat="46.6303726" lon="3.172963">
        <ele>269.682720000008</ele>
      </trkpt>
      <trkpt lat="46.6294735" lon="3.1751058">
        <ele>268.24904004802727</ele>
      </trkpt>
      <trkpt lat="46.6289976" lon="3.176168">
        <ele>268.09968947197524</ele>
      </trkpt>
      <trkpt lat="46.6288111" lon="3.1765113">
        <ele>269.3252880272018</ele>
      </trkpt>
      <trkpt lat="46.6286893" lon="3.1766316">
        <ele>269.37501403517325</ele>
      </trkpt>
      <trkpt lat="46.6285999" lon="3.1768024">
        <ele>270.24348151035156</ele>
      </trkpt>
      <trkpt lat="46.6284212" lon="3.1769928">
        <ele>268.9937100287686</ele>
      </trkpt>
      <trkpt lat="46.6283843" lon="3.1771196">
        <ele>269.577689702407</ele>
      </trkpt>
      <trkpt lat="46.6280537" lon="3.1772579">
        <ele>267.37281797921474</ele>
      </trkpt>
      <trkpt lat="46.6277599" lon="3.1776272">
        <ele>270.2450400000055</ele>
      </trkpt>
      <trkpt lat="46.6276258" lon="3.1776418">
        <ele>269.4371999999785</ele>
      </trkpt>
      <trkpt lat="46.6274918" lon="3.1777573">
        <ele>269.7176237856117</ele>
      </trkpt>
      <trkpt lat="46.6274449" lon="3.1778988">
        <ele>270.9103200000021</ele>
      </trkpt>
      <trkpt lat="46.6272616" lon="3.1781558">
        <ele>272.3661599999775</ele>
      </trkpt>
      <trkpt lat="46.6271656" lon="3.1781396">
        <ele>271.2344861695774</ele>
      </trkpt>
      <trkpt lat="46.6270952" lon="3.1782957">
        <ele>271.8263922943914</ele>
      </trkpt>
      <trkpt lat="46.6270136" lon="3.1782974">
        <ele>270.70491453437086</ele>
      </trkpt>
      <trkpt lat="46.6259971" lon="3.1790538">
        <ele>268.2038300191984</ele>
      </trkpt>
      <trkpt lat="46.6259289" lon="3.1790391">
        <ele>267.665076929587</ele>
      </trkpt>
      <trkpt lat="46.6258619" lon="3.1790879">
        <ele>267.99776131038277</ele>
      </trkpt>
      <trkpt lat="46.6257312" lon="3.179262">
        <ele>269.0772277759825</ele>
      </trkpt>
      <trkpt lat="46.6255569" lon="3.1794572">
        <ele>270.0966799999969</ele>
      </trkpt>
      <trkpt lat="46.6254039" lon="3.1795011">
        <ele>269.3160000000146</ele>
      </trkpt>
      <trkpt lat="46.6250698" lon="3.179968">
        <ele>271.1569599999914</ele>
      </trkpt>
      <trkpt lat="46.6248107" lon="3.1801274">
        <ele>269.9625539871697</ele>
      </trkpt>
      <trkpt lat="46.6245526" lon="3.1803063">
        <ele>270.21216103040535</ele>
      </trkpt>
      <trkpt lat="46.6244878" lon="3.1802933">
        <ele>269.57411649918436</ele>
      </trkpt>
      <trkpt lat="46.6244431" lon="3.1803958">
        <ele>271.1271835807966</ele>
      </trkpt>
      <trkpt lat="46.6242699" lon="3.180521">
        <ele>273.4561679840016</ele>
      </trkpt>
      <trkpt lat="46.6240018" lon="3.1806072">
        <ele>274.5577599999983</ele>
      </trkpt>
      <trkpt lat="46.6237147" lon="3.1806772">
        <ele>273.784989126405</ele>
      </trkpt>
      <trkpt lat="46.6234298" lon="3.1805975">
        <ele>270.99655999997753</ele>
      </trkpt>
      <trkpt lat="46.6233103" lon="3.1805259">
        <ele>269.60565253920146</ele>
      </trkpt>
      <trkpt lat="46.6232265" lon="3.1805129">
        <ele>269.21377917600427</ele>
      </trkpt>
      <trkpt lat="46.6229461" lon="3.1803502">
        <ele>267.5214399999993</ele>
      </trkpt>
      <trkpt lat="46.6227148" lon="3.180347">
        <ele>267.4419013759961</ele>
      </trkpt>
      <trkpt lat="46.622507" lon="3.1803649">
        <ele>267.32154372799795</ele>
      </trkpt>
      <trkpt lat="46.6223629" lon="3.1804722">
        <ele>267.69992000000025</ele>
      </trkpt>
      <trkpt lat="46.6222489" lon="3.180399">
        <ele>267.43639999999994</ele>
      </trkpt>
      <trkpt lat="46.6221573" lon="3.1804787">
        <ele>267.8923743504062</ele>
      </trkpt>
      <trkpt lat="46.6216749" lon="3.1805814">
        <ele>268.0268822944072</ele>
      </trkpt>
      <trkpt lat="46.6216876" lon="3.1806987">
        <ele>268.03652548480227</ele>
      </trkpt>
      <trkpt lat="46.6214063" lon="3.1815113">
        <ele>267.9649418224066</ele>
      </trkpt>
      <trkpt lat="46.6211101" lon="3.1814494">
        <ele>266.9927200000202</ele>
      </trkpt>
      <trkpt lat="46.6204886" lon="3.1813245">
        <ele>262.3327530720153</ele>
      </trkpt>
      <trkpt lat="46.6201374" lon="3.1812759">
        <ele>259.90139999998974</ele>
      </trkpt>
      <trkpt lat="46.619891" lon="3.1812666">
        <ele>259.6598898239951</ele>
      </trkpt>
      <trkpt lat="46.6192775" lon="3.1813175">
        <ele>258.50154300001185</ele>
      </trkpt>
      <trkpt lat="46.6182206" lon="3.1814842">
        <ele>252.86074817920115</ele>
      </trkpt>
      <trkpt lat="46.618095" lon="3.1814842">
        <ele>252.70560303999628</ele>
      </trkpt>
      <trkpt lat="46.6179801" lon="3.1814212">
        <ele>253.155320000011</ele>
      </trkpt>
      <trkpt lat="46.6179436" lon="3.1815819">
        <ele>252.70820000001254</ele>
      </trkpt>
      <trkpt lat="46.6178189" lon="3.1814213">
        <ele>253.73527999998942</ele>
      </trkpt>
      <trkpt lat="46.6176938" lon="3.1811163">
        <ele>254.0</ele>
      </trkpt>
      <trkpt lat="46.6168419" lon="3.1805885">
        <ele>247.2306447519822</ele>
      </trkpt>
      <trkpt lat="46.6164011" lon="3.1803352">
        <ele>244.32042517757534</ele>
      </trkpt>
      <trkpt lat="46.6148907" lon="3.1796725">
        <ele>241.31895291999055</ele>
      </trkpt>
      <trkpt lat="46.6142075" lon="3.1790373">
        <ele>243.30874084000516</ele>
      </trkpt>
      <trkpt lat="46.614244" lon="3.1788013">
        <ele>242.40628000000243</ele>
      </trkpt>
      <trkpt lat="46.6142808" lon="3.1784901">
        <ele>241.58911999998872</ele>
      </trkpt>
      <trkpt lat="46.6143531" lon="3.1781168">
        <ele>241.07250264319822</ele>
      </trkpt>
      <trkpt lat="46.6143899" lon="3.1776447">
        <ele>241.2222721487949</ele>
      </trkpt>
      <trkpt lat="46.614471" lon="3.1773228">
        <ele>240.4230651520034</ele>
      </trkpt>
      <trkpt lat="46.6145461" lon="3.1769559">
        <ele>240.01509219039954</ele>
      </trkpt>
      <trkpt lat="46.6145815" lon="3.1763787">
        <ele>237.9633199999996</ele>
      </trkpt>
      <trkpt lat="46.6146493" lon="3.1758723">
        <ele>237.0</ele>
      </trkpt>
      <trkpt lat="46.6146773" lon="3.1755097">
        <ele>238.16507999999965</ele>
      </trkpt>
      <trkpt lat="46.6146714" lon="3.1749174">
        <ele>239.8170399999958</ele>
      </trkpt>
      <trkpt lat="46.614657" lon="3.1746599">
        <ele>239.76520000000392</ele>
      </trkpt>
      <trkpt lat="46.614552" lon="3.1744046">
        <ele>239.4751000320104</ele>
      </trkpt>
      <trkpt lat="46.6144636" lon="3.1740291">
        <ele>240.0</ele>
      </trkpt>
      <trkpt lat="46.6144489" lon="3.1735463">
        <ele>240.01229754719824</ele>
      </trkpt>
      <trkpt lat="46.614436" lon="3.1730264">
        <ele>238.96959999999217</ele>
      </trkpt>
      <trkpt lat="46.6144046" lon="3.172291">
        <ele>238.85656000000108</ele>
      </trkpt>
      <trkpt lat="46.6143567" lon="3.1716397">
        <ele>239.0</ele>
      </trkpt>
      <trkpt lat="46.6143766" lon="3.1713233">
        <ele>239.17845005119986</ele>
      </trkpt>
      <trkpt lat="46.6143871" lon="3.1710121">
        <ele>239.51070347360414</ele>
      </trkpt>
      <trkpt lat="46.6141261" lon="3.1710658">
        <ele>238.85395999999992</ele>
      </trkpt>
      <trkpt lat="46.6137561" lon="3.171025">
        <ele>237.52196000001186</ele>
      </trkpt>
      <trkpt lat="46.6133154" lon="3.1709263">
        <ele>235.14099999997495</ele>
      </trkpt>
      <trkpt lat="46.6129616" lon="3.170819">
        <ele>230.61289318397792</ele>
      </trkpt>
      <trkpt lat="46.6127612" lon="3.1708212">
        <ele>227.8209600000141</ele>
      </trkpt>
      <trkpt lat="46.6124903" lon="3.1707707">
        <ele>225.0078737616021</ele>
      </trkpt>
      <trkpt lat="46.6122692" lon="3.1707063">
        <ele>225.37997804159986</ele>
      </trkpt>
      <trkpt lat="46.6121053" lon="3.1705959">
        <ele>227.11751999996625</ele>
      </trkpt>
      <trkpt lat="46.6119741" lon="3.1704757">
        <ele>228.93650863522836</ele>
      </trkpt>
      <trkpt lat="46.6119063" lon="3.1703062">
        <ele>230.3236905823876</ele>
      </trkpt>
      <trkpt lat="46.6118473" lon="3.1700272">
        <ele>231.04915999999093</ele>
      </trkpt>
      <trkpt lat="46.6117331" lon="3.1698266">
        <ele>232.4318132383815</ele>
      </trkpt>
      <trkpt lat="46.6116114" lon="3.1697059">
        <ele>233.21065088959597</ele>
      </trkpt>
      <trkpt lat="46.6111766" lon="3.169405">
        <ele>236.56195791999843</ele>
      </trkpt>
      <trkpt lat="46.6108686" lon="3.1692097">
        <ele>236.86474864320147</ele>
      </trkpt>
      <trkpt lat="46.6105207" lon="3.1691238">
        <ele>236.26043592639377</ele>
      </trkpt>
      <trkpt lat="46.610154" lon="3.169089">
        <ele>237.445599999995</ele>
      </trkpt>
      <trkpt lat="46.6099178" lon="3.1690809">
        <ele>238.29592000000684</ele>
      </trkpt>
      <trkpt lat="46.6096525" lon="3.1691131">
        <ele>239.25099999998974</ele>
      </trkpt>
      <trkpt lat="46.6092987" lon="3.1691882">
        <ele>240.52468000001227</ele>
      </trkpt>
      <trkpt lat="46.6086919" lon="3.1693183">
        <ele>243.70916000001216</ele>
      </trkpt>
      <trkpt lat="46.6085915" lon="3.1693277">
        <ele>244.0</ele>
      </trkpt>
      <trkpt lat="46.6085251" lon="3.1693035">
        <ele>244.0</ele>
      </trkpt>
      <trkpt lat="46.6080057" lon="3.1689039">
        <ele>243.83021909919898</ele>
      </trkpt>
      <trkpt lat="46.6068394" lon="3.1682128">
        <ele>243.73017118720256</ele>
      </trkpt>
      <trkpt lat="46.6068776" lon="3.1679707">
        <ele>243.24064000001044</ele>
      </trkpt>
      <trkpt lat="46.6069077" lon="3.1676185">
        <ele>243.13227999999754</ele>
      </trkpt>
      <trkpt lat="46.6068918" lon="3.1672598">
        <ele>243.8903582656</ele>
      </trkpt>
      <trkpt lat="46.606825" lon="3.1666975">
        <ele>244.50673000000185</ele>
      </trkpt>
      <trkpt lat="46.6066113" lon="3.1653155">
        <ele>242.93647999999087</ele>
      </trkpt>
      <trkpt lat="46.606594" lon="3.1651667">
        <ele>242.44312860800227</ele>
      </trkpt>
      <trkpt lat="46.6065761" lon="3.1649582">
        <ele>241.8495200000002</ele>
      </trkpt>
      <trkpt lat="46.6065519" lon="3.1645151">
        <ele>240.69193137759865</ele>
      </trkpt>
      <trkpt lat="46.6064737" lon="3.1625161">
        <ele>243.05795999999975</ele>
      </trkpt>
      <trkpt lat="46.6062193" lon="3.1625369">
        <ele>242.44121852319736</ele>
      </trkpt>
      <trkpt lat="46.6058171" lon="3.1625346">
        <ele>241.11728071360088</ele>
      </trkpt>
      <trkpt lat="46.6057503" lon="3.1625647">
        <ele>241.16329555359712</ele>
      </trkpt>
      <trkpt lat="46.6057042" lon="3.1625994">
        <ele>241.19148734079744</ele>
      </trkpt>
      <trkpt lat="46.6055765" lon="3.1628475">
        <ele>241.3074745999937</ele>
      </trkpt>
      <trkpt lat="46.6054755" lon="3.1630162">
        <ele>241.89915217600128</ele>
      </trkpt>
      <trkpt lat="46.6052986" lon="3.163145">
        <ele>242.32200000000034</ele>
      </trkpt>
      <trkpt lat="46.6050554" lon="3.1632093">
        <ele>242.91094605120378</ele>
      </trkpt>
      <trkpt lat="46.6048822" lon="3.1632737">
        <ele>243.42408000000478</ele>
      </trkpt>
      <trkpt lat="46.6044952" lon="3.1634454">
        <ele>244.74356344318812</ele>
      </trkpt>
      <trkpt lat="46.6042999" lon="3.1635258">
        <ele>245.6801729631959</ele>
      </trkpt>
      <trkpt lat="46.6041266" lon="3.1635741">
        <ele>245.98900000000287</ele>
      </trkpt>
      <trkpt lat="46.6039608" lon="3.1635902">
        <ele>245.33416000001148</ele>
      </trkpt>
      <trkpt lat="46.6038281" lon="3.1636063">
        <ele>244.57964000000788</ele>
      </trkpt>
      <trkpt lat="46.6036696" lon="3.1636868">
        <ele>243.14864000002524</ele>
      </trkpt>
      <trkpt lat="46.603579" lon="3.1637809">
        <ele>242.4594193439929</ele>
      </trkpt>
      <trkpt lat="46.6034227" lon="3.1639016">
        <ele>242.67827999998917</ele>
      </trkpt>
      <trkpt lat="46.6033296" lon="3.1639163">
        <ele>242.98788625920682</ele>
      </trkpt>
      <trkpt lat="46.6030468" lon="3.163896">
        <ele>242.0247930879995</ele>
      </trkpt>
      <trkpt lat="46.6026893" lon="3.1638477">
        <ele>241.58043014560434</ele>
      </trkpt>
      <trkpt lat="46.6023465" lon="3.1638262">
        <ele>241.0</ele>
      </trkpt>
      <trkpt lat="46.6020332" lon="3.1638262">
        <ele>240.31952000000365</ele>
      </trkpt>
      <trkpt lat="46.6018342" lon="3.1638131">
        <ele>240.0</ele>
      </trkpt>
      <trkpt lat="46.6015651" lon="3.1637487">
        <ele>240.3656399999927</ele>
      </trkpt>
      <trkpt lat="46.601226" lon="3.1635851">
        <ele>240.96127049600125</ele>
      </trkpt>
      <trkpt lat="46.6010104" lon="3.1635207">
        <ele>241.24455397120013</ele>
      </trkpt>
      <trkpt lat="46.6009011" lon="3.1634689">
        <ele>241.36897776159688</ele>
      </trkpt>
      <trkpt lat="46.6007487" lon="3.1635636">
        <ele>242.43832000002158</ele>
      </trkpt>
      <trkpt lat="46.6006146" lon="3.1635765">
        <ele>243.45027999999922</ele>
      </trkpt>
      <trkpt lat="46.6006474" lon="3.1637594">
        <ele>243.8725600000016</ele>
      </trkpt>
      <trkpt lat="46.60071" lon="3.1639874">
        <ele>243.88800000000447</ele>
      </trkpt>
      <trkpt lat="46.6007137" lon="3.1641617">
        <ele>243.86135999999988</ele>
      </trkpt>
      <trkpt lat="46.6006564" lon="3.1645355">
        <ele>243.63696000000618</ele>
      </trkpt>
      <trkpt lat="46.6006216" lon="3.1650951">
        <ele>243.76224000001184</ele>
      </trkpt>
      <trkpt lat="46.6005884" lon="3.165358">
        <ele>243.9159077120014</ele>
      </trkpt>
      <trkpt lat="46.6005423" lon="3.165527">
        <ele>244.04281438399758</ele>
      </trkpt>
      <trkpt lat="46.6004778" lon="3.1656879">
        <ele>244.2799199999995</ele>
      </trkpt>
      <trkpt lat="46.6003801" lon="3.1658059">
        <ele>244.63163999999142</ele>
      </trkpt>
      <trkpt lat="46.6001037" lon="3.1659588">
        <ele>245.62668000000622</ele>
      </trkpt>
      <trkpt lat="46.5998549" lon="3.1660929">
        <ele>246.03424592160033</ele>
      </trkpt>
      <trkpt lat="46.5997148" lon="3.1662244">
        <ele>245.5763374848025</ele>
      </trkpt>
      <trkpt lat="46.5996706" lon="3.1663343">
        <ele>245.15999872320236</ele>
      </trkpt>
      <trkpt lat="46.5996632" lon="3.1664926">
        <ele>245.29402846720325</ele>
      </trkpt>
      <trkpt lat="46.5997388" lon="3.1668922">
        <ele>246.75224000000946</ele>
      </trkpt>
      <trkpt lat="46.5998254" lon="3.167493">
        <ele>248.85400057599716</ele>
      </trkpt>
      <trkpt lat="46.5998365" lon="3.1676701">
        <ele>249.37815999997713</ele>
      </trkpt>
      <trkpt lat="46.5999028" lon="3.1678766">
        <ele>249.29873507836845</ele>
      </trkpt>
      <trkpt lat="46.5997959" lon="3.1679758">
        <ele>251.25187141765244</ele>
      </trkpt>
      <trkpt lat="46.5996725" lon="3.1679678">
        <ele>252.91451096003357</ele>
      </trkpt>
      <trkpt lat="46.5993757" lon="3.1678605">
        <ele>254.23143999997092</ele>
      </trkpt>
      <trkpt lat="46.5987455" lon="3.1677264">
        <ele>256.62379999999973</ele>
      </trkpt>
      <trkpt lat="46.5985483" lon="3.1676486">
        <ele>256.900920000012</ele>
      </trkpt>
      <trkpt lat="46.5983898" lon="3.1676272">
        <ele>257.0863200000026</ele>
      </trkpt>
      <trkpt lat="46.5982589" lon="3.1676728">
        <ele>257.77701488639</ele>
      </trkpt>
      <trkpt lat="46.597894" lon="3.1676969">
        <ele>255.55105865596818</ele>
      </trkpt>
      <trkpt lat="46.5973374" lon="3.1679624">
        <ele>252.69022632960443</ele>
      </trkpt>
      <trkpt lat="46.597037" lon="3.1680322">
        <ele>251.33320000000094</ele>
      </trkpt>
      <trkpt lat="46.5965789" lon="3.1683231">
        <ele>249.6840399999901</ele>
      </trkpt>
      <trkpt lat="46.5962119" lon="3.1687851">
        <ele>250.39909153759962</ele>
      </trkpt>
      <trkpt lat="46.5958907" lon="3.1693384">
        <ele>251.0</ele>
      </trkpt>
      <trkpt lat="46.5958473" lon="3.1691815">
        <ele>251.0</ele>
      </trkpt>
      <trkpt lat="46.5956879" lon="3.1688516">
        <ele>250.93604269439925</ele>
      </trkpt>
      <trkpt lat="46.5953469" lon="3.1681877">
        <ele>250.75115999999025</ele>
      </trkpt>
      <trkpt lat="46.5949047" lon="3.1675038">
        <ele>250.00898666559996</ele>
      </trkpt>
      <trkpt lat="46.5943904" lon="3.1668869">
        <ele>249.05290504960436</ele>
      </trkpt>
      <trkpt lat="46.5934522" lon="3.1658971">
        <ele>249.86867331520122</ele>
      </trkpt>
      <trkpt lat="46.593185" lon="3.1655914">
        <ele>249.46599999999398</ele>
      </trkpt>
      <trkpt lat="46.5931131" lon="3.165527">
        <ele>249.2071599999872</ele>
      </trkpt>
      <trkpt lat="46.5930338" lon="3.1655069">
        <ele>249.0</ele>
      </trkpt>
      <trkpt lat="46.5925245" lon="3.1654904">
        <ele>248.0882000000115</ele>
      </trkpt>
      <trkpt lat="46.5924694" lon="3.1654635">
        <ele>247.96349297599858</ele>
      </trkpt>
      <trkpt lat="46.5924127" lon="3.1653687">
        <ele>247.7885901295931</ele>
      </trkpt>
      <trkpt lat="46.5923832" lon="3.1651649">
        <ele>247.81501374720187</ele>
      </trkpt>
      <trkpt lat="46.592295" lon="3.1645879">
        <ele>248.61886728000036</ele>
      </trkpt>
      <trkpt lat="46.5922689" lon="3.1642234">
        <ele>249.0</ele>
      </trkpt>
      <trkpt lat="46.5922652" lon="3.1639069">
        <ele>248.85531204480054</ele>
      </trkpt>
      <trkpt lat="46.5922901" lon="3.1635207">
        <ele>246.92046570720026</ele>
      </trkpt>
      <trkpt lat="46.5923275" lon="3.1632048">
        <ele>245.75895264000414</ele>
      </trkpt>
      <trkpt lat="46.5923592" lon="3.1631049">
        <ele>245.2563664895848</ele>
      </trkpt>
      <trkpt lat="46.5923629" lon="3.1629896">
        <ele>245.0098217727877</ele>
      </trkpt>
      <trkpt lat="46.59235" lon="3.1626865">
        <ele>244.49395600000364</ele>
      </trkpt>
      <trkpt lat="46.5923132" lon="3.1622601">
        <ele>242.7467393727974</ele>
      </trkpt>
      <trkpt lat="46.5922892" lon="3.1619436">
        <ele>240.4829730048241</ele>
      </trkpt>
      <trkpt lat="46.5923113" lon="3.161582">
        <ele>241.0597832639842</ele>
      </trkpt>
      <trkpt lat="46.5923685" lon="3.1612006">
        <ele>242.78423999998813</ele>
      </trkpt>
      <trkpt lat="46.5923666" lon="3.1610745">
        <ele>243.07903999997507</ele>
      </trkpt>
      <trkpt lat="46.5923611" lon="3.1606963">
        <ele>242.75319973277504</ele>
      </trkpt>
      <trkpt lat="46.5923556" lon="3.1605327">
        <ele>242.4404799999743</ele>
      </trkpt>
      <trkpt lat="46.5924109" lon="3.1599963">
        <ele>243.3828799999519</ele>
      </trkpt>
      <trkpt lat="46.5925307" lon="3.1591353">
        <ele>244.22103999998217</ele>
      </trkpt>
      <trkpt lat="46.5925915" lon="3.1584352">
        <ele>242.94204243199428</ele>
      </trkpt>
      <trkpt lat="46.5926892" lon="3.1579632">
        <ele>242.4826775552221</ele>
      </trkpt>
      <trkpt lat="46.5927758" lon="3.1575608">
        <ele>244.75263999997492</ele>
      </trkpt>
      <trkpt lat="46.5928028" lon="3.1570207">
        <ele>245.42995123840737</ele>
      </trkpt>
      <trkpt lat="46.5928932" lon="3.1566496">
        <ele>245.85656954879133</ele>
      </trkpt>
      <trkpt lat="46.5930205" lon="3.1563523">
        <ele>247.6214000000159</ele>
      </trkpt>
      <trkpt lat="46.5932896" lon="3.1556409">
        <ele>248.25122813438665</ele>
      </trkpt>
      <trkpt lat="46.5933939" lon="3.1553894">
        <ele>246.6732571935932</ele>
      </trkpt>
      <trkpt lat="46.5933615" lon="3.1550404">
        <ele>244.95738761599682</ele>
      </trkpt>
      <trkpt lat="46.5932177" lon="3.1544196">
        <ele>238.3153999999904</ele>
      </trkpt>
      <trkpt lat="46.5929829" lon="3.1539402">
        <ele>232.29260000001057</ele>
      </trkpt>
      <trkpt lat="46.5927257" lon="3.1536036">
        <ele>229.13339999998925</ele>
      </trkpt>
      <trkpt lat="46.5922338" lon="3.153503">
        <ele>229.22160000000122</ele>
      </trkpt>
      <trkpt lat="46.5915696" lon="3.1535302">
        <ele>227.11162488319866</ele>
      </trkpt>
      <trkpt lat="46.5899392" lon="3.1539749">
        <ele>223.9770140031834</ele>
      </trkpt>
      <trkpt lat="46.5896193" lon="3.1539908">
        <ele>225.1359363775965</ele>
      </trkpt>
      <trkpt lat="46.5884138" lon="3.1540015">
        <ele>230.11572000000785</ele>
      </trkpt>
      <trkpt lat="46.5882488" lon="3.154027">
        <ele>230.65021209599607</ele>
      </trkpt>
      <trkpt lat="46.5882486" lon="3.1542227">
        <ele>231.0</ele>
      </trkpt>
      <trkpt lat="46.5881965" lon="3.1546308">
        <ele>230.66952451200535</ele>
      </trkpt>
      <trkpt lat="46.5881404" lon="3.1549776">
        <ele>230.02463068160003</ele>
      </trkpt>
      <trkpt lat="46.5881184" lon="3.1550636">
        <ele>230.22896000000026</ele>
      </trkpt>
      <trkpt lat="46.5880523" lon="3.1553216">
        <ele>231.00184894719936</ele>
      </trkpt>
      <trkpt lat="46.5879581" lon="3.1556859">
        <ele>231.98470816159113</ele>
      </trkpt>
      <trkpt lat="46.5877919" lon="3.1561611">
        <ele>235.01829083360846</ele>
      </trkpt>
      <trkpt lat="46.5877498" lon="3.1563534">
        <ele>236.08654798722006</ele>
      </trkpt>
      <trkpt lat="46.5877037" lon="3.1567469">
        <ele>236.53336000000945</ele>
      </trkpt>
      <trkpt lat="46.5875595" lon="3.1571521">
        <ele>238.31916000001672</ele>
      </trkpt>
      <trkpt lat="46.5875334" lon="3.1572833">
        <ele>238.9529616288158</ele>
      </trkpt>
      <trkpt lat="46.5875575" lon="3.1576622">
        <ele>239.4998714399771</ele>
      </trkpt>
      <trkpt lat="46.5875695" lon="3.1578896">
        <ele>239.19776051199617</ele>
      </trkpt>
      <trkpt lat="46.5874262" lon="3.1580359">
        <ele>239.07076000000075</ele>
      </trkpt>
      <trkpt lat="46.5872143" lon="3.1575643">
        <ele>240.76851999999928</ele>
      </trkpt>
      <trkpt lat="46.5869554" lon="3.15727">
        <ele>240.2046563200023</ele>
      </trkpt>
      <trkpt lat="46.5865437" lon="3.1570597">
        <ele>241.2332064288004</ele>
      </trkpt>
      <trkpt lat="46.5865205" lon="3.1570585">
        <ele>241.49388456001304</ele>
      </trkpt>
      <trkpt lat="46.5861393" lon="3.1570096">
        <ele>244.10927685120262</ele>
      </trkpt>
      <trkpt lat="46.5859691" lon="3.1569589">
        <ele>244.56327999999996</ele>
      </trkpt>
      <trkpt lat="46.5858369" lon="3.156896">
        <ele>244.98492070401352</ele>
      </trkpt>
      <trkpt lat="46.5859026" lon="3.1567398">
        <ele>244.5669315008177</ele>
      </trkpt>
      <trkpt lat="46.5855318" lon="3.1563266">
        <ele>244.65621700480645</ele>
      </trkpt>
      <trkpt lat="46.5853966" lon="3.1562744">
        <ele>244.98377443838604</ele>
      </trkpt>
      <trkpt lat="46.585362" lon="3.1562723">
        <ele>245.14982089598175</ele>
      </trkpt>
      <trkpt lat="46.5853099" lon="3.1562651">
        <ele>245.38718619040785</ele>
      </trkpt>
      <trkpt lat="46.585259" lon="3.1562586">
        <ele>245.49925289600168</ele>
      </trkpt>
      <trkpt lat="46.5850873" lon="3.1562367">
        <ele>245.07642772639585</ele>
      </trkpt>
      <trkpt lat="46.5845596" lon="3.1561961">
        <ele>243.6201612223904</ele>
      </trkpt>
      <trkpt lat="46.5843713" lon="3.156212">
        <ele>242.7306421760037</ele>
      </trkpt>
      <trkpt lat="46.5838936" lon="3.1563226">
        <ele>239.80819266563321</ele>
      </trkpt>
      <trkpt lat="46.5837336" lon="3.1563969">
        <ele>239.45367728640804</ele>
      </trkpt>
      <trkpt lat="46.5836047" lon="3.1565282">
        <ele>238.9769200000078</ele>
      </trkpt>
      <trkpt lat="46.5835526" lon="3.1565625">
        <ele>238.7893599999902</ele>
      </trkpt>
      <trkpt lat="46.5834907" lon="3.1565641">
        <ele>238.5665199999953</ele>
      </trkpt>
      <trkpt lat="46.583387" lon="3.1565283">
        <ele>238.19320000000698</ele>
      </trkpt>
      <trkpt lat="46.5832617" lon="3.1564478">
        <ele>237.79681119040387</ele>
      </trkpt>
      <trkpt lat="46.5832011" lon="3.156399">
        <ele>237.5412878559881</ele>
      </trkpt>
      <trkpt lat="46.5831418" lon="3.1563513">
        <ele>237.08185415359867</ele>
      </trkpt>
      <trkpt lat="46.5830497" lon="3.1563861">
        <ele>236.9590516431892</ele>
      </trkpt>
      <trkpt lat="46.5829483" lon="3.1564129">
        <ele>236.73369621279335</ele>
      </trkpt>
      <trkpt lat="46.5826939" lon="3.1563995">
        <ele>236.07640000000015</ele>
      </trkpt>
      <trkpt lat="46.5820954" lon="3.1564669">
        <ele>236.89001968959886</ele>
      </trkpt>
      <trkpt lat="46.5818448" lon="3.1565067">
        <ele>237.72840065280326</ele>
      </trkpt>
      <trkpt lat="46.5813286" lon="3.1566918">
        <ele>240.44920444160192</ele>
      </trkpt>
      <trkpt lat="46.5808603" lon="3.1568205">
        <ele>241.55379999999934</ele>
      </trkpt>
      <trkpt lat="46.5806384" lon="3.1568356">
        <ele>242.30992000000708</ele>
      </trkpt>
      <trkpt lat="46.5803482" lon="3.1567662">
        <ele>243.85127999997724</ele>
      </trkpt>
      <trkpt lat="46.57978" lon="3.1565148">
        <ele>247.15099776000267</ele>
      </trkpt>
      <trkpt lat="46.5795274" lon="3.1564745">
        <ele>248.00955999998678</ele>
      </trkpt>
      <trkpt lat="46.5787015" lon="3.1564718">
        <ele>253.4463253919933</ele>
      </trkpt>
      <trkpt lat="46.5784475" lon="3.1564119">
        <ele>255.17799999997897</ele>
      </trkpt>
      <trkpt lat="46.5781299" lon="3.1561714">
        <ele>255.21703999999943</ele>
      </trkpt>
      <trkpt lat="46.5771535" lon="3.15566">
        <ele>256.4947999999895</ele>
      </trkpt>
      <trkpt lat="46.5768006" lon="3.1556779">
        <ele>258.517840000005</ele>
      </trkpt>
      <trkpt lat="46.5759307" lon="3.1556049">
        <ele>259.1153736271999</ele>
      </trkpt>
      <trkpt lat="46.5756796" lon="3.1557033">
        <ele>259.7909563327984</ele>
      </trkpt>
      <trkpt lat="46.5750809" lon="3.1556799">
        <ele>259.2912400000114</ele>
      </trkpt>
      <trkpt lat="46.5747815" lon="3.1557618">
        <ele>258.0108347680014</ele>
      </trkpt>
      <trkpt lat="46.5745081" lon="3.1560876">
        <ele>257.9347561024014</ele>
      </trkpt>
      <trkpt lat="46.5743786" lon="3.1564136">
        <ele>258.08896000000016</ele>
      </trkpt>
      <trkpt lat="46.5742355" lon="3.1563588">
        <ele>257.83704339200034</ele>
      </trkpt>
      <trkpt lat="46.5739305" lon="3.1563254">
        <ele>256.03680171201984</ele>
      </trkpt>
      <trkpt lat="46.5738525" lon="3.1562412">
        <ele>255.00566992001245</ele>
      </trkpt>
      <trkpt lat="46.5737658" lon="3.1560883">
        <ele>253.09966901435382</ele>
      </trkpt>
      <trkpt lat="46.5735851" lon="3.1559515">
        <ele>249.9572000000453</ele>
      </trkpt>
      <trkpt lat="46.5733959" lon="3.1559104">
        <ele>246.40364000002296</ele>
      </trkpt>
      <trkpt lat="46.5732024" lon="3.1559724">
        <ele>242.67247999999188</ele>
      </trkpt>
      <trkpt lat="46.5729748" lon="3.1561929">
        <ele>239.71671999997147</ele>
      </trkpt>
      <trkpt lat="46.572737" lon="3.1564799">
        <ele>239.18083999998692</ele>
      </trkpt>
      <trkpt lat="46.5724185" lon="3.1567358">
        <ele>239.24887999999953</ele>
      </trkpt>
      <trkpt lat="46.5722059" lon="3.156791">
        <ele>239.44760000000042</ele>
      </trkpt>
      <trkpt lat="46.5717724" lon="3.1567501">
        <ele>240.10575096959835</ele>
      </trkpt>
      <trkpt lat="46.5714215" lon="3.1566356">
        <ele>239.77631999999994</ele>
      </trkpt>
      <trkpt lat="46.5710664" lon="3.1566301">
        <ele>240.05864000000474</ele>
      </trkpt>
      <trkpt lat="46.5705359" lon="3.1567692">
        <ele>243.69359893120557</ele>
      </trkpt>
      <trkpt lat="46.5702957" lon="3.1568205">
        <ele>243.6901888240023</ele>
      </trkpt>
      <trkpt lat="46.5695194" lon="3.1567857">
        <ele>246.1699281632035</ele>
      </trkpt>
      <trkpt lat="46.5690547" lon="3.1568661">
        <ele>247.26756468319567</ele>
      </trkpt>
      <trkpt lat="46.5679709" lon="3.1572797">
        <ele>251.55769906080062</ele>
      </trkpt>
      <trkpt lat="46.567797" lon="3.1573131">
        <ele>251.67695947199937</ele>
      </trkpt>
      <trkpt lat="46.5676035" lon="3.1572272">
        <ele>249.7810399999778</ele>
      </trkpt>
      <trkpt lat="46.5674789" lon="3.1570936">
        <ele>249.07596000000876</ele>
      </trkpt>
      <trkpt lat="46.5673312" lon="3.1568121">
        <ele>249.42076305920952</ele>
      </trkpt>
      <trkpt lat="46.5672623" lon="3.1566355">
        <ele>249.6154282159799</ele>
      </trkpt>
      <trkpt lat="46.5671996" lon="3.1565228">
        <ele>249.60569940478763</ele>
      </trkpt>
      <trkpt lat="46.5669452" lon="3.1563082">
        <ele>250.99456000000555</ele>
      </trkpt>
      <trkpt lat="46.5668456" lon="3.15626">
        <ele>251.7116799999958</ele>
      </trkpt>
      <trkpt lat="46.566734" lon="3.1562291">
        <ele>252.51520000002347</ele>
      </trkpt>
      <trkpt lat="46.5662536" lon="3.1562385">
        <ele>256.25179654398306</ele>
      </trkpt>
      <trkpt lat="46.5658719" lon="3.1561875">
        <ele>257.0</ele>
      </trkpt>
      <trkpt lat="46.5654353" lon="3.1561012">
        <ele>258.4531534144095</ele>
      </trkpt>
      <trkpt lat="46.5652947" lon="3.1561124">
        <ele>258.93907999999055</ele>
      </trkpt>
      <trkpt lat="46.5651177" lon="3.1563163">
        <ele>259.0</ele>
      </trkpt>
      <trkpt lat="46.5642676" lon="3.1578237">
        <ele>260.57656932479676</ele>
      </trkpt>
      <trkpt lat="46.5641002" lon="3.1580717">
        <ele>260.9557869536008</ele>
      </trkpt>
      <trkpt lat="46.5638582" lon="3.1583065">
        <ele>261.1104800000053</ele>
      </trkpt>
      <trkpt lat="46.5634746" lon="3.1586283">
        <ele>263.0304103072005</ele>
      </trkpt>
      <trkpt lat="46.563267" lon="3.1586824">
        <ele>263.25664000000006</ele>
      </trkpt>
      <trkpt lat="46.5631457" lon="3.1588463">
        <ele>263.84668</ele>
      </trkpt>
      <trkpt lat="46.5630652" lon="3.1590034">
        <ele>264.0</ele>
      </trkpt>
      <trkpt lat="46.5629769" lon="3.1592051">
        <ele>264.0</ele>
      </trkpt>
      <trkpt lat="46.5629013" lon="3.1593353">
        <ele>264.0</ele>
      </trkpt>
      <trkpt lat="46.5628211" lon="3.1594497">
        <ele>263.9781292367993</ele>
      </trkpt>
      <trkpt lat="46.5627425" lon="3.1595536">
        <ele>263.6070399999993</ele>
      </trkpt>
      <trkpt lat="46.5626685" lon="3.1596861">
        <ele>263.1300399999998</ele>
      </trkpt>
      <trkpt lat="46.5626359" lon="3.1597954">
        <ele>262.87111461440304</ele>
      </trkpt>
      <trkpt lat="46.5625973" lon="3.1599436">
        <ele>262.72084085119945</ele>
      </trkpt>
      <trkpt lat="46.5625849" lon="3.1600962">
        <ele>262.6943600000095</ele>
      </trkpt>
      <trkpt lat="46.5625849" lon="3.160287">
        <ele>262.7275600000089</ele>
      </trkpt>
      <trkpt lat="46.5625957" lon="3.1605137">
        <ele>263.50479999999027</ele>
      </trkpt>
      <trkpt lat="46.5626374" lon="3.1606709">
        <ele>263.9206000000004</ele>
      </trkpt>
      <trkpt lat="46.5627038" lon="3.1608729">
        <ele>264.40875999999594</ele>
      </trkpt>
      <trkpt lat="46.562747" lon="3.161021">
        <ele>264.7863999999935</ele>
      </trkpt>
      <trkpt lat="46.5628103" lon="3.161259">
        <ele>264.82817339198726</ele>
      </trkpt>
      <trkpt lat="46.5628396" lon="3.1615104">
        <ele>265.1175233536175</ele>
      </trkpt>
      <trkpt lat="46.5628504" lon="3.1617326">
        <ele>265.5391753983869</ele>
      </trkpt>
      <trkpt lat="46.5629029" lon="3.1622624">
        <ele>263.85536000000025</ele>
      </trkpt>
      <trkpt lat="46.5629306" lon="3.1625452">
        <ele>262.9268020352011</ele>
      </trkpt>
      <trkpt lat="46.5629384" lon="3.162745">
        <ele>262.62800768000045</ele>
      </trkpt>
      <trkpt lat="46.5629275" lon="3.1629245">
        <ele>262.5390000000025</ele>
      </trkpt>
      <trkpt lat="46.5629322" lon="3.163057">
        <ele>262.55822921599537</ele>
      </trkpt>
      <trkpt lat="46.5629445" lon="3.1635127">
        <ele>263.6457200000002</ele>
      </trkpt>
      <trkpt lat="46.5629306" lon="3.1636788">
        <ele>264.24368000000004</ele>
      </trkpt>
      <trkpt lat="46.5629059" lon="3.1637932">
        <ele>264.6555200000007</ele>
      </trkpt>
      <trkpt lat="46.562818" lon="3.1639885">
        <ele>265.35859999999957</ele>
      </trkpt>
      <trkpt lat="46.5627254" lon="3.1641906">
        <ele>266.08615999999984</ele>
      </trkpt>
      <trkpt lat="46.5626652" lon="3.1643679">
        <ele>266.7244399999993</ele>
      </trkpt>
      <trkpt lat="46.5625973" lon="3.1645026">
        <ele>267.0</ele>
      </trkpt>
      <trkpt lat="46.5625664" lon="3.1646866">
        <ele>267.0</ele>
      </trkpt>
      <trkpt lat="46.5625386" lon="3.1649717">
        <ele>266.8751972447887</ele>
      </trkpt>
      <trkpt lat="46.5625664" lon="3.1652119">
        <ele>266.7609599999946</ele>
      </trkpt>
      <trkpt lat="46.5626374" lon="3.1654274">
        <ele>266.23315288960026</ele>
      </trkpt>
      <trkpt lat="46.5626528" lon="3.1656855">
        <ele>266.0</ele>
      </trkpt>
      <trkpt lat="46.5626636" lon="3.1659257">
        <ele>266.0</ele>
      </trkpt>
      <trkpt lat="46.5626173" lon="3.1660828">
        <ele>266.0</ele>
      </trkpt>
      <trkpt lat="46.5625386" lon="3.1662534">
        <ele>265.9288191295936</ele>
      </trkpt>
      <trkpt lat="46.5624182" lon="3.1664308">
        <ele>265.89355114239794</ele>
      </trkpt>
      <trkpt lat="46.5622423" lon="3.1666036">
        <ele>265.94413045119654</ele>
      </trkpt>
      <trkpt lat="46.5620478" lon="3.166846">
        <ele>265.1318651520025</ele>
      </trkpt>
      <trkpt lat="46.5618498" lon="3.1670285">
        <ele>264.6974000000007</ele>
      </trkpt>
      <trkpt lat="46.5617391" lon="3.1671356">
        <ele>264.3118400000002</ele>
      </trkpt>
      <trkpt lat="46.5616651" lon="3.1671468">
        <ele>264.2756286272032</ele>
      </trkpt>
      <trkpt lat="46.5615725" lon="3.1671468">
        <ele>264.51847472000856</ele>
      </trkpt>
      <trkpt lat="46.5614629" lon="3.1670952">
        <ele>264.85539768319575</ele>
      </trkpt>
      <trkpt lat="46.5613518" lon="3.1670077">
        <ele>265.1031148256081</ele>
      </trkpt>
      <trkpt lat="46.561148" lon="3.1667585">
        <ele>265.286696319996</ele>
      </trkpt>
      <trkpt lat="46.5609736" lon="3.1666036">
        <ele>265.49504000001093</ele>
      </trkpt>
      <trkpt lat="46.5608254" lon="3.1664308">
        <ele>266.0285600000043</ele>
      </trkpt>
      <trkpt lat="46.560543" lon="3.1660604">
        <ele>267.0</ele>
      </trkpt>
      <trkpt lat="46.5604727" lon="3.1659898">
        <ele>267.0</ele>
      </trkpt>
      <trkpt lat="46.5597872" lon="3.1652319">
        <ele>266.0</ele>
      </trkpt>
      <trkpt lat="46.559418" lon="3.1648726">
        <ele>265.9563374720013</ele>
      </trkpt>
      <trkpt lat="46.5589111" lon="3.1645548">
        <ele>264.07996000001117</ele>
      </trkpt>
      <trkpt lat="46.5586306" lon="3.1642445">
        <ele>263.7394588320003</ele>
      </trkpt>
      <trkpt lat="46.5583873" lon="3.1640377">
        <ele>264.37407968160005</ele>
      </trkpt>
      <trkpt lat="46.5582591" lon="3.1641161">
        <ele>264.40063163039713</ele>
      </trkpt>
      <trkpt lat="46.5581733" lon="3.1641108">
        <ele>264.6613707456001</ele>
      </trkpt>
      <trkpt lat="46.5580903" lon="3.1640585">
        <ele>264.9236261519924</ele>
      </trkpt>
      <trkpt lat="46.5580018" lon="3.1639525">
        <ele>265.1935200000016</ele>
      </trkpt>
      <trkpt lat="46.5575822" lon="3.1631291">
        <ele>268.031159999996</ele>
      </trkpt>
      <trkpt lat="46.5574568" lon="3.1628984">
        <ele>267.211186995185</ele>
      </trkpt>
      <trkpt lat="46.5570971" lon="3.1624894">
        <ele>267.0171887903998</ele>
      </trkpt>
      <trkpt lat="46.5566537" lon="3.1620314">
        <ele>267.6548927071955</ele>
      </trkpt>
      <trkpt lat="46.5561583" lon="3.1614608">
        <ele>267.0</ele>
      </trkpt>
      <trkpt lat="46.5557396" lon="3.1610075">
        <ele>267.41542512000626</ele>
      </trkpt>
      <trkpt lat="46.5551049" lon="3.160017">
        <ele>267.62235999998757</ele>
      </trkpt>
      <trkpt lat="46.5547773" lon="3.1593469">
        <ele>269.8017200000079</ele>
      </trkpt>
      <trkpt lat="46.5541391" lon="3.1598668">
        <ele>268.9524124352008</ele>
      </trkpt>
      <trkpt lat="46.5536454" lon="3.1603144">
        <ele>268.9837256703998</ele>
      </trkpt>
      <trkpt lat="46.553386" lon="3.1610218">
        <ele>270.5498401919917</ele>
      </trkpt>
      <trkpt lat="46.5526899" lon="3.1623115">
        <ele>268.6786000000002</ele>
      </trkpt>
      <trkpt lat="46.5524561" lon="3.1626852">
        <ele>268.0526715711994</ele>
      </trkpt>
      <trkpt lat="46.5512561" lon="3.163733">
        <ele>268.73172395200703</ele>
      </trkpt>
      <trkpt lat="46.5504941" lon="3.1640368">
        <ele>270.3390458751906</ele>
      </trkpt>
      <trkpt lat="46.5497275" lon="3.1641638">
        <ele>274.97067999998853</ele>
      </trkpt>
      <trkpt lat="46.5495432" lon="3.1642468">
        <ele>274.8140804096025</ele>
      </trkpt>
      <trkpt lat="46.5492753" lon="3.1643829">
        <ele>274.0866476847982</ele>
      </trkpt>
      <trkpt lat="46.5491232" lon="3.1644646">
        <ele>273.93879418880056</ele>
      </trkpt>
      <trkpt lat="46.547319" lon="3.165567">
        <ele>280.7775081599854</ele>
      </trkpt>
      <trkpt lat="46.5463069" lon="3.1662033">
        <ele>279.2780754015904</ele>
      </trkpt>
      <trkpt lat="46.5457289" lon="3.1665657">
        <ele>277.6027860591992</ele>
      </trkpt>
      <trkpt lat="46.5450877" lon="3.1669552">
        <ele>276.2912706432117</ele>
      </trkpt>
      <trkpt lat="46.5450374" lon="3.1669652">
        <ele>276.11451939839463</ele>
      </trkpt>
      <trkpt lat="46.5449789" lon="3.1669594">
        <ele>276.0</ele>
      </trkpt>
      <trkpt lat="46.5436614" lon="3.1658944">
        <ele>276.1412401663936</ele>
      </trkpt>
      <trkpt lat="46.5435186" lon="3.1657923">
        <ele>276.43156333120356</ele>
      </trkpt>
      <trkpt lat="46.543301" lon="3.1656852">
        <ele>277.1164000000015</ele>
      </trkpt>
      <trkpt lat="46.5430823" lon="3.1655758">
        <ele>277.9037199999934</ele>
      </trkpt>
      <trkpt lat="46.5428552" lon="3.1654623">
        <ele>279.53613187841074</ele>
      </trkpt>
      <trkpt lat="46.5425989" lon="3.1653687">
        <ele>280.6439599999944</ele>
      </trkpt>
      <trkpt lat="46.5422408" lon="3.1652752">
        <ele>281.9244606463932</ele>
      </trkpt>
      <trkpt lat="46.5420056" lon="3.1652139">
        <ele>281.77003999999965</ele>
      </trkpt>
      <trkpt lat="46.5418675" lon="3.1651884">
        <ele>281.95523999999193</ele>
      </trkpt>
      <trkpt lat="46.5417027" lon="3.16518">
        <ele>282.51827999999284</ele>
      </trkpt>
      <trkpt lat="46.5415481" lon="3.1651901">
        <ele>282.6843599999992</ele>
      </trkpt>
      <trkpt lat="46.5413515" lon="3.1651952">
        <ele>282.6081338879933</ele>
      </trkpt>
      <trkpt lat="46.5411979" lon="3.1651831">
        <ele>282.2059479504007</ele>
      </trkpt>
      <trkpt lat="46.54108" lon="3.1651578">
        <ele>281.8880000000031</ele>
      </trkpt>
      <trkpt lat="46.5409653" lon="3.1651169">
        <ele>281.47508000001244</ele>
      </trkpt>
      <trkpt lat="46.5404916" lon="3.1649194">
        <ele>280.76976000001014</ele>
      </trkpt>
      <trkpt lat="46.5401025" lon="3.164754">
        <ele>280.55881359998995</ele>
      </trkpt>
      <trkpt lat="46.5400634" lon="3.1647479">
        <ele>280.7004185055962</ele>
      </trkpt>
      <trkpt lat="46.5400888" lon="3.1645998">
        <ele>280.68032000000176</ele>
      </trkpt>
      <trkpt lat="46.5401216" lon="3.1644483">
        <ele>280.5622400000034</ele>
      </trkpt>
      <trkpt lat="46.5400877" lon="3.1644313">
        <ele>280.716660129597</ele>
      </trkpt>
      <trkpt lat="46.5400245" lon="3.1643752">
        <ele>281.13909350399496</ele>
      </trkpt>
      <trkpt lat="46.5394999" lon="3.1638211">
        <ele>284.6494401455829</ele>
      </trkpt>
      <trkpt lat="46.5393966" lon="3.16375">
        <ele>285.0</ele>
      </trkpt>
      <trkpt lat="46.5392114" lon="3.1636811">
        <ele>285.0</ele>
      </trkpt>
      <trkpt lat="46.53882" lon="3.1636052">
        <ele>284.7520000000043</ele>
      </trkpt>
      <trkpt lat="46.5386632" lon="3.1635609">
        <ele>284.1875200000072</ele>
      </trkpt>
      <trkpt lat="46.5385303" lon="3.1635636">
        <ele>283.75883895679385</ele>
      </trkpt>
      <trkpt lat="46.5380155" lon="3.1637667">
        <ele>284.5601200000001</ele>
      </trkpt>
      <trkpt lat="46.5375525" lon="3.1639284">
        <ele>284.33123999998884</ele>
      </trkpt>
      <trkpt lat="46.537504" lon="3.1640285">
        <ele>284.5169999999948</ele>
      </trkpt>
      <trkpt lat="46.5373721" lon="3.1643726">
        <ele>284.88091179839915</ele>
      </trkpt>
      <trkpt lat="46.5372278" lon="3.1648162">
        <ele>284.66847346559524</ele>
      </trkpt>
      <trkpt lat="46.5372185" lon="3.1649986">
        <ele>284.00503999999967</ele>
      </trkpt>
      <trkpt lat="46.5372375" lon="3.1653028">
        <ele>284.050045600011</ele>
      </trkpt>
      <trkpt lat="46.5373422" lon="3.1658301">
        <ele>282.5847475488084</ele>
      </trkpt>
      <trkpt lat="46.5373422" lon="3.1659776">
        <ele>282.2730419712037</ele>
      </trkpt>
      <trkpt lat="46.5373223" lon="3.1660422">
        <ele>282.15870173760004</ele>
      </trkpt>
      <trkpt lat="46.5371189" lon="3.1666646">
        <ele>282.62060000000986</ele>
      </trkpt>
      <trkpt lat="46.5369344" lon="3.1673697">
        <ele>282.43291999999917</ele>
      </trkpt>
      <trkpt lat="46.5369362" lon="3.1675172">
        <ele>281.908399999999</ele>
      </trkpt>
      <trkpt lat="46.5371927" lon="3.1683138">
        <ele>281.92967999999985</ele>
      </trkpt>
      <trkpt lat="46.5374584" lon="3.1688476">
        <ele>282.0</ele>
      </trkpt>
      <trkpt lat="46.5378532" lon="3.1694859">
        <ele>281.12228000000187</ele>
      </trkpt>
      <trkpt lat="46.5380184" lon="3.1699124">
        <ele>280.7746625535914</ele>
      </trkpt>
      <trkpt lat="46.5380894" lon="3.1700063">
        <ele>280.9800833312003</ele>
      </trkpt>
      <trkpt lat="46.538213" lon="3.1701699">
        <ele>280.7350375519979</ele>
      </trkpt>
      <trkpt lat="46.5382813" lon="3.1702879">
        <ele>280.81268000000455</ele>
      </trkpt>
      <trkpt lat="46.5383108" lon="3.1704515">
        <ele>280.91887999999244</ele>
      </trkpt>
      <trkpt lat="46.538344" lon="3.1709397">
        <ele>281.02369587200474</ele>
      </trkpt>
      <trkpt lat="46.5383661" lon="3.1715968">
        <ele>279.3694799999905</ele>
      </trkpt>
      <trkpt lat="46.5383993" lon="3.1718543">
        <ele>279.2374800000066</ele>
      </trkpt>
      <trkpt lat="46.5384922" lon="3.1723214">
        <ele>279.7247616832007</ele>
      </trkpt>
      <trkpt lat="46.5386005" lon="3.172895">
        <ele>280.96180000000413</ele>
      </trkpt>
      <trkpt lat="46.5385986" lon="3.1730399">
        <ele>280.95496000000094</ele>
      </trkpt>
      <trkpt lat="46.5385746" lon="3.1731793">
        <ele>280.48163389119344</ele>
      </trkpt>
      <trkpt lat="46.5383938" lon="3.1739867">
        <ele>279.4931505184032</ele>
      </trkpt>
      <trkpt lat="46.5383698" lon="3.1743541">
        <ele>280.0</ele>
      </trkpt>
      <trkpt lat="46.5383862" lon="3.1750574">
        <ele>279.7933599999999</ele>
      </trkpt>
      <trkpt lat="46.5384668" lon="3.1762159">
        <ele>279.480480000007</ele>
      </trkpt>
      <trkpt lat="46.5385174" lon="3.176685">
        <ele>279.6189057600117</ele>
      </trkpt>
      <trkpt lat="46.5386189" lon="3.1772348">
        <ele>279.0</ele>
      </trkpt>
      <trkpt lat="46.5387222" lon="3.1779429">
        <ele>277.4055599999996</ele>
      </trkpt>
      <trkpt lat="46.5383005" lon="3.178151">
        <ele>277.0</ele>
      </trkpt>
      <trkpt lat="46.5380869" lon="3.1782277">
        <ele>277.0</ele>
      </trkpt>
      <trkpt lat="46.5372639" lon="3.1784619">
        <ele>276.0</ele>
      </trkpt>
      <trkpt lat="46.5365338" lon="3.1787455">
        <ele>273.03788000000384</ele>
      </trkpt>
      <trkpt lat="46.5363488" lon="3.17884">
        <ele>272.150599679999</ele>
      </trkpt>
      <trkpt lat="46.5355474" lon="3.1794033">
        <ele>270.8268688031964</ele>
      </trkpt>
      <trkpt lat="46.5354022" lon="3.1795168">
        <ele>270.3312457984</ele>
      </trkpt>
      <trkpt lat="46.5353203" lon="3.179597">
        <ele>270.0690084640036</ele>
      </trkpt>
      <trkpt lat="46.5352514" lon="3.1800271">
        <ele>269.8048799999983</ele>
      </trkpt>
      <trkpt lat="46.535138" lon="3.180669">
        <ele>266.0884000000125</ele>
      </trkpt>
      <trkpt lat="46.5350877" lon="3.1812929">
        <ele>264.420079593586</ele>
      </trkpt>
      <trkpt lat="46.5350302" lon="3.1821913">
        <ele>265.88348000000883</ele>
      </trkpt>
      <trkpt lat="46.5349903" lon="3.1824855">
        <ele>269.62024564794416</ele>
      </trkpt>
      <trkpt lat="46.5349158" lon="3.1827248">
        <ele>268.72970895360356</ele>
      </trkpt>
      <trkpt lat="46.534813" lon="3.1829143">
        <ele>267.30719999999656</ele>
      </trkpt>
      <trkpt lat="46.5346327" lon="3.1831447">
        <ele>265.67636000002267</ele>
      </trkpt>
      <trkpt lat="46.5345284" lon="3.1833225">
        <ele>265.56547999999475</ele>
      </trkpt>
      <trkpt lat="46.5345023" lon="3.1834027">
        <ele>265.96801168159664</ele>
      </trkpt>
      <trkpt lat="46.5344608" lon="3.1835306">
        <ele>266.57989422078106</ele>
      </trkpt>
      <trkpt lat="46.534443" lon="3.18365">
        <ele>267.2592000000459</ele>
      </trkpt>
      <trkpt lat="46.5343973" lon="3.1839562">
        <ele>268.36224655042605</ele>
      </trkpt>
      <trkpt lat="46.5343595" lon="3.1843071">
        <ele>268.5881600000073</ele>
      </trkpt>
      <trkpt lat="46.5343195" lon="3.1845949">
        <ele>269.192240000025</ele>
      </trkpt>
      <trkpt lat="46.5343011" lon="3.1847522">
        <ele>269.50410896320454</ele>
      </trkpt>
      <trkpt lat="46.5342296" lon="3.1853624">
        <ele>268.90624000004755</ele>
      </trkpt>
      <trkpt lat="46.534223" lon="3.1855507">
        <ele>268.8111999999601</ele>
      </trkpt>
      <trkpt lat="46.5342297" lon="3.1857209">
        <ele>268.63753627837303</ele>
      </trkpt>
      <trkpt lat="46.5343527" lon="3.1867705">
        <ele>266.55542133599124</ele>
      </trkpt>
      <trkpt lat="46.5344093" lon="3.1870446">
        <ele>267.413018051201</ele>
      </trkpt>
      <trkpt lat="46.5344627" lon="3.187206">
        <ele>268.13911609599137</ele>
      </trkpt>
      <trkpt lat="46.5347953" lon="3.1881554">
        <ele>268.7892399999889</ele>
      </trkpt>
      <trkpt lat="46.5350537" lon="3.1889812">
        <ele>270.78624410238893</ele>
      </trkpt>
      <trkpt lat="46.5351479" lon="3.1892305">
        <ele>270.1377199999831</ele>
      </trkpt>
      <trkpt lat="46.5352076" lon="3.1893696">
        <ele>269.78095999999664</ele>
      </trkpt>
      <trkpt lat="46.5354994" lon="3.1899091">
        <ele>266.7795599999971</ele>
      </trkpt>
      <trkpt lat="46.5356026" lon="3.1900844">
        <ele>265.64801834236704</ele>
      </trkpt>
      <trkpt lat="46.535765" lon="3.1905348">
        <ele>265.78838111996146</ele>
      </trkpt>
      <trkpt lat="46.5353653" lon="3.190843">
        <ele>261.6063247840161</ele>
      </trkpt>
      <trkpt lat="46.5350807" lon="3.1909347">
        <ele>258.5066400000187</ele>
      </trkpt>
      <trkpt lat="46.5350939" lon="3.1911524">
        <ele>257.8654799999962</ele>
      </trkpt>
      <trkpt lat="46.535059" lon="3.1915708">
        <ele>255.32743999996524</ele>
      </trkpt>
      <trkpt lat="46.5350726" lon="3.1920165">
        <ele>254.26331999999695</ele>
      </trkpt>
      <trkpt lat="46.53509" lon="3.1922586">
        <ele>253.51703999997585</ele>
      </trkpt>
      <trkpt lat="46.5350907" lon="3.1922679">
        <ele>253.4885999999841</ele>
      </trkpt>
      <trkpt lat="46.5350947" lon="3.1923241">
        <ele>253.31508000001384</ele>
      </trkpt>
      <trkpt lat="46.5350987" lon="3.1923797">
        <ele>253.14371999999184</ele>
      </trkpt>
      <trkpt lat="46.5349566" lon="3.1924485">
        <ele>251.87292000000798</ele>
      </trkpt>
      <trkpt lat="46.5348084" lon="3.1925234">
        <ele>250.6204800000205</ele>
      </trkpt>
      <trkpt lat="46.5347806" lon="3.1925494">
        <ele>250.4203199999838</ele>
      </trkpt>
      <trkpt lat="46.5348416" lon="3.1925718">
        <ele>250.85951999999997</ele>
      </trkpt>
      <trkpt lat="46.5349236" lon="3.1926233">
        <ele>251.4499199999932</ele>
      </trkpt>
      <trkpt lat="46.534985" lon="3.1926738">
        <ele>251.89199999999255</ele>
      </trkpt>
      <trkpt lat="46.5350487" lon="3.1927447">
        <ele>252.19619710558914</ele>
      </trkpt>
      <trkpt lat="46.5351029" lon="3.1928297">
        <ele>252.43968264479244</ele>
      </trkpt>
      <trkpt lat="46.5351719" lon="3.19294">
        <ele>252.98024256000977</ele>
      </trkpt>
      <trkpt lat="46.5353026" lon="3.1931488">
        <ele>254.1787200000099</ele>
      </trkpt>
      <trkpt lat="46.5354136" lon="3.1933359">
        <ele>254.96416200958694</ele>
      </trkpt>
      <trkpt lat="46.535639" lon="3.1937327">
        <ele>252.8183310880055</ele>
      </trkpt>
      <trkpt lat="46.5357375" lon="3.1939067">
        <ele>251.59088000001248</ele>
      </trkpt>
      <trkpt lat="46.5357691" lon="3.1939522">
        <ele>251.54084000001126</ele>
      </trkpt>
      <trkpt lat="46.5358061" lon="3.1939812">
        <ele>251.5696400000071</ele>
      </trkpt>
      <trkpt lat="46.535858" lon="3.1939989">
        <ele>251.78155999998194</ele>
      </trkpt>
      <trkpt lat="46.5358928" lon="3.1939973">
        <ele>252.0378799999943</ele>
      </trkpt>
      <trkpt lat="46.5359284" lon="3.1939821">
        <ele>252.34892000002242</ele>
      </trkpt>
      <trkpt lat="46.5360621" lon="3.1939018">
        <ele>253.60064000001728</ele>
      </trkpt>
      <trkpt lat="46.536105" lon="3.1938719">
        <ele>254.01850551999405</ele>
      </trkpt>
      <trkpt lat="46.5361469" lon="3.1938545">
        <ele>254.38147999998955</ele>
      </trkpt>
      <trkpt lat="46.5361312" lon="3.1937952">
        <ele>254.48191999999926</ele>
      </trkpt>
      <trkpt lat="46.5359364" lon="3.1933142">
        <ele>256.4399199999891</ele>
      </trkpt>
      <trkpt lat="46.5358672" lon="3.193155">
        <ele>256.7639199999945</ele>
      </trkpt>
      <trkpt lat="46.5358209" lon="3.1930612">
        <ele>256.93582952319144</ele>
      </trkpt>
      <trkpt lat="46.535789" lon="3.1930132">
        <ele>256.84040000000414</ele>
      </trkpt>
      <trkpt lat="46.5359263" lon="3.1928969">
        <ele>257.52583582879913</ele>
      </trkpt>
      <trkpt lat="46.5368019" lon="3.1923409">
        <ele>270.18167752160343</ele>
      </trkpt>
      <trkpt lat="46.5368862" lon="3.192496">
        <ele>271.35957939197647</ele>
      </trkpt>
      <trkpt lat="46.537143" lon="3.1932184">
        <ele>268.55287564800204</ele>
      </trkpt>
      <trkpt lat="46.5372434" lon="3.1935473">
        <ele>268.16999385280985</ele>
      </trkpt>
      <trkpt lat="46.5373007" lon="3.1937944">
        <ele>267.905200000022</ele>
      </trkpt>
      <trkpt lat="46.5373215" lon="3.1941369">
        <ele>267.14106101597156</ele>
      </trkpt>
      <trkpt lat="46.5376552" lon="3.1941239">
        <ele>270.67616000003477</ele>
      </trkpt>
      <trkpt lat="46.5378919" lon="3.1940725">
        <ele>272.41083999999364</ele>
      </trkpt>
      <trkpt lat="46.5380032" lon="3.1940213">
        <ele>272.81151999999474</ele>
      </trkpt>
      <trkpt lat="46.5381022" lon="3.1939586">
        <ele>273.33583999998064</ele>
      </trkpt>
      <trkpt lat="46.53816" lon="3.1942293">
        <ele>273.89269951998574</ele>
      </trkpt>
      <trkpt lat="46.5381875" lon="3.1943865">
        <ele>274.36548499999674</ele>
      </trkpt>
      <trkpt lat="46.5382024" lon="3.1945129">
        <ele>274.39836195840826</ele>
      </trkpt>
      <trkpt lat="46.5382107" lon="3.1946381">
        <ele>274.1691421968003</ele>
      </trkpt>
      <trkpt lat="46.5382094" lon="3.1948055">
        <ele>273.7001999999993</ele>
      </trkpt>
      <trkpt lat="46.5382471" lon="3.1948375">
        <ele>273.58499999999924</ele>
      </trkpt>
      <trkpt lat="46.5382753" lon="3.1948697">
        <ele>273.4690800000003</ele>
      </trkpt>
      <trkpt lat="46.5382976" lon="3.1949189">
        <ele>273.2919600000008</ele>
      </trkpt>
      <trkpt lat="46.5384182" lon="3.1952834">
        <ele>270.57056000001626</ele>
      </trkpt>
      <trkpt lat="46.538527" lon="3.1956029">
        <ele>269.2239600000146</ele>
      </trkpt>
      <trkpt lat="46.5386288" lon="3.1958675">
        <ele>269.06803999997794</ele>
      </trkpt>
      <trkpt lat="46.5391457" lon="3.1972107">
        <ele>271.8521709103921</ele>
      </trkpt>
      <trkpt lat="46.5393049" lon="3.1976245">
        <ele>271.5491955039909</ele>
      </trkpt>
      <trkpt lat="46.5394109" lon="3.1979432">
        <ele>270.4044799999997</ele>
      </trkpt>
      <trkpt lat="46.5395595" lon="3.1983161">
        <ele>270.02569696800066</ele>
      </trkpt>
      <trkpt lat="46.5396031" lon="3.1984074">
        <ele>269.885654102401</ele>
      </trkpt>
      <trkpt lat="46.5396176" lon="3.1984378">
        <ele>269.8583532287993</ele>
      </trkpt>
      <trkpt lat="46.5397529" lon="3.1987216">
        <ele>270.1104400000122</ele>
      </trkpt>
      <trkpt lat="46.5402221" lon="3.1995009">
        <ele>270.7967600000005</ele>
      </trkpt>
      <trkpt lat="46.5404122" lon="3.1998334">
        <ele>269.5997599999994</ele>
      </trkpt>
      <trkpt lat="46.5404369" lon="3.1999145">
        <ele>269.30779999999925</ele>
      </trkpt>
      <trkpt lat="46.5407446" lon="3.2005127">
        <ele>268.049283203202</ele>
      </trkpt>
      <trkpt lat="46.5408647" lon="3.2006946">
        <ele>268.1129200000007</ele>
      </trkpt>
      <trkpt lat="46.5410038" lon="3.2010143">
        <ele>267.96219999999425</ele>
      </trkpt>
      <trkpt lat="46.5411111" lon="3.2013287">
        <ele>267.9999286672123</ele>
      </trkpt>
      <trkpt lat="46.5414221" lon="3.2023267">
        <ele>267.9550310928022</ele>
      </trkpt>
      <trkpt lat="46.5415812" lon="3.2027659">
        <ele>267.01315639679933</ele>
      </trkpt>
      <trkpt lat="46.5416885" lon="3.203096">
        <ele>267.07859999999755</ele>
      </trkpt>
      <trkpt lat="46.541785" lon="3.2034598">
        <ele>267.6873307199949</ele>
      </trkpt>
      <trkpt lat="46.5419625" lon="3.2044184">
        <ele>265.18142560000257</ele>
      </trkpt>
      <trkpt lat="46.5420106" lon="3.2046523">
        <ele>264.2517200000008</ele>
      </trkpt>
      <trkpt lat="46.5420749" lon="3.204842">
        <ele>264.026182463991</ele>
      </trkpt>
      <trkpt lat="46.5421428" lon="3.2050006">
        <ele>263.5727648255959</ele>
      </trkpt>
      <trkpt lat="46.5422537" lon="3.2052163">
        <ele>263.7155199647933</ele>
      </trkpt>
      <trkpt lat="46.5423466" lon="3.2054086">
        <ele>263.55223999999316</ele>
      </trkpt>
      <trkpt lat="46.5425075" lon="3.205827">
        <ele>263.00061559999995</ele>
      </trkpt>
      <trkpt lat="46.5426058" lon="3.2062012">
        <ele>262.25735299839215</ele>
      </trkpt>
      <trkpt lat="46.5425951" lon="3.2063286">
        <ele>262.07430581439985</ele>
      </trkpt>
      <trkpt lat="46.5424682" lon="3.2068406">
        <ele>262.62616000000014</ele>
      </trkpt>
      <trkpt lat="46.5424074" lon="3.2071368">
        <ele>263.0</ele>
      </trkpt>
      <trkpt lat="46.5423824" lon="3.2074279">
        <ele>263.0</ele>
      </trkpt>
      <trkpt lat="46.5423573" lon="3.2077554">
        <ele>262.55289471680345</ele>
      </trkpt>
      <trkpt lat="46.5423323" lon="3.2079087">
        <ele>262.3191746896035</ele>
      </trkpt>
      <trkpt lat="46.5422858" lon="3.208075">
        <ele>261.92999999999995</ele>
      </trkpt>
      <trkpt lat="46.542116" lon="3.2085376">
        <ele>262.2189583360002</ele>
      </trkpt>
      <trkpt lat="46.5419855" lon="3.2089587">
        <ele>262.63802509599225</ele>
      </trkpt>
      <trkpt lat="46.5416048" lon="3.2098293">
        <ele>259.75138589439604</ele>
      </trkpt>
      <trkpt lat="46.5414743" lon="3.2100788">
        <ele>258.5198659263986</ele>
      </trkpt>
      <trkpt lat="46.5414242" lon="3.2101332">
        <ele>258.1019165824025</ele>
      </trkpt>
      <trkpt lat="46.5411815" lon="3.21029">
        <ele>254.71620000000394</ele>
      </trkpt>
      <trkpt lat="46.5417424" lon="3.2122437">
        <ele>255.0</ele>
      </trkpt>
      <trkpt lat="46.5418546" lon="3.2126445">
        <ele>254.83174651200096</ele>
      </trkpt>
      <trkpt lat="46.541936" lon="3.2129673">
        <ele>254.969599999999</ele>
      </trkpt>
      <trkpt lat="46.541986" lon="3.2132607">
        <ele>255.40968259201432</ele>
      </trkpt>
      <trkpt lat="46.542067" lon="3.2140907">
        <ele>255.7499006240299</ele>
      </trkpt>
      <trkpt lat="46.542124" lon="3.2148631">
        <ele>253.29280000000836</ele>
      </trkpt>
      <trkpt lat="46.542136" lon="3.2152067">
        <ele>253.61017484799675</ele>
      </trkpt>
      <trkpt lat="46.5421378" lon="3.2152618">
        <ele>253.67859852159629</ele>
      </trkpt>
      <trkpt lat="46.5419998" lon="3.2164631">
        <ele>250.93211999999767</ele>
      </trkpt>
      <trkpt lat="46.5418773" lon="3.2175063">
        <ele>249.71840220960982</ele>
      </trkpt>
      <trkpt lat="46.541867" lon="3.2176693">
        <ele>248.6721630240058</ele>
      </trkpt>
      <trkpt lat="46.541867" lon="3.2178222">
        <ele>247.79549430400158</ele>
      </trkpt>
      <trkpt lat="46.5419084" lon="3.2179752">
        <ele>247.19705697279167</ele>
      </trkpt>
      <trkpt lat="46.5419601" lon="3.2181232">
        <ele>246.79911521279243</ele>
      </trkpt>
      <trkpt lat="46.5420653" lon="3.2183138">
        <ele>246.1009148256005</ele>
      </trkpt>
      <trkpt lat="46.5427444" lon="3.2195586">
        <ele>238.19947809280183</ele>
      </trkpt>
      <trkpt lat="46.54304" lon="3.2200508">
        <ele>237.30384255997714</ele>
      </trkpt>
      <trkpt lat="46.5431526" lon="3.2202249">
        <ele>236.26979999999537</ele>
      </trkpt>
      <trkpt lat="46.5433188" lon="3.2204121">
        <ele>235.44468000001268</ele>
      </trkpt>
      <trkpt lat="46.5444253" lon="3.2215478">
        <ele>230.31957224640112</ele>
      </trkpt>
      <trkpt lat="46.5445683" lon="3.2217271">
        <ele>230.6634400000056</ele>
      </trkpt>
      <trkpt lat="46.5446487" lon="3.2218596">
        <ele>231.42988000001264</ele>
      </trkpt>
      <trkpt lat="46.5447006" lon="3.2219844">
        <ele>231.92215999999553</ele>
      </trkpt>
      <trkpt lat="46.5447417" lon="3.2221663">
        <ele>231.92987999998923</ele>
      </trkpt>
      <trkpt lat="46.5447578" lon="3.2223534">
        <ele>231.81143550080384</ele>
      </trkpt>
      <trkpt lat="46.54476" lon="3.2242698">
        <ele>227.0</ele>
      </trkpt>
      <trkpt lat="46.5447527" lon="3.2243533">
        <ele>227.0</ele>
      </trkpt>
      <trkpt lat="46.5447431" lon="3.2244069">
        <ele>227.0</ele>
      </trkpt>
      <trkpt lat="46.5447285" lon="3.2244474">
        <ele>227.0</ele>
      </trkpt>
      <trkpt lat="46.5447051" lon="3.2244809">
        <ele>227.0</ele>
      </trkpt>
      <trkpt lat="46.5448751" lon="3.2249471">
        <ele>227.0</ele>
      </trkpt>
      <trkpt lat="46.5449728" lon="3.2252075">
        <ele>227.07314624000938</ele>
      </trkpt>
      <trkpt lat="46.5450705" lon="3.2254637">
        <ele>228.59244000000604</ele>
      </trkpt>
      <trkpt lat="46.545029" lon="3.2255024">
        <ele>228.72167999999738</ele>
      </trkpt>
      <trkpt lat="46.5440306" lon="3.2260977">
        <ele>228.97635052479978</ele>
      </trkpt>
      <trkpt lat="46.5438562" lon="3.2261889">
        <ele>229.03295510719954</ele>
      </trkpt>
      <trkpt lat="46.543627" lon="3.2263077">
        <ele>229.6672384159981</ele>
      </trkpt>
      <trkpt lat="46.5434323" lon="3.2263849">
        <ele>230.62936000000195</ele>
      </trkpt>
      <trkpt lat="46.5432048" lon="3.2264401">
        <ele>231.46272000000704</ele>
      </trkpt>
      <trkpt lat="46.5429748" lon="3.2264511">
        <ele>232.35582965118581</ele>
      </trkpt>
      <trkpt lat="46.5427498" lon="3.2264548">
        <ele>233.26117884159743</ele>
      </trkpt>
      <trkpt lat="46.542449" lon="3.2264731">
        <ele>233.7899200000095</ele>
      </trkpt>
      <trkpt lat="46.5423301" lon="3.2265283">
        <ele>234.61539999999673</ele>
      </trkpt>
      <trkpt lat="46.5422607" lon="3.2265965">
        <ele>235.3562799999993</ele>
      </trkpt>
      <trkpt lat="46.5421886" lon="3.226622">
        <ele>235.79943999998864</ele>
      </trkpt>
      <trkpt lat="46.5419148" lon="3.2264488">
        <ele>235.7054852607936</ele>
      </trkpt>
      <trkpt lat="46.5417897" lon="3.2264147">
        <ele>236.75355225277406</ele>
      </trkpt>
      <trkpt lat="46.5416856" lon="3.226427">
        <ele>237.81422310399068</ele>
      </trkpt>
      <trkpt lat="46.5415533" lon="3.2264855">
        <ele>239.3663041360381</ele>
      </trkpt>
      <trkpt lat="46.5414447" lon="3.2265754">
        <ele>240.93377427520647</ele>
      </trkpt>
      <trkpt lat="46.5413852" lon="3.2266552">
        <ele>241.9991081983941</ele>
      </trkpt>
      <trkpt lat="46.5412597" lon="3.2268233">
        <ele>243.95912000002488</ele>
      </trkpt>
      <trkpt lat="46.5406828" lon="3.2278792">
        <ele>248.67898833921512</ele>
      </trkpt>
      <trkpt lat="46.540503" lon="3.2281462">
        <ele>250.81853974398328</ele>
      </trkpt>
      <trkpt lat="46.540069" lon="3.2286134">
        <ele>257.2671863679719</ele>
      </trkpt>
      <trkpt lat="46.5399007" lon="3.228767">
        <ele>259.99422222402654</ele>
      </trkpt>
      <trkpt lat="46.5395713" lon="3.2290202">
        <ele>264.38916176961663</ele>
      </trkpt>
      <trkpt lat="46.5394064" lon="3.2291968">
        <ele>266.0284800000104</ele>
      </trkpt>
      <trkpt lat="46.5391786" lon="3.2294905">
        <ele>265.79124000000206</ele>
      </trkpt>
      <trkpt lat="46.5391301" lon="3.2295487">
        <ele>265.8879599999908</ele>
      </trkpt>
      <trkpt lat="46.539017" lon="3.2297652">
        <ele>266.0062431359906</ele>
      </trkpt>
      <trkpt lat="46.5389903" lon="3.2298797">
        <ele>266.0628688463834</ele>
      </trkpt>
      <trkpt lat="46.5389588" lon="3.2300533">
        <ele>266.1013723583684</ele>
      </trkpt>
      <trkpt lat="46.5389369" lon="3.2307409">
        <ele>266.044891523182</ele>
      </trkpt>
      <trkpt lat="46.5388562" lon="3.2311279">
        <ele>266.1247925792081</ele>
      </trkpt>
      <trkpt lat="46.5386624" lon="3.2317577">
        <ele>268.81536000000096</ele>
      </trkpt>
      <trkpt lat="46.5385548" lon="3.2322979">
        <ele>266.9302800000006</ele>
      </trkpt>
      <trkpt lat="46.5385266" lon="3.2325199">
        <ele>266.25439575361094</ele>
      </trkpt>
      <trkpt lat="46.5385333" lon="3.2330059">
        <ele>265.92138850240366</ele>
      </trkpt>
      <trkpt lat="46.5385509" lon="3.2331178">
        <ele>266.04857158080245</ele>
      </trkpt>
      <trkpt lat="46.538631" lon="3.2333327">
        <ele>266.0712735040084</ele>
      </trkpt>
      <trkpt lat="46.5387593" lon="3.2336034">
        <ele>266.9870494047999</ele>
      </trkpt>
      <trkpt lat="46.5388414" lon="3.2338179">
        <ele>267.4899010752137</ele>
      </trkpt>
      <trkpt lat="46.5388742" lon="3.2339563">
        <ele>267.664392918414</ele>
      </trkpt>
      <trkpt lat="46.538949" lon="3.2345426">
        <ele>267.21640000000843</ele>
      </trkpt>
      <trkpt lat="46.5390786" lon="3.2350414">
        <ele>267.58117164161035</ele>
      </trkpt>
      <trkpt lat="46.539111" lon="3.2352687">
        <ele>267.0261309279992</ele>
      </trkpt>
      <trkpt lat="46.5391813" lon="3.2362295">
        <ele>268.78927999996085</ele>
      </trkpt>
      <trkpt lat="46.5391727" lon="3.2366816">
        <ele>267.9142876671759</ele>
      </trkpt>
      <trkpt lat="46.5392166" lon="3.2369353">
        <ele>267.45480230076544</ele>
      </trkpt>
      <trkpt lat="46.5392905" lon="3.237198">
        <ele>267.57540000000074</ele>
      </trkpt>
      <trkpt lat="46.5394952" lon="3.2377783">
        <ele>267.6330235136177</ele>
      </trkpt>
      <trkpt lat="46.5396592" lon="3.238989">
        <ele>265.58727999999087</ele>
      </trkpt>
      <trkpt lat="46.5398571" lon="3.2416818">
        <ele>273.59537330880255</ele>
      </trkpt>
      <trkpt lat="46.5398592" lon="3.2417063">
        <ele>273.719918361594</ele>
      </trkpt>
      <trkpt lat="46.5402231" lon="3.2429297">
        <ele>272.39368000001014</ele>
      </trkpt>
      <trkpt lat="46.5397248" lon="3.243488">
        <ele>274.97627289598256</ele>
      </trkpt>
      <trkpt lat="46.5396331" lon="3.2437508">
        <ele>274.65846401919435</ele>
      </trkpt>
      <trkpt lat="46.5395657" lon="3.244515">
        <ele>277.1431239200022</ele>
      </trkpt>
      <trkpt lat="46.5391688" lon="3.2464493">
        <ele>271.77651024640306</ele>
      </trkpt>
      <trkpt lat="46.5389713" lon="3.2467707">
        <ele>270.9542800000006</ele>
      </trkpt>
      <trkpt lat="46.5391634" lon="3.2466665">
        <ele>271.01236000000154</ele>
      </trkpt>
      <trkpt lat="46.5393074" lon="3.2466075">
        <ele>271.105085680001</ele>
      </trkpt>
      <trkpt lat="46.5394519" lon="3.2465722">
        <ele>271.0</ele>
      </trkpt>
      <trkpt lat="46.5394851" lon="3.2466906">
        <ele>270.92645037760013</ele>
      </trkpt>
      <trkpt lat="46.5395509" lon="3.2468141">
        <ele>270.6726484624036</ele>
      </trkpt>
      <trkpt lat="46.5396468" lon="3.2469643">
        <ele>270.76114350079973</ele>
      </trkpt>
      <trkpt lat="46.5397685" lon="3.2470922">
        <ele>271.2767021279943</ele>
      </trkpt>
      <trkpt lat="46.5401689" lon="3.2474068">
        <ele>270.0</ele>
      </trkpt>
      <trkpt lat="46.541023" lon="3.2481723">
        <ele>266.8182871839755</ele>
      </trkpt>
      <trkpt lat="46.5411818" lon="3.2482598">
        <ele>265.7455200000113</ele>
      </trkpt>
      <trkpt lat="46.5413587" lon="3.2483134">
        <ele>265.1086799999873</ele>
      </trkpt>
      <trkpt lat="46.5411871" lon="3.2486648">
        <ele>263.6663136768026</ele>
      </trkpt>
      <trkpt lat="46.5409658" lon="3.2490496">
        <ele>261.64190369279555</ele>
      </trkpt>
      <trkpt lat="46.54082" lon="3.2493487">
        <ele>259.6893599999994</ele>
      </trkpt>
      <trkpt lat="46.5404971" lon="3.2501078">
        <ele>254.69358755519585</ele>
      </trkpt>
      <trkpt lat="46.54013" lon="3.25095">
        <ele>255.91487999999882</ele>
      </trkpt>
      <trkpt lat="46.5399344" lon="3.2514033">
        <ele>257.47232000000076</ele>
      </trkpt>
      <trkpt lat="46.539761" lon="3.2517144">
        <ele>258.72080000001006</ele>
      </trkpt>
      <trkpt lat="46.5395599" lon="3.25198">
        <ele>259.4563599999981</ele>
      </trkpt>
      <trkpt lat="46.5393034" lon="3.2522455">
        <ele>259.9330205759894</ele>
      </trkpt>
      <trkpt lat="46.5391998" lon="3.2523232">
        <ele>260.67471866881255</ele>
      </trkpt>
      <trkpt lat="46.5391837" lon="3.2533291">
        <ele>260.8773599999831</ele>
      </trkpt>
      <trkpt lat="46.5392114" lon="3.253651">
        <ele>260.95943465600334</ele>
      </trkpt>
      <trkpt lat="46.5393147" lon="3.2541821">
        <ele>261.46708000000535</ele>
      </trkpt>
      <trkpt lat="46.5394088" lon="3.2546944">
        <ele>261.24378746882206</ele>
      </trkpt>
      <trkpt lat="46.5395122" lon="3.2552094">
        <ele>260.83820334723805</ele>
      </trkpt>
      <trkpt lat="46.5397169" lon="3.2557995">
        <ele>257.9571736879718</ele>
      </trkpt>
      <trkpt lat="46.539918" lon="3.2563171">
        <ele>259.6271599999985</ele>
      </trkpt>
      <trkpt lat="46.5401579" lon="3.2569287">
        <ele>260.77422082082256</ele>
      </trkpt>
      <trkpt lat="46.540614" lon="3.2579797">
        <ele>262.09572000002174</ele>
      </trkpt>
      <trkpt lat="46.5407783" lon="3.2585898">
        <ele>262.1365997664026</ele>
      </trkpt>
      <trkpt lat="46.5408895" lon="3.25895">
        <ele>262.0</ele>
      </trkpt>
      <trkpt lat="46.540935" lon="3.2591521">
        <ele>262.0</ele>
      </trkpt>
      <trkpt lat="46.5410589" lon="3.2606112">
        <ele>261.01236000001086</ele>
      </trkpt>
      <trkpt lat="46.5411246" lon="3.2607913">
        <ele>261.8486800000006</ele>
      </trkpt>
      <trkpt lat="46.5412283" lon="3.2608097">
        <ele>261.91491999999937</ele>
      </trkpt>
      <trkpt lat="46.5421449" lon="3.2605935">
        <ele>259.27836000001184</ele>
      </trkpt>
      <trkpt lat="46.542515" lon="3.2604863">
        <ele>257.9054632799895</ele>
      </trkpt>
      <trkpt lat="46.5431243" lon="3.2603209">
        <ele>256.03841879520127</ele>
      </trkpt>
      <trkpt lat="46.5432734" lon="3.2602731">
        <ele>255.97358679680056</ele>
      </trkpt>
      <trkpt lat="46.5434681" lon="3.2601812">
        <ele>254.81948000000511</ele>
      </trkpt>
      <trkpt lat="46.543645" lon="3.2600673">
        <ele>253.33300184000782</ele>
      </trkpt>
      <trkpt lat="46.5465432" lon="3.258149">
        <ele>247.7808799999923</ele>
      </trkpt>
      <trkpt lat="46.5487145" lon="3.2567462">
        <ele>247.37220000000957</ele>
      </trkpt>
      <trkpt lat="46.5498032" lon="3.2559745">
        <ele>251.87455999999452</ele>
      </trkpt>
      <trkpt lat="46.5499783" lon="3.2558732">
        <ele>253.7656399999928</ele>
      </trkpt>
      <trkpt lat="46.5502125" lon="3.2557172">
        <ele>256.196751200008</ele>
      </trkpt>
      <trkpt lat="46.5504145" lon="3.2555919">
        <ele>257.0</ele>
      </trkpt>
      <trkpt lat="46.5505056" lon="3.2555561">
        <ele>257.0</ele>
      </trkpt>
      <trkpt lat="46.5506075" lon="3.2555561">
        <ele>256.8126334800066</ele>
      </trkpt>
      <trkpt lat="46.5507183" lon="3.2555977">
        <ele>256.3252302864008</ele>
      </trkpt>
      <trkpt lat="46.5508204" lon="3.255655">
        <ele>255.70522848000417</ele>
      </trkpt>
      <trkpt lat="46.5508755" lon="3.255686">
        <ele>255.3073147200192</ele>
      </trkpt>
      <trkpt lat="46.5508899" lon="3.2563324">
        <ele>255.5515877695931</ele>
      </trkpt>
      <trkpt lat="46.55088" lon="3.2563506">
        <ele>255.67100288000327</ele>
      </trkpt>
      <trkpt lat="46.5506504" lon="3.2567836">
        <ele>257.381332582396</ele>
      </trkpt>
      <trkpt lat="46.5506237" lon="3.2568528">
        <ele>257.2489840255971</ele>
      </trkpt>
      <trkpt lat="46.5506069" lon="3.2569502">
        <ele>256.9961701152002</ele>
      </trkpt>
      <trkpt lat="46.5505976" lon="3.2570741">
        <ele>256.92935120639453</ele>
      </trkpt>
      <trkpt lat="46.5505896" lon="3.2573805">
        <ele>256.3076399999925</ele>
      </trkpt>
      <trkpt lat="46.5505824" lon="3.2575936">
        <ele>255.2945676287971</ele>
      </trkpt>
      <trkpt lat="46.5505485" lon="3.2578691">
        <ele>253.7049905040096</ele>
      </trkpt>
      <trkpt lat="46.5502732" lon="3.2592985">
        <ele>258.47459999999955</ele>
      </trkpt>
      <trkpt lat="46.5502449" lon="3.2595501">
        <ele>259.33534059040295</ele>
      </trkpt>
      <trkpt lat="46.5502142" lon="3.2599534">
        <ele>259.5806369087947</ele>
      </trkpt>
      <trkpt lat="46.5502017" lon="3.260416">
        <ele>259.5885226880129</ele>
      </trkpt>
      <trkpt lat="46.5502178" lon="3.2608137">
        <ele>259.9847387743996</ele>
      </trkpt>
      <trkpt lat="46.5502965" lon="3.2616245">
        <ele>259.98976867999903</ele>
      </trkpt>
      <trkpt lat="46.5504234" lon="3.2622638">
        <ele>261.6739199999986</ele>
      </trkpt>
      <trkpt lat="46.550502" lon="3.2628122">
        <ele>262.9072282240062</ele>
      </trkpt>
      <trkpt lat="46.5506218" lon="3.2635217">
        <ele>264.47696000001315</ele>
      </trkpt>
      <trkpt lat="46.5507237" lon="3.2640175">
        <ele>264.32505683999784</ele>
      </trkpt>
      <trkpt lat="46.5507239" lon="3.264152">
        <ele>264.03199891199984</ele>
      </trkpt>
      <trkpt lat="46.5507239" lon="3.2641918">
        <ele>263.8546855008004</ele>
      </trkpt>
      <trkpt lat="46.5507063" lon="3.2642102">
        <ele>263.75823119039933</ele>
      </trkpt>
      <trkpt lat="46.5506936" lon="3.2642359">
        <ele>263.6268976895973</ele>
      </trkpt>
      <trkpt lat="46.5506873" lon="3.2642662">
        <ele>263.47173599040127</ele>
      </trkpt>
      <trkpt lat="46.550688" lon="3.2642978">
        <ele>263.30283225599817</ele>
      </trkpt>
      <trkpt lat="46.5506005" lon="3.2644142">
        <ele>262.9646967839947</ele>
      </trkpt>
      <trkpt lat="46.5501016" lon="3.2646479">
        <ele>261.46362274559044</ele>
      </trkpt>
      <trkpt lat="46.5493907" lon="3.2648159">
        <ele>263.53072000001225</ele>
      </trkpt>
      <trkpt lat="46.5492643" lon="3.2648342">
        <ele>264.05164000001025</ele>
      </trkpt>
      <trkpt lat="46.5486801" lon="3.2647806">
        <ele>263.4063246623957</ele>
      </trkpt>
      <trkpt lat="46.5486265" lon="3.2647832">
        <ele>263.2627585919932</ele>
      </trkpt>
      <trkpt lat="46.5482064" lon="3.2648741">
        <ele>262.839952550389</ele>
      </trkpt>
      <trkpt lat="46.5479866" lon="3.2649885">
        <ele>262.23796286399454</ele>
      </trkpt>
      <trkpt lat="46.5476774" lon="3.265238">
        <ele>263.36136000000806</ele>
      </trkpt>
      <trkpt lat="46.5473235" lon="3.2655655">
        <ele>263.3645999999908</ele>
      </trkpt>
      <trkpt lat="46.5471698" lon="3.2657344">
        <ele>263.0672145152014</ele>
      </trkpt>
      <trkpt lat="46.5470214" lon="3.2659215">
        <ele>263.0</ele>
      </trkpt>
      <trkpt lat="46.5468802" lon="3.266158">
        <ele>263.3610399360091</ele>
      </trkpt>
      <trkpt lat="46.5466657" lon="3.266618">
        <ele>264.8219296959945</ele>
      </trkpt>
      <trkpt lat="46.5464097" lon="3.2671234">
        <ele>264.0266535391976</ele>
      </trkpt>
      <trkpt lat="46.5460687" lon="3.2678135">
        <ele>267.1330453520021</ele>
      </trkpt>
      <trkpt lat="46.5457273" lon="3.2685854">
        <ele>265.0218959936019</ele>
      </trkpt>
      <trkpt lat="46.5455646" lon="3.2690142">
        <ele>264.51950306560406</ele>
      </trkpt>
      <trkpt lat="46.5451803" lon="3.2702512">
        <ele>261.3509200000058</ele>
      </trkpt>
      <trkpt lat="46.5451196" lon="3.2705345">
        <ele>262.09571644800326</ele>
      </trkpt>
      <trkpt lat="46.5450799" lon="3.2708305">
        <ele>262.70942607200936</ele>
      </trkpt>
      <trkpt lat="46.5450713" lon="3.2711583">
        <ele>262.7433200000128</ele>
      </trkpt>
      <trkpt lat="46.5450928" lon="3.2715429">
        <ele>262.48193463039956</ele>
      </trkpt>
      <trkpt lat="46.5451929" lon="3.2719587">
        <ele>263.76571732161347</ele>
      </trkpt>
      <trkpt lat="46.5452787" lon="3.2724343">
        <ele>265.2390547535923</ele>
      </trkpt>
      <trkpt lat="46.5452858" lon="3.2728371">
        <ele>263.78644000000065</ele>
      </trkpt>
      <trkpt lat="46.5453484" lon="3.2730009">
        <ele>263.19676000000004</ele>
      </trkpt>
      <trkpt lat="46.5454485" lon="3.2731308">
        <ele>263.0</ele>
      </trkpt>
      <trkpt lat="46.5457863" lon="3.2733829">
        <ele>262.8517734607977</ele>
      </trkpt>
      <trkpt lat="46.5468194" lon="3.2742249">
        <ele>260.88473154240216</ele>
      </trkpt>
      <trkpt lat="46.5477354" lon="3.2750591">
        <ele>259.8196986655996</ele>
      </trkpt>
      <trkpt lat="46.5477767" lon="3.2751454">
        <ele>259.4785909472001</ele>
      </trkpt>
      <trkpt lat="46.5477739" lon="3.2752047">
        <ele>259.27336740319174</ele>
      </trkpt>
      <trkpt lat="46.5473574" lon="3.2765328">
        <ele>258.0</ele>
      </trkpt>
      <trkpt lat="46.5473467" lon="3.2766471">
        <ele>258.0</ele>
      </trkpt>
      <trkpt lat="46.5473789" lon="3.2767693">
        <ele>258.2084014991981</ele>
      </trkpt>
      <trkpt lat="46.5475862" lon="3.2773852">
        <ele>258.8717509504031</ele>
      </trkpt>
      <trkpt lat="46.5476041" lon="3.2775021">
        <ele>259.00472681439993</ele>
      </trkpt>
      <trkpt lat="46.5475175" lon="3.2787863">
        <ele>262.09562716002114</ele>
      </trkpt>
      <trkpt lat="46.5472732" lon="3.2787346">
        <ele>262.7056000000018</ele>
      </trkpt>
      <trkpt lat="46.5460543" lon="3.2776413">
        <ele>264.344964766363</ele>
      </trkpt>
      <trkpt lat="46.5446684" lon="3.2763975">
        <ele>267.1937600000033</ele>
      </trkpt>
      <trkpt lat="46.544323" lon="3.2766935">
        <ele>267.22219999998913</ele>
      </trkpt>
      <trkpt lat="46.543704" lon="3.2767249">
        <ele>262.2276163839885</ele>
      </trkpt>
      <trkpt lat="46.5432851" lon="3.2768583">
        <ele>259.2552892367723</ele>
      </trkpt>
      <trkpt lat="46.5430165" lon="3.2771616">
        <ele>257.53236454400314</ele>
      </trkpt>
      <trkpt lat="46.5426735" lon="3.2772244">
        <ele>251.49545686399108</ele>
      </trkpt>
      <trkpt lat="46.542208" lon="3.2772802">
        <ele>246.94880000000808</ele>
      </trkpt>
      <trkpt lat="46.5418777" lon="3.2774172">
        <ele>245.59106266240357</ele>
      </trkpt>
      <trkpt lat="46.5415063" lon="3.277469">
        <ele>242.37964000001966</ele>
      </trkpt>
      <trkpt lat="46.5412719" lon="3.2775264">
        <ele>239.9675999999854</ele>
      </trkpt>
      <trkpt lat="46.5411262" lon="3.2776809">
        <ele>237.80616000000578</ele>
      </trkpt>
      <trkpt lat="46.5408089" lon="3.277992">
        <ele>233.5581895040117</ele>
      </trkpt>
      <trkpt lat="46.5402914" lon="3.2782817">
        <ele>230.96919111039782</ele>
      </trkpt>
      <trkpt lat="46.540105" lon="3.278393">
        <ele>232.86600000003295</ele>
      </trkpt>
      <trkpt lat="46.540046" lon="3.2784078">
        <ele>233.50320000003603</ele>
      </trkpt>
      <trkpt lat="46.5394874" lon="3.2783087">
        <ele>238.12911347521964</ele>
      </trkpt>
      <trkpt lat="46.5392842" lon="3.2783695">
        <ele>240.3590697760213</ele>
      </trkpt>
      <trkpt lat="46.5386337" lon="3.2788691">
        <ele>243.71075323680674</ele>
      </trkpt>
      <trkpt lat="46.5385018" lon="3.278962">
        <ele>244.26319999999976</ele>
      </trkpt>
      <trkpt lat="46.5383071" lon="3.2789817">
        <ele>244.4285600000103</ele>
      </trkpt>
      <trkpt lat="46.5382444" lon="3.2790032">
        <ele>244.73167999998748</ele>
      </trkpt>
      <trkpt lat="46.5378993" lon="3.2792736">
        <ele>247.47101230080628</ele>
      </trkpt>
      <trkpt lat="46.5371669" lon="3.2798468">
        <ele>247.46220072320384</ele>
      </trkpt>
      <trkpt lat="46.5362571" lon="3.2806336">
        <ele>238.76485866240037</ele>
      </trkpt>
      <trkpt lat="46.535617" lon="3.2812053">
        <ele>234.6571065120007</ele>
      </trkpt>
      <trkpt lat="46.5354842" lon="3.2813716">
        <ele>234.0622400000002</ele>
      </trkpt>
      <trkpt lat="46.5354159" lon="3.2815272">
        <ele>233.75241425920547</ele>
      </trkpt>
      <trkpt lat="46.5353781" lon="3.2816157">
        <ele>233.70510563679207</ele>
      </trkpt>
      <trkpt lat="46.5353421" lon="3.2817364">
        <ele>233.903218355194</ele>
      </trkpt>
      <trkpt lat="46.5352286" lon="3.2822393">
        <ele>235.54200441916117</ele>
      </trkpt>
      <trkpt lat="46.5350921" lon="3.2827476">
        <ele>237.96929932160043</ele>
      </trkpt>
      <trkpt lat="46.5350256" lon="3.2828964">
        <ele>238.7628760064247</ele>
      </trkpt>
      <trkpt lat="46.5339961" lon="3.2849483">
        <ele>251.65599999996675</ele>
      </trkpt>
      <trkpt lat="46.5338817" lon="3.2851629">
        <ele>253.02587999999287</ele>
      </trkpt>
      <trkpt lat="46.5337654" lon="3.2853346">
        <ele>253.3309391935997</ele>
      </trkpt>
      <trkpt lat="46.533659" lon="3.285611">
        <ele>253.45559999999978</ele>
      </trkpt>
      <trkpt lat="46.5339468" lon="3.2862499">
        <ele>250.68720494718673</ele>
      </trkpt>
      <trkpt lat="46.5351059" lon="3.2887423">
        <ele>245.7652400000161</ele>
      </trkpt>
      <trkpt lat="46.535165" lon="3.2888952">
        <ele>244.8027756800056</ele>
      </trkpt>
      <trkpt lat="46.5352282" lon="3.2891429">
        <ele>244.19375074880455</ele>
      </trkpt>
      <trkpt lat="46.5354565" lon="3.2900888">
        <ele>246.78623788798063</ele>
      </trkpt>
      <trkpt lat="46.5354565" lon="3.2903087">
        <ele>249.29243999997698</ele>
      </trkpt>
      <trkpt lat="46.5351871" lon="3.2913172">
        <ele>253.23739999998202</ele>
      </trkpt>
      <trkpt lat="46.5351262" lon="3.2917169">
        <ele>252.71919922879397</ele>
      </trkpt>
      <trkpt lat="46.5350874" lon="3.2922408">
        <ele>254.68535999999312</ele>
      </trkpt>
      <trkpt lat="46.5351225" lon="3.2925671">
        <ele>254.42396796000043</ele>
      </trkpt>
      <trkpt lat="46.5352167" lon="3.2928377">
        <ele>253.83171251359977</ele>
      </trkpt>
      <trkpt lat="46.5353354" lon="3.2929742">
        <ele>253.64700497280586</ele>
      </trkpt>
      <trkpt lat="46.5354741" lon="3.2930621">
        <ele>254.42042873441332</ele>
      </trkpt>
      <trkpt lat="46.5356391" lon="3.2931237">
        <ele>255.3745424431884</ele>
      </trkpt>
      <trkpt lat="46.5356675" lon="3.2931597">
        <ele>255.5540927600118</ele>
      </trkpt>
      <trkpt lat="46.5356799" lon="3.2931995">
        <ele>255.67960704798952</ele>
      </trkpt>
      <trkpt lat="46.5356744" lon="3.2932348">
        <ele>255.703916595187</ele>
      </trkpt>
      <trkpt lat="46.5360528" lon="3.2933492">
        <ele>257.89232936960184</ele>
      </trkpt>
      <trkpt lat="46.536049" lon="3.2933953">
        <ele>258.17267931199177</ele>
      </trkpt>
      <trkpt lat="46.5360442" lon="3.2936299">
        <ele>259.5345331231942</ele>
      </trkpt>
      <trkpt lat="46.5360727" lon="3.29478">
        <ele>260.3750422400066</ele>
      </trkpt>
      <trkpt lat="46.536058" lon="3.2950696">
        <ele>261.9793341440282</ele>
      </trkpt>
      <trkpt lat="46.5359694" lon="3.2955095">
        <ele>265.0406400000138</ele>
      </trkpt>
      <trkpt lat="46.5351461" lon="3.2985074">
        <ele>259.7191724256185</ele>
      </trkpt>
      <trkpt lat="46.5359507" lon="3.2992742">
        <ele>250.61287999999945</ele>
      </trkpt>
      <trkpt lat="46.5369676" lon="3.300891">
        <ele>252.1258399999565</ele>
      </trkpt>
      <trkpt lat="46.5373444" lon="3.3020863">
        <ele>252.1443825088107</ele>
      </trkpt>
      <trkpt lat="46.538644" lon="3.3040516">
        <ele>243.12432000000558</ele>
      </trkpt>
      <trkpt lat="46.5393668" lon="3.305034">
        <ele>234.8775999999998</ele>
      </trkpt>
      <trkpt lat="46.5399141" lon="3.3056354">
        <ele>235.78483999997025</ele>
      </trkpt>
      <trkpt lat="46.5403006" lon="3.3059809">
        <ele>240.85988000002612</ele>
      </trkpt>
      <trkpt lat="46.5407304" lon="3.3063865">
        <ele>246.2588800000076</ele>
      </trkpt>
      <trkpt lat="46.5413088" lon="3.3068955">
        <ele>245.77576000002182</ele>
      </trkpt>
      <trkpt lat="46.5416686" lon="3.3072388">
        <ele>246.83529537281086</ele>
      </trkpt>
      <trkpt lat="46.541835" lon="3.3074169">
        <ele>246.53418903998744</ele>
      </trkpt>
      <trkpt lat="46.542494" lon="3.3080395">
        <ele>241.11684848000007</ele>
      </trkpt>
      <trkpt lat="46.5428392" lon="3.3083493">
        <ele>240.01661995521013</ele>
      </trkpt>
      <trkpt lat="46.5431482" lon="3.3085906">
        <ele>239.45657288319094</ele>
      </trkpt>
      <trkpt lat="46.543514" lon="3.308907">
        <ele>238.607993920006</ele>
      </trkpt>
      <trkpt lat="46.5440881" lon="3.3094288">
        <ele>240.70123045121272</ele>
      </trkpt>
      <trkpt lat="46.5441232" lon="3.3094811">
        <ele>240.8435200000049</ele>
      </trkpt>
      <trkpt lat="46.5441458" lon="3.3095546">
        <ele>240.92488000000913</ele>
      </trkpt>
      <trkpt lat="46.5439992" lon="3.3097398">
        <ele>240.29568975360675</ele>
      </trkpt>
      <trkpt lat="46.5439544" lon="3.3097963">
        <ele>239.76537381118644</ele>
      </trkpt>
      <trkpt lat="46.5439401" lon="3.3098605">
        <ele>239.28053440800142</ele>
      </trkpt>
      <trkpt lat="46.5439461" lon="3.3099049">
        <ele>239.0261275343976</ele>
      </trkpt>
      <trkpt lat="46.5439789" lon="3.3099821">
        <ele>238.75607886239314</ele>
      </trkpt>
      <trkpt lat="46.5442975" lon="3.3104833">
        <ele>236.38896347999702</ele>
      </trkpt>
      <trkpt lat="46.5448527" lon="3.3115463">
        <ele>230.37275999999974</ele>
      </trkpt>
      <trkpt lat="46.5452326" lon="3.3123764">
        <ele>229.49227170558504</ele>
      </trkpt>
      <trkpt lat="46.5453694" lon="3.3125635">
        <ele>228.8726399999946</ele>
      </trkpt>
      <trkpt lat="46.5455468" lon="3.312717">
        <ele>228.40607999998724</ele>
      </trkpt>
      <trkpt lat="46.5459363" lon="3.3129969">
        <ele>221.8921199999936</ele>
      </trkpt>
      <trkpt lat="46.5460283" lon="3.313187">
        <ele>218.56236961598063</ele>
      </trkpt>
      <trkpt lat="46.546103" lon="3.3134444">
        <ele>215.22951999999327</ele>
      </trkpt>
      <trkpt lat="46.5461597" lon="3.3138166">
        <ele>211.73519881920305</ele>
      </trkpt>
      <trkpt lat="46.5464276" lon="3.3137873">
        <ele>211.59207999999558</ele>
      </trkpt>
      <trkpt lat="46.5469322" lon="3.3136985">
        <ele>211.37079999999924</ele>
      </trkpt>
      <trkpt lat="46.5475793" lon="3.313385">
        <ele>209.86709928000215</ele>
      </trkpt>
      <trkpt lat="46.5477056" lon="3.3133398">
        <ele>209.9939509248</ele>
      </trkpt>
      <trkpt lat="46.5477666" lon="3.313341">
        <ele>209.9988893760003</ele>
      </trkpt>
      <trkpt lat="46.547836" lon="3.3133497">
        <ele>209.98765036800083</ele>
      </trkpt>
      <trkpt lat="46.5479036" lon="3.313411">
        <ele>209.87335238400226</ele>
      </trkpt>
      <trkpt lat="46.5479838" lon="3.3135089">
        <ele>209.5312285728063</ele>
      </trkpt>
      <trkpt lat="46.5480759" lon="3.3135839">
        <ele>209.09078540960047</ele>
      </trkpt>
      <trkpt lat="46.5481561" lon="3.3136112">
        <ele>208.99988417280005</ele>
      </trkpt>
      <trkpt lat="46.5481811" lon="3.3137241">
        <ele>208.816160750399</ele>
      </trkpt>
      <trkpt lat="46.5482295" lon="3.3138129">
        <ele>208.54510327200583</ele>
      </trkpt>
      <trkpt lat="46.5482941" lon="3.3138746">
        <ele>208.1854146144008</ele>
      </trkpt>
      <trkpt lat="46.5483403" lon="3.3139122">
        <ele>207.91397528640056</ele>
      </trkpt>
      <trkpt lat="46.5484546" lon="3.3138974">
        <ele>207.95598380159947</ele>
      </trkpt>
      <trkpt lat="46.5487783" lon="3.3138034">
        <ele>208.3077600000006</ele>
      </trkpt>
      <trkpt lat="46.5490473" lon="3.3137361">
        <ele>208.23636318880415</ele>
      </trkpt>
      <trkpt lat="46.5492531" lon="3.3136901">
        <ele>207.77732145759654</ele>
      </trkpt>
      <trkpt lat="46.5493997" lon="3.31371">
        <ele>207.45973551999472</ele>
      </trkpt>
      <trkpt lat="46.5495188" lon="3.3137557">
        <ele>207.52052000000072</ele>
      </trkpt>
      <trkpt lat="46.5496566" lon="3.3138357">
        <ele>207.80851999999936</ele>
      </trkpt>
      <trkpt lat="46.5497725" lon="3.3139069">
        <ele>208.05310395999965</ele>
      </trkpt>
      <trkpt lat="46.5498871" lon="3.3139448">
        <ele>208.08180824320013</ele>
      </trkpt>
      <trkpt lat="46.550474" lon="3.3136629">
        <ele>208.81355999999937</ele>
      </trkpt>
      <trkpt lat="46.5507123" lon="3.3135839">
        <ele>209.5090031312019</ele>
      </trkpt>
      <trkpt lat="46.5509414" lon="3.3135494">
        <ele>209.4752291264018</ele>
      </trkpt>
      <trkpt lat="46.5510429" lon="3.3135926">
        <ele>209.2291958816043</ele>
      </trkpt>
      <trkpt lat="46.5511021" lon="3.3137029">
        <ele>209.0110010527983</ele>
      </trkpt>
      <trkpt lat="46.5511429" lon="3.3138466">
        <ele>209.0</ele>
      </trkpt>
      <trkpt lat="46.551249" lon="3.3143109">
        <ele>206.71940926399668</ele>
      </trkpt>
      <trkpt lat="46.5517882" lon="3.3147995">
        <ele>206.5940019359926</ele>
      </trkpt>
      <trkpt lat="46.5519641" lon="3.3149274">
        <ele>207.01849383359925</ele>
      </trkpt>
      <trkpt lat="46.5525886" lon="3.3153156">
        <ele>208.95657040640006</ele>
      </trkpt>
      <trkpt lat="46.5528444" lon="3.315276">
        <ele>208.7616949760076</ele>
      </trkpt>
      <trkpt lat="46.5529771" lon="3.3152219">
        <ele>208.42678436960094</ele>
      </trkpt>
      <trkpt lat="46.5530796" lon="3.3151649">
        <ele>208.40635999999972</ele>
      </trkpt>
      <trkpt lat="46.5532821" lon="3.3150192">
        <ele>208.9308799999999</ele>
      </trkpt>
      <trkpt lat="46.5534915" lon="3.3148513">
        <ele>208.96592000000078</ele>
      </trkpt>
      <trkpt lat="46.5536896" lon="3.3147621">
        <ele>208.61444431360528</ele>
      </trkpt>
      <trkpt lat="46.5539171" lon="3.3146857">
        <ele>208.0</ele>
      </trkpt>
      <trkpt lat="46.5543139" lon="3.3147371">
        <ele>208.5300399999885</ele>
      </trkpt>
      <trkpt lat="46.5543291" lon="3.3147438">
        <ele>208.58475999998836</ele>
      </trkpt>
      <trkpt lat="46.55435" lon="3.3147529">
        <ele>208.65999999999804</ele>
      </trkpt>
      <trkpt lat="46.5543825" lon="3.3147737">
        <ele>208.7770000000096</ele>
      </trkpt>
      <trkpt lat="46.5544161" lon="3.3147916">
        <ele>208.8979599999907</ele>
      </trkpt>
      <trkpt lat="46.5544511" lon="3.3148103">
        <ele>209.023960000005</ele>
      </trkpt>
      <trkpt lat="46.5545391" lon="3.3148572">
        <ele>209.34075999999823</ele>
      </trkpt>
      <trkpt lat="46.5546036" lon="3.3148916">
        <ele>209.57296000000042</ele>
      </trkpt>
      <trkpt lat="46.5546647" lon="3.3149242">
        <ele>209.79291999998713</ele>
      </trkpt>
      <trkpt lat="46.5547057" lon="3.3149461">
        <ele>209.9405199999983</ele>
      </trkpt>
      <trkpt lat="46.5551971" lon="3.3152973">
        <ele>209.27002787679692</ele>
      </trkpt>
      <trkpt lat="46.5553887" lon="3.3154359">
        <ele>208.60067999999364</ele>
      </trkpt>
      <trkpt lat="46.5559348" lon="3.3158098">
        <ele>208.94622652160038</ele>
      </trkpt>
      <trkpt lat="46.5562625" lon="3.3159609">
        <ele>208.79104580000447</ele>
      </trkpt>
      <trkpt lat="46.5566282" lon="3.3160473">
        <ele>209.86151999999538</ele>
      </trkpt>
      <trkpt lat="46.5566592" lon="3.3160507">
        <ele>209.97311999999488</ele>
      </trkpt>
      <trkpt lat="46.5567106" lon="3.3160526">
        <ele>210.0</ele>
      </trkpt>
      <trkpt lat="46.5567782" lon="3.3160552">
        <ele>210.0</ele>
      </trkpt>
      <trkpt lat="46.5572" lon="3.3161097">
        <ele>210.92000000000598</ele>
      </trkpt>
      <trkpt lat="46.5577079" lon="3.3161609">
        <ele>211.0</ele>
      </trkpt>
      <trkpt lat="46.5577984" lon="3.3161882">
        <ele>210.90515691518672</ele>
      </trkpt>
      <trkpt lat="46.5580673" lon="3.3164034">
        <ele>208.90548000000854</ele>
      </trkpt>
      <trkpt lat="46.5582441" lon="3.3166153">
        <ele>207.50615999998877</ele>
      </trkpt>
      <trkpt lat="46.5583049" lon="3.3166893">
        <ele>207.10235999998895</ele>
      </trkpt>
      <trkpt lat="46.5583921" lon="3.3167954">
        <ele>207.0</ele>
      </trkpt>
      <trkpt lat="46.5585948" lon="3.3170142">
        <ele>207.0</ele>
      </trkpt>
      <trkpt lat="46.559095" lon="3.3173786">
        <ele>209.48399999999447</ele>
      </trkpt>
      <trkpt lat="46.5596352" lon="3.317784">
        <ele>210.9775999999997</ele>
      </trkpt>
      <trkpt lat="46.559801" lon="3.3179084">
        <ele>210.52976000000058</ele>
      </trkpt>
      <trkpt lat="46.5598684" lon="3.3179351">
        <ele>210.4336399999995</ele>
      </trkpt>
      <trkpt lat="46.5599537" lon="3.3179122">
        <ele>210.51608000000056</ele>
      </trkpt>
      <trkpt lat="46.5599797" lon="3.3180143">
        <ele>210.14851999999928</ele>
      </trkpt>
      <trkpt lat="46.5602532" lon="3.3187877">
        <ele>210.57947149439644</ele>
      </trkpt>
      <trkpt lat="46.5603276" lon="3.3189738">
        <ele>210.87546676479815</ele>
      </trkpt>
      <trkpt lat="46.5603878" lon="3.3191462">
        <ele>210.97081682559988</ele>
      </trkpt>
      <trkpt lat="46.560597" lon="3.3197452">
        <ele>210.0</ele>
      </trkpt>
      <trkpt lat="46.5606482" lon="3.3198917">
        <ele>210.0</ele>
      </trkpt>
      <trkpt lat="46.5606765" lon="3.3199727">
        <ele>210.0</ele>
      </trkpt>
      <trkpt lat="46.5607966" lon="3.3203166">
        <ele>210.74648186241043</ele>
      </trkpt>
      <trkpt lat="46.5608066" lon="3.3203452">
        <ele>210.6843993727976</ele>
      </trkpt>
      <trkpt lat="46.560812" lon="3.3203606">
        <ele>210.64793868799666</ele>
      </trkpt>
      <trkpt lat="46.5608185" lon="3.3203764">
        <ele>210.61051913600878</ele>
      </trkpt>
      <trkpt lat="46.5608277" lon="3.3204803">
        <ele>210.26542574239795</ele>
      </trkpt>
      <trkpt lat="46.5608497" lon="3.3206081">
        <ele>209.81084000000055</ele>
      </trkpt>
      <trkpt lat="46.5608625" lon="3.3207077">
        <ele>209.45228000000066</ele>
      </trkpt>
      <trkpt lat="46.5608535" lon="3.3207535">
        <ele>209.2874000000004</ele>
      </trkpt>
      <trkpt lat="46.560853" lon="3.3208121">
        <ele>209.07644000000028</ele>
      </trkpt>
      <trkpt lat="46.5608642" lon="3.3208684">
        <ele>208.9859722112011</ele>
      </trkpt>
      <trkpt lat="46.5608861" lon="3.3209175">
        <ele>208.94244212000243</ele>
      </trkpt>
      <trkpt lat="46.5609169" lon="3.3209553">
        <ele>208.86790717279644</ele>
      </trkpt>
      <trkpt lat="46.5609585" lon="3.3209807">
        <ele>208.76094768800385</ele>
      </trkpt>
      <trkpt lat="46.5610085" lon="3.3210383">
        <ele>208.5346928720003</ele>
      </trkpt>
      <trkpt lat="46.5610725" lon="3.3211235">
        <ele>208.062198799993</ele>
      </trkpt>
      <trkpt lat="46.5610974" lon="3.321142">
        <ele>207.83793766399432</ele>
      </trkpt>
      <trkpt lat="46.5611549" lon="3.3213496">
        <ele>206.12524000000622</ele>
      </trkpt>
      <trkpt lat="46.5611819" lon="3.3214303">
        <ele>205.4849915471974</ele>
      </trkpt>
      <trkpt lat="46.5623997" lon="3.3249206">
        <ele>205.5987711072007</ele>
      </trkpt>
      <trkpt lat="46.5623655" lon="3.3249482">
        <ele>205.860173615997</ele>
      </trkpt>
      <trkpt lat="46.5623495" lon="3.3249734">
        <ele>206.12704276801375</ele>
      </trkpt>
      <trkpt lat="46.5623578" lon="3.3250422">
        <ele>206.94384000000264</ele>
      </trkpt>
      <trkpt lat="46.5623644" lon="3.3250725">
        <ele>207.29484000000093</ele>
      </trkpt>
      <trkpt lat="46.5623594" lon="3.3250986">
        <ele>207.55871999999408</ele>
      </trkpt>
      <trkpt lat="46.562328" lon="3.3251852">
        <ele>208.38096000000223</ele>
      </trkpt>
      <trkpt lat="46.5623146" lon="3.3252126">
        <ele>208.62864000000172</ele>
      </trkpt>
      <trkpt lat="46.5622974" lon="3.3252392">
        <ele>208.85399999999413</ele>
      </trkpt>
      <trkpt lat="46.5622403" lon="3.3252448">
        <ele>208.70891999999844</ele>
      </trkpt>
      <trkpt lat="46.5621901" lon="3.3252498">
        <ele>208.3509200000235</ele>
      </trkpt>
      <trkpt lat="46.5620094" lon="3.3253531">
        <ele>207.45159194560898</ele>
      </trkpt>
      <trkpt lat="46.5616285" lon="3.3255194">
        <ele>201.9883840639635</ele>
      </trkpt>
      <trkpt lat="46.5615502" lon="3.3255905">
        <ele>201.8788254239913</ele>
      </trkpt>
      <trkpt lat="46.5613215" lon="3.3259687">
        <ele>207.0400238320121</ele>
      </trkpt>
      <trkpt lat="46.5612376" lon="3.3260076">
        <ele>208.56776535041672</ele>
      </trkpt>
      <trkpt lat="46.5611757" lon="3.3260787">
        <ele>210.62949043360337</ele>
      </trkpt>
      <trkpt lat="46.561279" lon="3.3260637">
        <ele>209.26587899201442</ele>
      </trkpt>
      <trkpt lat="46.5611767" lon="3.3261119">
        <ele>211.29515058082947</ele>
      </trkpt>
      <trkpt lat="46.5610245" lon="3.3262141">
        <ele>212.40576890399964</ele>
      </trkpt>
      <trkpt lat="46.5608426" lon="3.3263458">
        <ele>214.3283244095939</ele>
      </trkpt>
      <trkpt lat="46.5608574" lon="3.3263997">
        <ele>214.86563999997657</ele>
      </trkpt>
      <trkpt lat="46.560868" lon="3.3264328">
        <ele>214.90848000000574</ele>
      </trkpt>
      <trkpt lat="46.5607895" lon="3.3265009">
        <ele>215.1818087279927</ele>
      </trkpt>
      <trkpt lat="46.560844" lon="3.3265718">
        <ele>215.58167999997818</ele>
      </trkpt>
      <trkpt lat="46.5611049" lon="3.3269143">
        <ele>214.02478650721355</ele>
      </trkpt>
      <trkpt lat="46.5611337" lon="3.3269773">
        <ele>213.90906147040337</ele>
      </trkpt>
      <trkpt lat="46.5611361" lon="3.3270842">
        <ele>213.8647793248065</ele>
      </trkpt>
      <trkpt lat="46.5611438" lon="3.3272474">
        <ele>213.76463999997486</ele>
      </trkpt>
      <trkpt lat="46.5611689" lon="3.3277919">
        <ele>213.33561675361744</ele>
      </trkpt>
      <trkpt lat="46.5611742" lon="3.3279517">
        <ele>212.83472437437018</ele>
      </trkpt>
      <trkpt lat="46.5611838" lon="3.3285792">
        <ele>213.39182179838642</ele>
      </trkpt>
      <trkpt lat="46.5611987" lon="3.3295488">
        <ele>211.88154058240204</ele>
      </trkpt>
      <trkpt lat="46.5612013" lon="3.3297173">
        <ele>211.68107332959852</ele>
      </trkpt>
      <trkpt lat="46.561204" lon="3.3299144">
        <ele>211.8969512960037</ele>
      </trkpt>
      <trkpt lat="46.5612101" lon="3.3303521">
        <ele>212.0953476815966</ele>
      </trkpt>
      <trkpt lat="46.5612129" lon="3.3305517">
        <ele>212.3613538128036</ele>
      </trkpt>
      <trkpt lat="46.5612189" lon="3.3309791">
        <ele>213.7091721296</ele>
      </trkpt>
      <trkpt lat="46.561221" lon="3.3311422">
        <ele>214.06764444799856</ele>
      </trkpt>
      <trkpt lat="46.5612254" lon="3.3314613">
        <ele>214.8492400000075</ele>
      </trkpt>
      <trkpt lat="46.5612268" lon="3.3315632">
        <ele>215.2110400000006</ele>
      </trkpt>
      <trkpt lat="46.5612322" lon="3.3319543">
        <ele>217.05549355840046</ele>
      </trkpt>
      <trkpt lat="46.5612395" lon="3.3324846">
        <ele>219.48236000000247</ele>
      </trkpt>
      <trkpt lat="46.5612403" lon="3.332544">
        <ele>219.5349199999946</ele>
      </trkpt>
      <trkpt lat="46.5612414" lon="3.3326243">
        <ele>219.5309599999996</ele>
      </trkpt>
      <trkpt lat="46.5612479" lon="3.3329805">
        <ele>219.14817728801273</ele>
      </trkpt>
      <trkpt lat="46.5612546" lon="3.3333536">
        <ele>220.48344000000702</ele>
      </trkpt>
      <trkpt lat="46.5612565" lon="3.3334566">
        <ele>220.47660000000383</ele>
      </trkpt>
      <trkpt lat="46.5612572" lon="3.3335562">
        <ele>220.47407999999996</ele>
      </trkpt>
      <trkpt lat="46.5612616" lon="3.3336353">
        <ele>220.54531999999426</ele>
      </trkpt>
      <trkpt lat="46.5613276" lon="3.3340932">
        <ele>221.05835486720156</ele>
      </trkpt>
      <trkpt lat="46.5613899" lon="3.3345259">
        <ele>221.0</ele>
      </trkpt>
      <trkpt lat="46.5614261" lon="3.3347848">
        <ele>220.77472000000012</ele>
      </trkpt>
      <trkpt lat="46.5614792" lon="3.3349416">
        <ele>220.21023999999989</ele>
      </trkpt>
      <trkpt lat="46.561515" lon="3.3349997">
        <ele>220.00108</ele>
      </trkpt>
      <trkpt lat="46.561597" lon="3.3351331">
        <ele>219.64101332800107</ele>
      </trkpt>
      <trkpt lat="46.5616384" lon="3.3352003">
        <ele>219.35229710080137</ele>
      </trkpt>
      <trkpt lat="46.5617281" lon="3.335272">
        <ele>219.45851987202494</ele>
      </trkpt>
      <trkpt lat="46.5629189" lon="3.3362242">
        <ele>220.70832675519966</ele>
      </trkpt>
      <trkpt lat="46.5630209" lon="3.3363058">
        <ele>220.96268178879774</ele>
      </trkpt>
      <trkpt lat="46.5632126" lon="3.3363262">
        <ele>221.56535999999983</ele>
      </trkpt>
      <trkpt lat="46.5631935" lon="3.3362862">
        <ele>221.49659999998926</ele>
      </trkpt>
      <trkpt lat="46.5631676" lon="3.3362567">
        <ele>221.40335999999957</ele>
      </trkpt>
      <trkpt lat="46.5631368" lon="3.3362394">
        <ele>221.29248000000825</ele>
      </trkpt>
      <trkpt lat="46.563104" lon="3.336236">
        <ele>221.17440000000988</ele>
      </trkpt>
      <trkpt lat="46.5630719" lon="3.3362468">
        <ele>221.05883999998946</ele>
      </trkpt>
      <trkpt lat="46.5630433" lon="3.3362707">
        <ele>220.98122782239517</ele>
      </trkpt>
      <trkpt lat="46.5630209" lon="3.3363058">
        <ele>220.96268178879774</ele>
      </trkpt>
      <trkpt lat="46.5630053" lon="3.3363544">
        <ele>220.97753697280007</ele>
      </trkpt>
      <trkpt lat="46.5630015" lon="3.3364078">
        <ele>221.0548316319995</ele>
      </trkpt>
      <trkpt lat="46.5630099" lon="3.33646">
        <ele>221.21392383999813</ele>
      </trkpt>
      <trkpt lat="46.5630296" lon="3.3365054">
        <ele>221.38024752640027</ele>
      </trkpt>
      <trkpt lat="46.5630571" lon="3.3365378">
        <ele>221.53865939520261</ele>
      </trkpt>
      <trkpt lat="46.5630902" lon="3.336556">
        <ele>221.65128844799642</ele>
      </trkpt>
      <trkpt lat="46.5631162" lon="3.3365593">
        <ele>221.69786504640382</ele>
      </trkpt>
      <trkpt lat="46.563142" lon="3.3365536">
        <ele>221.71963084799825</ele>
      </trkpt>
      <trkpt lat="46.563171" lon="3.3365353">
        <ele>221.72362555199476</ele>
      </trkpt>
      <trkpt lat="46.5631953" lon="3.3365059">
        <ele>221.71240258079342</ele>
      </trkpt>
      <trkpt lat="46.5632129" lon="3.3364678">
        <ele>221.6896057248086</ele>
      </trkpt>
      <trkpt lat="46.5632227" lon="3.3364213">
        <ele>221.6481913103911</ele>
      </trkpt>
      <trkpt lat="46.5632226" lon="3.3363726">
        <ele>221.60136000001125</ele>
      </trkpt>
      <trkpt lat="46.5632126" lon="3.3363262">
        <ele>221.56535999999983</ele>
      </trkpt>
      <trkpt lat="46.563142" lon="3.3365536">
        <ele>221.71963084799825</ele>
      </trkpt>
      <trkpt lat="46.5631483" lon="3.3366703">
        <ele>222.0</ele>
      </trkpt>
      <trkpt lat="46.5631512" lon="3.3367237">
        <ele>222.0</ele>
      </trkpt>
      <trkpt lat="46.5631547" lon="3.3367884">
        <ele>222.0</ele>
      </trkpt>
      <trkpt lat="46.5631809" lon="3.337268">
        <ele>221.4583243520034</ele>
      </trkpt>
      <trkpt lat="46.5632039" lon="3.3376888">
        <ele>221.0</ele>
      </trkpt>
      <trkpt lat="46.563237" lon="3.3386745">
        <ele>224.34679999999685</ele>
      </trkpt>
      <trkpt lat="46.563257" lon="3.3390284">
        <ele>223.7725599999992</ele>
      </trkpt>
      <trkpt lat="46.5632592" lon="3.3390805">
        <ele>223.5770800000089</ele>
      </trkpt>
      <trkpt lat="46.5632622" lon="3.3391489">
        <ele>223.32004000001075</ele>
      </trkpt>
      <trkpt lat="46.5630347" lon="3.3390646">
        <ele>224.217280000021</ele>
      </trkpt>
      <trkpt lat="46.5629554" lon="3.3390333">
        <ele>223.75899999999865</ele>
      </trkpt>
      <trkpt lat="46.562769" lon="3.3389642">
        <ele>222.66568000002144</ele>
      </trkpt>
      <trkpt lat="46.562719" lon="3.3389457">
        <ele>222.37228000000937</ele>
      </trkpt>
      <trkpt lat="46.56202" lon="3.3386906">
        <ele>221.0</ele>
      </trkpt>
      <trkpt lat="46.5621455" lon="3.3387334">
        <ele>221.0</ele>
      </trkpt>
      <trkpt lat="46.5625252" lon="3.338874">
        <ele>221.23504000002254</ele>
      </trkpt>
      <trkpt lat="46.562719" lon="3.3389457">
        <ele>222.37228000000937</ele>
      </trkpt>
      <trkpt lat="46.56202" lon="3.3386906">
        <ele>221.0</ele>
      </trkpt>
      <trkpt lat="46.5619829" lon="3.338676">
        <ele>221.0</ele>
      </trkpt>
      <trkpt lat="46.5620602" lon="3.3388277">
        <ele>221.0</ele>
      </trkpt>
      <trkpt lat="46.562037" lon="3.3388607">
        <ele>221.0</ele>
      </trkpt>
      <trkpt lat="46.5620176" lon="3.3388882">
        <ele>221.0</ele>
      </trkpt>
      <trkpt lat="46.562046" lon="3.3390307">
        <ele>220.81335388799593</ele>
      </trkpt>
      <trkpt lat="46.5620423" lon="3.3391006">
        <ele>220.73150627519536</ele>
      </trkpt>
      <trkpt lat="46.5620406" lon="3.3391699">
        <ele>220.64622930238912</ele>
      </trkpt>
      <trkpt lat="46.5620183" lon="3.3392022">
        <ele>220.64021136960545</ele>
      </trkpt>
      <trkpt lat="46.5620013" lon="3.3392287">
        <ele>220.61770913760378</ele>
      </trkpt>
      <trkpt lat="46.5619773" lon="3.3392392">
        <ele>220.65148527359335</ele>
      </trkpt>
      <trkpt lat="46.5619564" lon="3.339246">
        <ele>220.6836522240002</ele>
      </trkpt>
      <trkpt lat="46.5619324" lon="3.3392473">
        <ele>220.6789465408095</ele>
      </trkpt>
      <trkpt lat="46.5619063" lon="3.3392382">
        <ele>220.6405226463916</ele>
      </trkpt>
      <trkpt lat="46.561887" lon="3.3392262">
        <ele>220.6232013759959</ele>
      </trkpt>
      <trkpt lat="46.5618704" lon="3.3392101">
        <ele>220.61875932158998</ele>
      </trkpt>
      <trkpt lat="46.5618598" lon="3.3391853">
        <ele>220.648640617602</ele>
      </trkpt>
      <trkpt lat="46.5618505" lon="3.3391484">
        <ele>220.6617999999944</ele>
      </trkpt>
      <trkpt lat="46.5618494" lon="3.3391122">
        <ele>220.6578399999994</ele>
      </trkpt>
      <trkpt lat="46.5618556" lon="3.3390763">
        <ele>220.68016000000443</ele>
      </trkpt>
      <trkpt lat="46.5618639" lon="3.3390475">
        <ele>220.7100399999954</ele>
      </trkpt>
      <trkpt lat="46.5618759" lon="3.339024">
        <ele>220.75323999998864</ele>
      </trkpt>
      <trkpt lat="46.5618909" lon="3.3390049">
        <ele>220.807240000006</ele>
      </trkpt>
      <trkpt lat="46.5619063" lon="3.3389925">
        <ele>220.8626799999888</ele>
      </trkpt>
      <trkpt lat="46.561925" lon="3.3389868">
        <ele>220.93000000000802</ele>
      </trkpt>
      <trkpt lat="46.5619527" lon="3.3389866">
        <ele>220.9895456928011</ele>
      </trkpt>
      <trkpt lat="46.5619718" lon="3.3389942">
        <ele>220.96266426239714</ele>
      </trkpt>
      <trkpt lat="46.5619875" lon="3.3390049">
        <ele>220.9352657999989</ele>
      </trkpt>
      <trkpt lat="46.5620096" lon="3.3390284">
        <ele>220.88219458559402</ele>
      </trkpt>
      <trkpt lat="46.5620269" lon="3.3390609">
        <ele>220.81618479840117</ele>
      </trkpt>
      <trkpt lat="46.5620329" lon="3.3391125">
        <ele>220.74365580000457</ele>
      </trkpt>
      <trkpt lat="46.5620322" lon="3.3391558">
        <ele>220.69643879040927</ele>
      </trkpt>
      <trkpt lat="46.5620246" lon="3.3392076">
        <ele>220.60660220159752</ele>
      </trkpt>
      <trkpt lat="46.5620203" lon="3.3392287">
        <ele>220.5645842255988</ele>
      </trkpt>
      <trkpt lat="46.5620167" lon="3.3392495">
        <ele>220.5192477839972</ele>
      </trkpt>
      <trkpt lat="46.5619694" lon="3.3395177">
        <ele>220.0</ele>
      </trkpt>
      <trkpt lat="46.5619397" lon="3.3396859">
        <ele>220.014846619189</ele>
      </trkpt>
      <trkpt lat="46.5618485" lon="3.3402029">
        <ele>220.59769397597816</ele>
      </trkpt>
      <trkpt lat="46.5618308" lon="3.3403031">
        <ele>220.8721046207811</ele>
      </trkpt>
      <trkpt lat="46.561827" lon="3.3403259">
        <ele>220.9455941279935</ele>
      </trkpt>
      <trkpt lat="46.5618256" lon="3.3403634">
        <ele>221.03204259840783</ele>
      </trkpt>
      <trkpt lat="46.5618326" lon="3.3403946">
        <ele>221.05650572158643</ele>
      </trkpt>
      <trkpt lat="46.5618406" lon="3.3404184">
        <ele>221.0646672384188</ele>
      </trkpt>
      <trkpt lat="46.5618542" lon="3.3404379">
        <ele>221.0389261728046</ele>
      </trkpt>
      <trkpt lat="46.5618729" lon="3.340454">
        <ele>220.9861239360125</ele>
      </trkpt>
      <trkpt lat="46.5618918" lon="3.34046">
        <ele>220.91071488001066</ele>
      </trkpt>
      <trkpt lat="46.5619093" lon="3.340463">
        <ele>220.83547646398392</ele>
      </trkpt>
      <trkpt lat="46.5619312" lon="3.340462">
        <ele>220.72693862401675</ele>
      </trkpt>
      <trkpt lat="46.561953" lon="3.3404533">
        <ele>220.62054190399695</ele>
      </trkpt>
      <trkpt lat="46.5619709" lon="3.3404392">
        <ele>220.54122586880237</ele>
      </trkpt>
      <trkpt lat="46.5619826" lon="3.3404221">
        <ele>220.4535667615997</ele>
      </trkpt>
      <trkpt lat="46.5619942" lon="3.340399">
        <ele>220.3354479679988</ele>
      </trkpt>
      <trkpt lat="46.5620015" lon="3.3403695">
        <ele>220.19262307999753</ele>
      </trkpt>
      <trkpt lat="46.5620031" lon="3.3403393">
        <ele>220.0570877168052</ele>
      </trkpt>
      <trkpt lat="46.5620011" lon="3.3403088">
        <ele>219.93049825278868</ele>
      </trkpt>
      <trkpt lat="46.5619935" lon="3.3402769">
        <ele>219.82395805600058</ele>
      </trkpt>
      <trkpt lat="46.5619812" lon="3.3402525">
        <ele>219.879721120006</ele>
      </trkpt>
      <trkpt lat="46.5619637" lon="3.340228">
        <ele>219.94310214400065</ele>
      </trkpt>
      <trkpt lat="46.5619428" lon="3.3402089">
        <ele>220.01037207681844</ele>
      </trkpt>
      <trkpt lat="46.5619155" lon="3.3402045">
        <ele>220.1809120400138</ele>
      </trkpt>
      <trkpt lat="46.5618881" lon="3.3402069">
        <ele>220.35392334561658</ele>
      </trkpt>
      <trkpt lat="46.5618329" lon="3.3402675">
        <ele>220.78826228000796</ele>
      </trkpt>
      <trkpt lat="46.5618134" lon="3.3403021">
        <ele>220.98977269441144</ele>
      </trkpt>
      <trkpt lat="46.5617907" lon="3.3403359">
        <ele>221.20038984477998</ele>
      </trkpt>
      <trkpt lat="46.5617705" lon="3.340465">
        <ele>221.50434119999295</ele>
      </trkpt>
      <trkpt lat="46.5617445" lon="3.3404674">
        <ele>221.6308757279849</ele>
      </trkpt>
      <trkpt lat="46.5617042" lon="3.3404607">
        <ele>221.818739222394</ele>
      </trkpt>
      <trkpt lat="46.5614644" lon="3.3403715">
        <ele>222.24568118400146</ele>
      </trkpt>
      <trkpt lat="46.561445" lon="3.3403929">
        <ele>222.33072312000107</ele>
      </trkpt>
      <trkpt lat="46.5614324" lon="3.3404131">
        <ele>222.41085125759864</ele>
      </trkpt>
      <trkpt lat="46.5614231" lon="3.3404278">
        <ele>222.47356374720223</ele>
      </trkpt>
      <trkpt lat="46.5615225" lon="3.3405733">
        <ele>222.5497262799921</ele>
      </trkpt>
      <trkpt lat="46.5615204" lon="3.3406133">
        <ele>222.624978707202</ele>
      </trkpt>
      <trkpt lat="46.5615197" lon="3.3406266">
        <ele>222.64952249920483</ele>
      </trkpt>
      <trkpt lat="46.5616194" lon="3.3407684">
        <ele>222.80601660160173</ele>
      </trkpt>
      <trkpt lat="46.5616027" lon="3.3408107">
        <ele>222.93728321439963</ele>
      </trkpt>
      <trkpt lat="46.5615856" lon="3.34085">
        <ele>223.0600000000004</ele>
      </trkpt>
      <trkpt lat="46.5615579" lon="3.3408489">
        <ele>223.0560400000004</ele>
      </trkpt>
      <trkpt lat="46.5615271" lon="3.3408375">
        <ele>223.01500000000055</ele>
      </trkpt>
      <trkpt lat="46.5615253" lon="3.342817">
        <ele>226.35174049600099</ele>
      </trkpt>
      <trkpt lat="46.5615242" lon="3.3429121">
        <ele>227.2026717472014</ele>
      </trkpt>
      <trkpt lat="46.5611701" lon="3.3429813">
        <ele>227.4653599999997</ele>
      </trkpt>
      <trkpt lat="46.5610412" lon="3.343024">
        <ele>227.29803084798962</ele>
      </trkpt>
      <trkpt lat="46.5609446" lon="3.343082">
        <ele>226.89631999999324</ele>
      </trkpt>
      <trkpt lat="46.5608387" lon="3.343163">
        <ele>226.42543999998566</ele>
      </trkpt>
      <trkpt lat="46.5607038" lon="3.3433037">
        <ele>226.0104270175921</ele>
      </trkpt>
      <trkpt lat="46.5604978" lon="3.3435149">
        <ele>224.9279848288005</ele>
      </trkpt>
      <trkpt lat="46.5602103" lon="3.3438096">
        <ele>225.71456000000057</ele>
      </trkpt>
      <trkpt lat="46.560027" lon="3.3440027">
        <ele>226.8194399999993</ele>
      </trkpt>
      <trkpt lat="46.5599522" lon="3.344077">
        <ele>227.06578742398708</ele>
      </trkpt>
      <trkpt lat="46.5597436" lon="3.3442781">
        <ele>226.5859532735764</ele>
      </trkpt>
      <trkpt lat="46.5595347" lon="3.3444802">
        <ele>225.86545629760286</ele>
      </trkpt>
      <trkpt lat="46.5594058" lon="3.3445917">
        <ele>226.12560970559952</ele>
      </trkpt>
      <trkpt lat="46.5592496" lon="3.3447374">
        <ele>227.03832668159998</ele>
      </trkpt>
      <trkpt lat="46.5590211" lon="3.3448765">
        <ele>227.78838818399572</ele>
      </trkpt>
      <trkpt lat="46.5589375" lon="3.3449175">
        <ele>227.9480250000012</ele>
      </trkpt>
      <trkpt lat="46.5590232" lon="3.3453727">
        <ele>228.33998845440334</ele>
      </trkpt>
      <trkpt lat="46.5590829" lon="3.3457612">
        <ele>228.0</ele>
      </trkpt>
      <trkpt lat="46.5590987" lon="3.3458636">
        <ele>228.1089599999998</ele>
      </trkpt>
      <trkpt lat="46.5591644" lon="3.3462529">
        <ele>229.0</ele>
      </trkpt>
      <trkpt lat="46.559214" lon="3.3466067">
        <ele>229.9913059519882</ele>
      </trkpt>
      <trkpt lat="46.5591839" lon="3.3467543">
        <ele>230.06204000000253</ele>
      </trkpt>
      <trkpt lat="46.5591939" lon="3.3469453">
        <ele>230.10051607358798</ele>
      </trkpt>
      <trkpt lat="46.5592087" lon="3.3472265">
        <ele>230.8486800000028</ele>
      </trkpt>
      <trkpt lat="46.5592184" lon="3.3474119">
        <ele>230.8137600000041</ele>
      </trkpt>
      <trkpt lat="46.5592234" lon="3.3475077">
        <ele>230.82347999999797</ele>
      </trkpt>
      <trkpt lat="46.5593014" lon="3.3479508">
        <ele>232.137839999991</ele>
      </trkpt>
      <trkpt lat="46.5592309" lon="3.3481422">
        <ele>233.08067999998912</ele>
      </trkpt>
      <trkpt lat="46.5591621" lon="3.3483388">
        <ele>234.0</ele>
      </trkpt>
      <trkpt lat="46.5591381" lon="3.3484165">
        <ele>234.0</ele>
      </trkpt>
      <trkpt lat="46.5591338" lon="3.3484363">
        <ele>234.0</ele>
      </trkpt>
      <trkpt lat="46.5591113" lon="3.3485408">
        <ele>234.0</ele>
      </trkpt>
      <trkpt lat="46.5591247" lon="3.3486185">
        <ele>234.00401872800026</ele>
      </trkpt>
      <trkpt lat="46.5591487" lon="3.3486729">
        <ele>234.01438741919875</ele>
      </trkpt>
      <trkpt lat="46.5591637" lon="3.3487397">
        <ele>234.00494398560141</ele>
      </trkpt>
      <trkpt lat="46.5591786" lon="3.3488065">
        <ele>233.98725806399707</ele>
      </trkpt>
      <trkpt lat="46.5592015" lon="3.348915">
        <ele>234.08221239999952</ele>
      </trkpt>
      <trkpt lat="46.559333" lon="3.349645">
        <ele>236.12319999999227</ele>
      </trkpt>
      <trkpt lat="46.5594118" lon="3.3499771">
        <ele>237.1429116512033</ele>
      </trkpt>
      <trkpt lat="46.5594558" lon="3.3501867">
        <ele>237.63123999999289</ele>
      </trkpt>
      <trkpt lat="46.5593775" lon="3.3501811">
        <ele>238.13396000002467</ele>
      </trkpt>
      <trkpt lat="46.5592176" lon="3.350206">
        <ele>239.37488000002418</ele>
      </trkpt>
      <trkpt lat="46.5589588" lon="3.3502698">
        <ele>240.74109175040294</ele>
      </trkpt>
      <trkpt lat="46.5583106" lon="3.3505261">
        <ele>239.09736168639898</ele>
      </trkpt>
      <trkpt lat="46.5574051" lon="3.3509347">
        <ele>240.3649199999993</ele>
      </trkpt>
      <trkpt lat="46.557257" lon="3.3510004">
        <ele>240.60144000000082</ele>
      </trkpt>
      <trkpt lat="46.5570693" lon="3.3510962">
        <ele>240.425351913607</ele>
      </trkpt>
      <trkpt lat="46.556459" lon="3.3514094">
        <ele>238.25239999998803</ele>
      </trkpt>
      <trkpt lat="46.5564322" lon="3.3514295">
        <ele>238.15592000001175</ele>
      </trkpt>
      <trkpt lat="46.5563615" lon="3.3514672">
        <ele>237.80280000000948</ele>
      </trkpt>
      <trkpt lat="46.5562797" lon="3.3515095">
        <ele>237.21383999998216</ele>
      </trkpt>
      <trkpt lat="46.5561307" lon="3.3515838">
        <ele>236.14103999997906</ele>
      </trkpt>
      <trkpt lat="46.5560248" lon="3.3516444">
        <ele>235.68928000001074</ele>
      </trkpt>
      <trkpt lat="46.5557582" lon="3.3517969">
        <ele>235.7393200000015</ele>
      </trkpt>
      <trkpt lat="46.5556228" lon="3.3518799">
        <ele>236.52555999999367</ele>
      </trkpt>
      <trkpt lat="46.5555093" lon="3.3519496">
        <ele>236.83657061118984</ele>
      </trkpt>
      <trkpt lat="46.5549067" lon="3.3523193">
        <ele>236.46419331519147</ele>
      </trkpt>
      <trkpt lat="46.5547722" lon="3.3524971">
        <ele>236.3560832704152</ele>
      </trkpt>
      <trkpt lat="46.5546901" lon="3.3525707">
        <ele>236.10944730720823</ele>
      </trkpt>
      <trkpt lat="46.5546842" lon="3.3527915">
        <ele>236.68360187197896</ele>
      </trkpt>
      <trkpt lat="46.5547047" lon="3.3527405">
        <ele>236.74810533601337</ele>
      </trkpt>
      <trkpt lat="46.5547129" lon="3.3526826">
        <ele>236.6017389983906</ele>
      </trkpt>
      <trkpt lat="46.5547078" lon="3.3526239">
        <ele>236.370961603215</ele>
      </trkpt>
      <trkpt lat="46.5546901" lon="3.3525707">
        <ele>236.10944730720823</ele>
      </trkpt>
      <trkpt lat="46.5546644" lon="3.3525318">
        <ele>235.88248984320015</ele>
      </trkpt>
      <trkpt lat="46.554632" lon="3.3525055">
        <ele>235.68856895999258</ele>
      </trkpt>
      <trkpt lat="46.5545957" lon="3.3524943">
        <ele>235.54452000000038</ele>
      </trkpt>
      <trkpt lat="46.5545566" lon="3.3524998">
        <ele>235.40375999999264</ele>
      </trkpt>
      <trkpt lat="46.5545206" lon="3.3525228">
        <ele>235.2966630527862</ele>
      </trkpt>
      <trkpt lat="46.5544913" lon="3.3525609">
        <ele>235.2056614032096</ele>
      </trkpt>
      <trkpt lat="46.5544716" lon="3.3526103">
        <ele>235.1365785407969</ele>
      </trkpt>
      <trkpt lat="46.5544633" lon="3.3526691">
        <ele>235.10920262881106</ele>
      </trkpt>
      <trkpt lat="46.5544687" lon="3.3527285">
        <ele>235.15914943200679</ele>
      </trkpt>
      <trkpt lat="46.5544871" lon="3.3527822">
        <ele>235.30467532482066</ele>
      </trkpt>
      <trkpt lat="46.5545165" lon="3.3528243">
        <ele>235.47535568798904</ele>
      </trkpt>
      <trkpt lat="46.5545482" lon="3.3528475">
        <ele>235.65328647999516</ele>
      </trkpt>
      <trkpt lat="46.5545839" lon="3.352857">
        <ele>235.8608981919826</ele>
      </trkpt>
      <trkpt lat="46.55462" lon="3.3528511">
        <ele>236.0971772799992</ele>
      </trkpt>
      <trkpt lat="46.5546534" lon="3.3528303">
        <ele>236.3622464607966</ele>
      </trkpt>
      <trkpt lat="46.5546842" lon="3.3527915">
        <ele>236.68360187197896</ele>
      </trkpt>
      <trkpt lat="46.5545482" lon="3.3528475">
        <ele>235.65328647999516</ele>
      </trkpt>
      <trkpt lat="46.5545297" lon="3.3529812">
        <ele>235.3890763456154</ele>
      </trkpt>
      <trkpt lat="46.5545056" lon="3.3530925">
        <ele>235.22015999999576</ele>
      </trkpt>
      <trkpt lat="46.5544525" lon="3.3532763">
        <ele>235.02899999998726</ele>
      </trkpt>
      <trkpt lat="46.5543995" lon="3.3534422">
        <ele>235.16670734401174</ele>
      </trkpt>
      <trkpt lat="46.5541204" lon="3.3542135">
        <ele>235.3673220160086</ele>
      </trkpt>
      <trkpt lat="46.5541073" lon="3.3542496">
        <ele>235.74576824319774</ele>
      </trkpt>
      <trkpt lat="46.5540435" lon="3.3543">
        <ele>236.20943199999553</ele>
      </trkpt>
      <trkpt lat="46.5540326" lon="3.3543006">
        <ele>236.19654970240117</ele>
      </trkpt>
      <trkpt lat="46.5539066" lon="3.3543081">
        <ele>236.06793595839446</ele>
      </trkpt>
      <trkpt lat="46.5537237" lon="3.3543411">
        <ele>238.14368949440987</ele>
      </trkpt>
      <trkpt lat="46.5534512" lon="3.354383">
        <ele>239.68494041600115</ele>
      </trkpt>
      <trkpt lat="46.5534348" lon="3.3540065">
        <ele>237.481520000008</ele>
      </trkpt>
      <trkpt lat="46.5533285" lon="3.3538397">
        <ele>237.0143188080024</ele>
      </trkpt>
      <trkpt lat="46.5532124" lon="3.3536696">
        <ele>237.09166940160017</ele>
      </trkpt>
      <trkpt lat="46.5530791" lon="3.353544">
        <ele>236.75839999999948</ele>
      </trkpt>
      <trkpt lat="46.5529694" lon="3.3534941">
        <ele>236.0890917984111</ele>
      </trkpt>
      <trkpt lat="46.5528883" lon="3.3535261">
        <ele>235.6739928047959</ele>
      </trkpt>
      <trkpt lat="46.5528511" lon="3.3535615">
        <ele>235.48077674398724</ele>
      </trkpt>
      <trkpt lat="46.5525343" lon="3.3536171">
        <ele>237.67534222882455</ele>
      </trkpt>
      <trkpt lat="46.5523256" lon="3.3538442">
        <ele>237.89572689923338</ele>
      </trkpt>
      <trkpt lat="46.5517296" lon="3.354419">
        <ele>237.0226071040058</ele>
      </trkpt>
      <trkpt lat="46.551623" lon="3.3545057">
        <ele>237.7494285119997</ele>
      </trkpt>
      <trkpt lat="46.5514498" lon="3.3545645">
        <ele>238.40246563199946</ele>
      </trkpt>
      <trkpt lat="46.5510164" lon="3.3549733">
        <ele>235.31808000001274</ele>
      </trkpt>
      <trkpt lat="46.5507962" lon="3.3550218">
        <ele>234.0</ele>
      </trkpt>
      <trkpt lat="46.5507004" lon="3.3551654">
        <ele>234.0</ele>
      </trkpt>
      <trkpt lat="46.550627" lon="3.355362">
        <ele>234.07798303999846</ele>
      </trkpt>
      <trkpt lat="46.550522" lon="3.3555912">
        <ele>233.8947010560027</ele>
      </trkpt>
      <trkpt lat="46.5502372" lon="3.3557368">
        <ele>233.74779427840417</ele>
      </trkpt>
      <trkpt lat="46.5501806" lon="3.3557525">
        <ele>233.95703656000615</ele>
      </trkpt>
      <trkpt lat="46.5501073" lon="3.3557814">
        <ele>234.31201890879913</ele>
      </trkpt>
      <trkpt lat="46.5499296" lon="3.3558429">
        <ele>235.00872847360003</ele>
      </trkpt>
      <trkpt lat="46.5495144" lon="3.3560405">
        <ele>235.74580000000083</ele>
      </trkpt>
      <trkpt lat="46.5495727" lon="3.3562449">
        <ele>236.74089717920273</ele>
      </trkpt>
      <trkpt lat="46.5499191" lon="3.3572862">
        <ele>237.93907999998805</ele>
      </trkpt>
      <trkpt lat="46.5499299" lon="3.3573297">
        <ele>238.13456000000838</ele>
      </trkpt>
      <trkpt lat="46.5499382" lon="3.3573754">
        <ele>238.32895999999892</ele>
      </trkpt>
      <trkpt lat="46.5500049" lon="3.3578426">
        <ele>239.995883529602</ele>
      </trkpt>
      <trkpt lat="46.5500462" lon="3.3578089">
        <ele>239.98136550720108</ele>
      </trkpt>
      <trkpt lat="46.5500792" lon="3.3577596">
        <ele>239.93456000000015</ele>
      </trkpt>
      <trkpt lat="46.5501014" lon="3.3576988">
        <ele>239.71568000000025</ele>
      </trkpt>
      <trkpt lat="46.5501104" lon="3.3576411">
        <ele>239.50795999999968</ele>
      </trkpt>
      <trkpt lat="46.550109" lon="3.357578">
        <ele>239.28080000000068</ele>
      </trkpt>
      <trkpt lat="46.5500963" lon="3.3575169">
        <ele>239.0608399999992</ele>
      </trkpt>
      <trkpt lat="46.5500665" lon="3.3574521">
        <ele>238.86884213600035</ele>
      </trkpt>
      <trkpt lat="46.5500255" lon="3.3574055">
        <ele>238.69103035999615</ele>
      </trkpt>
      <trkpt lat="46.5499947" lon="3.3573863">
        <ele>238.5715999999968</ele>
      </trkpt>
      <trkpt lat="46.5499619" lon="3.3573765">
        <ele>238.41823999999838</ele>
      </trkpt>
      <trkpt lat="46.5499382" lon="3.3573754">
        <ele>238.32895999999892</ele>
      </trkpt>
      <trkpt lat="46.5498921" lon="3.3573877">
        <ele>238.20728000000304</ele>
      </trkpt>
      <trkpt lat="46.5498635" lon="3.3574061">
        <ele>238.17056000000252</ele>
      </trkpt>
      <trkpt lat="46.5498378" lon="3.357432">
        <ele>238.1712799999966</ele>
      </trkpt>
      <trkpt lat="46.5498116" lon="3.3574723">
        <ele>238.22203999999329</ele>
      </trkpt>
      <trkpt lat="46.5497925" lon="3.3575203">
        <ele>238.32608000000846</ele>
      </trkpt>
      <trkpt lat="46.5497792" lon="3.357596">
        <ele>238.55072000001178</ele>
      </trkpt>
      <trkpt lat="46.5497832" lon="3.3576739">
        <ele>238.8455600000009</ele>
      </trkpt>
      <trkpt lat="46.5497931" lon="3.3577159">
        <ele>239.03240000000847</ele>
      </trkpt>
      <trkpt lat="46.5498081" lon="3.3577546">
        <ele>239.225719999999</ele>
      </trkpt>
      <trkpt lat="46.5498447" lon="3.3578102">
        <ele>239.50617581760375</ele>
      </trkpt>
      <trkpt lat="46.5498945" lon="3.3578476">
        <ele>239.7156665280015</ele>
      </trkpt>
      <trkpt lat="46.54995" lon="3.3578588">
        <ele>239.87250240000645</ele>
      </trkpt>
      <trkpt lat="46.5500049" lon="3.3578426">
        <ele>239.995883529602</ele>
      </trkpt>
      <trkpt lat="46.5498447" lon="3.3578102">
        <ele>239.50617581760375</ele>
      </trkpt>
      <trkpt lat="46.5497729" lon="3.3579522">
        <ele>239.69580227520134</ele>
      </trkpt>
      <trkpt lat="46.549751" lon="3.3579955">
        <ele>239.80619832000016</ele>
      </trkpt>
      <trkpt lat="46.5498017" lon="3.3580663">
        <ele>240.02761287839945</ele>
      </trkpt>
      <trkpt lat="46.5498381" lon="3.3581756">
        <ele>240.25188013439643</ele>
      </trkpt>
      <trkpt lat="46.5498455" lon="3.3583907">
        <ele>240.55619999998726</ele>
      </trkpt>
      <trkpt lat="46.550073" lon="3.3610157">
        <ele>240.5742530880024</ele>
      </trkpt>
      <trkpt lat="46.5500545" lon="3.3610269">
        <ele>240.61959998399794</ele>
      </trkpt>
      <trkpt lat="46.5500395" lon="3.3610464">
        <ele>240.69109382400657</ele>
      </trkpt>
      <trkpt lat="46.5500298" lon="3.361072">
        <ele>240.78213004800733</ele>
      </trkpt>
      <trkpt lat="46.5500264" lon="3.3611007">
        <ele>240.87460419839985</ele>
      </trkpt>
      <trkpt lat="46.5500298" lon="3.3611295">
        <ele>241.0109161280119</ele>
      </trkpt>
      <trkpt lat="46.5500015" lon="3.3611542">
        <ele>241.3031647039983</ele>
      </trkpt>
      <trkpt lat="46.5499706" lon="3.3612055">
        <ele>241.6796000000004</ele>
      </trkpt>
      <trkpt lat="46.5499202" lon="3.3613821">
        <ele>242.95112000000108</ele>
      </trkpt>
      <trkpt lat="46.5499156" lon="3.3616078">
        <ele>244.81561022720285</ele>
      </trkpt>
      <trkpt lat="46.5499121" lon="3.3617817">
        <ele>246.42775586719804</ele>
      </trkpt>
      <trkpt lat="46.5492812" lon="3.3644149">
        <ele>243.0</ele>
      </trkpt>
      <trkpt lat="46.5492619" lon="3.3644954">
        <ele>243.0</ele>
      </trkpt>
      <trkpt lat="46.5490879" lon="3.3645458">
        <ele>242.6129746272171</ele>
      </trkpt>
      <trkpt lat="46.5489864" lon="3.3645752">
        <ele>242.04556154878327</ele>
      </trkpt>
      <trkpt lat="46.5489269" lon="3.3646294">
        <ele>241.56211354558704</ele>
      </trkpt>
      <trkpt lat="46.5488879" lon="3.3647182">
        <ele>241.01448000000005</ele>
      </trkpt>
      <trkpt lat="46.5486166" lon="3.3657809">
        <ele>240.83100000000877</ele>
      </trkpt>
      <trkpt lat="46.548385" lon="3.3667681">
        <ele>242.36515999999938</ele>
      </trkpt>
      <trkpt lat="46.548369" lon="3.3668361">
        <ele>242.60996</ele>
      </trkpt>
      <trkpt lat="46.5482377" lon="3.3674847">
        <ele>244.25636000000964</ele>
      </trkpt>
      <trkpt lat="46.5482083" lon="3.367566">
        <ele>244.2067085119929</ele>
      </trkpt>
      <trkpt lat="46.5481932" lon="3.3676028">
        <ele>244.1777379583999</ele>
      </trkpt>
      <trkpt lat="46.5481444" lon="3.3676939">
        <ele>244.1144588863914</ele>
      </trkpt>
      <trkpt lat="46.5480695" lon="3.3677932">
        <ele>243.93915999998944</ele>
      </trkpt>
      <trkpt lat="46.5477441" lon="3.3681159">
        <ele>240.47061817760866</ele>
      </trkpt>
      <trkpt lat="46.5475637" lon="3.3683357">
        <ele>238.9980461936002</ele>
      </trkpt>
      <trkpt lat="46.5475016" lon="3.3684526">
        <ele>238.99752688640487</ele>
      </trkpt>
      <trkpt lat="46.5474395" lon="3.3685515">
        <ele>239.0</ele>
      </trkpt>
      <trkpt lat="46.5471891" lon="3.3688937">
        <ele>236.74419999997872</ele>
      </trkpt>
      <trkpt lat="46.5470919" lon="3.3690221">
        <ele>235.58211999998616</ele>
      </trkpt>
      <trkpt lat="46.5463295" lon="3.3700984">
        <ele>235.2138000000043</ele>
      </trkpt>
      <trkpt lat="46.5462726" lon="3.3701395">
        <ele>235.4186399999935</ele>
      </trkpt>
      <trkpt lat="46.5462194" lon="3.3700284">
        <ele>235.61016000000632</ele>
      </trkpt>
      <trkpt lat="46.5460893" lon="3.3697253">
        <ele>235.92147999999452</ele>
      </trkpt>
      <trkpt lat="46.5459399" lon="3.3693399">
        <ele>235.14438675040077</ele>
      </trkpt>
      <trkpt lat="46.5459068" lon="3.3692715">
        <ele>235.16466524799412</ele>
      </trkpt>
      <trkpt lat="46.5458776" lon="3.3692207">
        <ele>235.1283612927918</ele>
      </trkpt>
      <trkpt lat="46.5458541" lon="3.3691962">
        <ele>235.0668115167989</ele>
      </trkpt>
      <trkpt lat="46.54582" lon="3.3691616">
        <ele>235.01648895999998</ele>
      </trkpt>
      <trkpt lat="46.5456058" lon="3.3693559">
        <ele>235.0</ele>
      </trkpt>
      <trkpt lat="46.5454956" lon="3.3694193">
        <ele>234.3524800000264</ele>
      </trkpt>
      <trkpt lat="46.5442924" lon="3.3703391">
        <ele>227.09471999997595</ele>
      </trkpt>
      <trkpt lat="46.5440566" lon="3.3706015">
        <ele>229.6504980960359</ele>
      </trkpt>
      <trkpt lat="46.5437137" lon="3.3710152">
        <ele>234.89204000002314</ele>
      </trkpt>
      <trkpt lat="46.5437045" lon="3.3710311">
        <ele>234.99140000003354</ele>
      </trkpt>
      <trkpt lat="46.5435816" lon="3.3714103">
        <ele>236.2042910207783</ele>
      </trkpt>
      <trkpt lat="46.5435047" lon="3.3715278">
        <ele>236.57458935360154</ele>
      </trkpt>
      <trkpt lat="46.5434325" lon="3.3715709">
        <ele>236.86468067999266</ele>
      </trkpt>
      <trkpt lat="46.5434154" lon="3.3715901">
        <ele>236.89876491839655</ele>
      </trkpt>
      <trkpt lat="46.5430804" lon="3.3713683">
        <ele>238.0</ele>
      </trkpt>
      <trkpt lat="46.542774" lon="3.3718198">
        <ele>237.4698174079922</ele>
      </trkpt>
      <trkpt lat="46.5426916" lon="3.3719833">
        <ele>237.480600000016</ele>
      </trkpt>
      <trkpt lat="46.5426298" lon="3.3721764">
        <ele>237.23039999999855</ele>
      </trkpt>
      <trkpt lat="46.5425296" lon="3.372557">
        <ele>235.87157388799267</ele>
      </trkpt>
      <trkpt lat="46.5424887" lon="3.3726861">
        <ele>236.05410602720067</ele>
      </trkpt>
      <trkpt lat="46.5424397" lon="3.3727906">
        <ele>236.21707999999012</ele>
      </trkpt>
      <trkpt lat="46.5423971" lon="3.3728483">
        <ele>236.37043999999173</ele>
      </trkpt>
      <trkpt lat="46.5423514" lon="3.3728733">
        <ele>236.53495999999586</ele>
      </trkpt>
      <trkpt lat="46.5422974" lon="3.3728735">
        <ele>236.72935999999117</ele>
      </trkpt>
      <trkpt lat="46.5422297" lon="3.3728557">
        <ele>236.97307999999975</ele>
      </trkpt>
      <trkpt lat="46.5421644" lon="3.3728503">
        <ele>237.62448000003042</ele>
      </trkpt>
      <trkpt lat="46.5421229" lon="3.3728631">
        <ele>238.07267999997248</ele>
      </trkpt>
      <trkpt lat="46.5420824" lon="3.3728912">
        <ele>238.51008000001957</ele>
      </trkpt>
      <trkpt lat="46.5420454" lon="3.3729315">
        <ele>238.90968000000794</ele>
      </trkpt>
      <trkpt lat="46.5419865" lon="3.3730146">
        <ele>239.54579999999805</ele>
      </trkpt>
      <trkpt lat="46.5414087" lon="3.3739415">
        <ele>242.11808000000656</ele>
      </trkpt>
      <trkpt lat="46.540169" lon="3.3758104">
        <ele>243.35926950400443</ele>
      </trkpt>
      <trkpt lat="46.5399174" lon="3.3756724">
        <ele>244.18763848959776</ele>
      </trkpt>
      <trkpt lat="46.5398052" lon="3.3760469">
        <ele>246.17139999997448</ele>
      </trkpt>
      <trkpt lat="46.5396425" lon="3.3764595">
        <ele>248.50104460000387</ele>
      </trkpt>
      <trkpt lat="46.5389687" lon="3.3774858">
        <ele>249.72736779840645</ele>
      </trkpt>
      <trkpt lat="46.5387595" lon="3.3778044">
        <ele>251.0446422720009</ele>
      </trkpt>
      <trkpt lat="46.5383551" lon="3.37843">
        <ele>253.0</ele>
      </trkpt>
      <trkpt lat="46.5375174" lon="3.379586">
        <ele>253.93736000000467</ele>
      </trkpt>
      <trkpt lat="46.5372424" lon="3.3801306">
        <ele>254.92736000001196</ele>
      </trkpt>
      <trkpt lat="46.5371503" lon="3.3800707">
        <ele>255.0659003183997</ele>
      </trkpt>
      <trkpt lat="46.5370804" lon="3.380098">
        <ele>255.1801255679988</ele>
      </trkpt>
      <trkpt lat="46.5370041" lon="3.3801908">
        <ele>255.53936565120642</ele>
      </trkpt>
      <trkpt lat="46.5365581" lon="3.3808502">
        <ele>253.58542819520267</ele>
      </trkpt>
      <trkpt lat="46.5362452" lon="3.3813134">
        <ele>252.72823999999923</ele>
      </trkpt>
      <trkpt lat="46.5361922" lon="3.3813919">
        <ele>253.02168000000074</ele>
      </trkpt>
      <trkpt lat="46.5360647" lon="3.3815418">
        <ele>254.51022580162427</ele>
      </trkpt>
      <trkpt lat="46.5351367" lon="3.3825577">
        <ele>256.625863166375</ele>
      </trkpt>
      <trkpt lat="46.5350569" lon="3.3826632">
        <ele>257.5058275967938</ele>
      </trkpt>
      <trkpt lat="46.5349538" lon="3.382842">
        <ele>258.12786681600903</ele>
      </trkpt>
      <trkpt lat="46.5346401" lon="3.3834816">
        <ele>256.62404080640533</ele>
      </trkpt>
      <trkpt lat="46.534587" lon="3.3836236">
        <ele>256.4637265279929</ele>
      </trkpt>
      <trkpt lat="46.5345484" lon="3.3837759">
        <ele>256.40374586240875</ele>
      </trkpt>
      <trkpt lat="46.5345311" lon="3.3838963">
        <ele>256.3493999999828</ele>
      </trkpt>
      <trkpt lat="46.5344825" lon="3.3839072">
        <ele>256.6600799999801</ele>
      </trkpt>
      <trkpt lat="46.5344173" lon="3.3839444">
        <ele>256.9174083647952</ele>
      </trkpt>
      <trkpt lat="46.534195" lon="3.3840969">
        <ele>257.82161832001975</ele>
      </trkpt>
      <trkpt lat="46.5330722" lon="3.3849878">
        <ele>257.00263168639987</ele>
      </trkpt>
      <trkpt lat="46.5329682" lon="3.3850355">
        <ele>257.3144800000032</ele>
      </trkpt>
      <trkpt lat="46.532872" lon="3.3850621">
        <ele>257.66080000000875</ele>
      </trkpt>
      <trkpt lat="46.5317214" lon="3.3851951">
        <ele>254.43603301440598</ele>
      </trkpt>
      <trkpt lat="46.5307499" lon="3.3852974">
        <ele>255.04942256960035</ele>
      </trkpt>
      <trkpt lat="46.5306175" lon="3.3853263">
        <ele>255.0389536399989</ele>
      </trkpt>
      <trkpt lat="46.5300755" lon="3.3855281">
        <ele>256.7550647119921</ele>
      </trkpt>
      <trkpt lat="46.5297559" lon="3.3856483">
        <ele>256.37416077759787</ele>
      </trkpt>
      <trkpt lat="46.5296561" lon="3.3856972">
        <ele>256.6265786432057</ele>
      </trkpt>
      <trkpt lat="46.5295864" lon="3.385762">
        <ele>256.8687649280008</ele>
      </trkpt>
      <trkpt lat="46.5295273" lon="3.3858433">
        <ele>257.0</ele>
      </trkpt>
      <trkpt lat="46.5294674" lon="3.3859874">
        <ele>257.0</ele>
      </trkpt>
      <trkpt lat="46.5294256" lon="3.3861289">
        <ele>257.0</ele>
      </trkpt>
      <trkpt lat="46.5293853" lon="3.3862295">
        <ele>257.0</ele>
      </trkpt>
      <trkpt lat="46.529329" lon="3.3863227">
        <ele>257.0</ele>
      </trkpt>
      <trkpt lat="46.5292444" lon="3.3864262">
        <ele>256.9624118911986</ele>
      </trkpt>
      <trkpt lat="46.529202" lon="3.3864568">
        <ele>256.96890214400185</ele>
      </trkpt>
      <trkpt lat="46.5291398" lon="3.3864716">
        <ele>256.90328000001045</ele>
      </trkpt>
      <trkpt lat="46.5290937" lon="3.3864652">
        <ele>256.7373199999897</ele>
      </trkpt>
      <trkpt lat="46.5290048" lon="3.3864005">
        <ele>256.41728000000967</ele>
      </trkpt>
      <trkpt lat="46.5287848" lon="3.3861855">
        <ele>255.70839001596926</ele>
      </trkpt>
      <trkpt lat="46.5287145" lon="3.3861219">
        <ele>255.1021437519953</ele>
      </trkpt>
      <trkpt lat="46.5286158" lon="3.3860148">
        <ele>254.04478736637319</ele>
      </trkpt>
      <trkpt lat="46.5285377" lon="3.3858691">
        <ele>253.735720000004</ele>
      </trkpt>
      <trkpt lat="46.5284822" lon="3.3856601">
        <ele>252.9122799999966</ele>
      </trkpt>
      <trkpt lat="46.5282374" lon="3.3842589">
        <ele>250.42395333441078</ele>
      </trkpt>
      <trkpt lat="46.5268975" lon="3.381988">
        <ele>240.98779999998965</ele>
      </trkpt>
      <trkpt lat="46.5267802" lon="3.3821406">
        <ele>241.114879999991</ele>
      </trkpt>
      <trkpt lat="46.5264127" lon="3.3825624">
        <ele>240.77536000000055</ele>
      </trkpt>
      <trkpt lat="46.5262306" lon="3.3828541">
        <ele>239.8818092384021</ele>
      </trkpt>
      <trkpt lat="46.5260731" lon="3.3831638">
        <ele>240.13684000000785</ele>
      </trkpt>
      <trkpt lat="46.5256838" lon="3.3839757">
        <ele>241.0766399999784</ele>
      </trkpt>
      <trkpt lat="46.5256686" lon="3.3840074">
        <ele>241.18607999997812</ele>
      </trkpt>
      <trkpt lat="46.5255467" lon="3.384288">
        <ele>241.6408851840027</ele>
      </trkpt>
      <trkpt lat="46.5255204" lon="3.3843485">
        <ele>241.68136617602028</ele>
      </trkpt>
      <trkpt lat="46.5255035" lon="3.3844003">
        <ele>241.69133839200845</ele>
      </trkpt>
      <trkpt lat="46.5253784" lon="3.3847838">
        <ele>242.63134136318664</ele>
      </trkpt>
      <trkpt lat="46.5241692" lon="3.389464">
        <ele>257.9726399999688</ele>
      </trkpt>
      <trkpt lat="46.5240402" lon="3.3899892">
        <ele>257.93173871358766</ele>
      </trkpt>
      <trkpt lat="46.5238567" lon="3.3906792">
        <ele>257.50941949439385</ele>
      </trkpt>
      <trkpt lat="46.5238045" lon="3.3908753">
        <ele>258.1510799999994</ele>
      </trkpt>
      <trkpt lat="46.5237536" lon="3.3910109">
        <ele>258.63923999999975</ele>
      </trkpt>
      <trkpt lat="46.5237048" lon="3.3911073">
        <ele>258.9862799999994</ele>
      </trkpt>
      <trkpt lat="46.5236521" lon="3.3911826">
        <ele>259.25736000000006</ele>
      </trkpt>
      <trkpt lat="46.5235551" lon="3.3912792">
        <ele>259.20184000002155</ele>
      </trkpt>
      <trkpt lat="46.52302" lon="3.3916962">
        <ele>254.85032000001843</ele>
      </trkpt>
      <trkpt lat="46.522326" lon="3.3921964">
        <ele>253.90704000000005</ele>
      </trkpt>
      <trkpt lat="46.5212432" lon="3.3929588">
        <ele>250.7683531264061</ele>
      </trkpt>
      <trkpt lat="46.5193416" lon="3.396597">
        <ele>241.74919999999952</ele>
      </trkpt>
      <trkpt lat="46.519282" lon="3.3967058">
        <ele>242.19937337599802</ele>
      </trkpt>
      <trkpt lat="46.5189431" lon="3.3973019">
        <ele>241.10348000000954</ele>
      </trkpt>
      <trkpt lat="46.5183943" lon="3.3983294">
        <ele>240.20531999999002</ele>
      </trkpt>
      <trkpt lat="46.5183553" lon="3.3986541">
        <ele>242.09131842081308</ele>
      </trkpt>
      <trkpt lat="46.5182739" lon="3.3993309">
        <ele>242.5720799999781</ele>
      </trkpt>
      <trkpt lat="46.51819" lon="3.4003279">
        <ele>242.5451070399706</ele>
      </trkpt>
      <trkpt lat="46.5180895" lon="3.4014884">
        <ele>244.03930307201907</ele>
      </trkpt>
      <trkpt lat="46.5178449" lon="3.4019735">
        <ele>243.48328000000038</ele>
      </trkpt>
      <trkpt lat="46.5172138" lon="3.4030158">
        <ele>243.7743999999966</ele>
      </trkpt>
      <trkpt lat="46.515356" lon="3.4055186">
        <ele>242.14855999998986</ele>
      </trkpt>
      <trkpt lat="46.5144848" lon="3.4055969">
        <ele>244.85472000000664</ele>
      </trkpt>
      <trkpt lat="46.5143328" lon="3.4063155">
        <ele>245.21237452800366</ele>
      </trkpt>
      <trkpt lat="46.513904" lon="3.4080844">
        <ele>248.94628889603536</ele>
      </trkpt>
      <trkpt lat="46.5133814" lon="3.4104096">
        <ele>266.47455999999966</ele>
      </trkpt>
      <trkpt lat="46.5132607" lon="3.4112366">
        <ele>265.21460620480553</ele>
      </trkpt>
      <trkpt lat="46.513215" lon="3.4118522">
        <ele>257.65546783998303</ele>
      </trkpt>
      <trkpt lat="46.5132307" lon="3.4121759">
        <ele>253.5183634544002</ele>
      </trkpt>
      <trkpt lat="46.5132822" lon="3.4124465">
        <ele>253.0</ele>
      </trkpt>
      <trkpt lat="46.5134903" lon="3.4129513">
        <ele>256.6246800000001</ele>
      </trkpt>
      <trkpt lat="46.5134394" lon="3.4151444">
        <ele>263.18334429440506</ele>
      </trkpt>
      <trkpt lat="46.5134172" lon="3.4161004">
        <ele>264.36924203520545</ele>
      </trkpt>
      <trkpt lat="46.5132122" lon="3.4174848">
        <ele>271.72045770242664</ele>
      </trkpt>
      <trkpt lat="46.5130552" lon="3.418044">
        <ele>271.0869867520358</ele>
      </trkpt>
      <trkpt lat="46.5128076" lon="3.4188936">
        <ele>269.5535999999688</ele>
      </trkpt>
      <trkpt lat="46.5126003" lon="3.4192853">
        <ele>269.6389199999908</ele>
      </trkpt>
      <trkpt lat="46.512368" lon="3.4198409">
        <ele>270.2509844479886</ele>
      </trkpt>
      <trkpt lat="46.5121081" lon="3.4207749">
        <ele>273.1085843024118</ele>
      </trkpt>
      <trkpt lat="46.5122115" lon="3.4214187">
        <ele>275.29184000000305</ele>
      </trkpt>
      <trkpt lat="46.5124441" lon="3.4219068">
        <ele>273.9789279551418</ele>
      </trkpt>
      <trkpt lat="46.5117748" lon="3.4221813">
        <ele>281.8895087296229</ele>
      </trkpt>
      <trkpt lat="46.5113827" lon="3.4227091">
        <ele>284.0390514928086</ele>
      </trkpt>
      <trkpt lat="46.5102651" lon="3.423337">
        <ele>288.0912800000142</ele>
      </trkpt>
      <trkpt lat="46.5099373" lon="3.4237917">
        <ele>288.6997599999986</ele>
      </trkpt>
      <trkpt lat="46.5094902" lon="3.4239866">
        <ele>287.29647999999906</ele>
      </trkpt>
      <trkpt lat="46.5091872" lon="3.4240804">
        <ele>286.9719931904008</ele>
      </trkpt>
      <trkpt lat="46.5089835" lon="3.4242536">
        <ele>286.68703999999957</ele>
      </trkpt>
      <trkpt lat="46.5087103" lon="3.4243186">
        <ele>287.44761152321666</ele>
      </trkpt>
      <trkpt lat="46.5082782" lon="3.4246145">
        <ele>289.6122000000005</ele>
      </trkpt>
      <trkpt lat="46.5077168" lon="3.4253651">
        <ele>289.464871692807</ele>
      </trkpt>
      <trkpt lat="46.5073095" lon="3.4264694">
        <ele>290.77686772800524</ele>
      </trkpt>
      <trkpt lat="46.506922" lon="3.4276458">
        <ele>291.4367303040049</ele>
      </trkpt>
      <trkpt lat="46.5068873" lon="3.4279562">
        <ele>291.0</ele>
      </trkpt>
      <trkpt lat="46.506768" lon="3.4282016">
        <ele>291.52575999999976</ele>
      </trkpt>
      <trkpt lat="46.506629" lon="3.4289594">
        <ele>291.9655792959969</ele>
      </trkpt>
      <trkpt lat="46.5065544" lon="3.4297894">
        <ele>291.3064179456028</ele>
      </trkpt>
      <trkpt lat="46.5066091" lon="3.4302225">
        <ele>290.8340007599957</ele>
      </trkpt>
      <trkpt lat="46.506629" lon="3.4310453">
        <ele>289.3403936480089</ele>
      </trkpt>
      <trkpt lat="46.5065445" lon="3.4315794">
        <ele>289.0</ele>
      </trkpt>
      <trkpt lat="46.5064948" lon="3.432597">
        <ele>289.65080000000034</ele>
      </trkpt>
      <trkpt lat="46.5062912" lon="3.4334342">
        <ele>286.2851999999982</ele>
      </trkpt>
      <trkpt lat="46.5062912" lon="3.4339286">
        <ele>284.3469161727982</ele>
      </trkpt>
      <trkpt lat="46.5062445" lon="3.4339546">
        <ele>284.08336388800683</ele>
      </trkpt>
      <trkpt lat="46.5059061" lon="3.4341397">
        <ele>282.49848892318045</ele>
      </trkpt>
      <trkpt lat="46.5058431" lon="3.4341685">
        <ele>282.0769199999995</ele>
      </trkpt>
      <trkpt lat="46.5059726" lon="3.434651">
        <ele>284.37350870399933</ele>
      </trkpt>
      <trkpt lat="46.5057805" lon="3.4349211">
        <ele>285.10554440800075</ele>
      </trkpt>
      <trkpt lat="46.5052082" lon="3.4358072">
        <ele>286.46535999997377</ele>
      </trkpt>
      <trkpt lat="46.5049617" lon="3.4361835">
        <ele>285.2954400000647</ele>
      </trkpt>
      <trkpt lat="46.504897" lon="3.4366417">
        <ele>285.3145199999926</ele>
      </trkpt>
      <trkpt lat="46.5049742" lon="3.4373791">
        <ele>288.65177490878403</ele>
      </trkpt>
      <trkpt lat="46.5050536" lon="3.437986">
        <ele>287.0313628159661</ele>
      </trkpt>
      <trkpt lat="46.5055403" lon="3.4403075">
        <ele>289.67047999999704</ele>
      </trkpt>
      <trkpt lat="46.5055653" lon="3.4405866">
        <ele>290.2481594592095</ele>
      </trkpt>
      <trkpt lat="46.5055027" lon="3.4409144">
        <ele>290.44200000002047</ele>
      </trkpt>
      <trkpt lat="46.5053607" lon="3.441406">
        <ele>291.5358111679491</ele>
      </trkpt>
      <trkpt lat="46.5051121" lon="3.441934">
        <ele>288.5693877119705</ele>
      </trkpt>
      <trkpt lat="46.5047863" lon="3.4424317">
        <ele>288.83715919679537</ele>
      </trkpt>
      <trkpt lat="46.5044625" lon="3.4428019">
        <ele>289.29803540001785</ele>
      </trkpt>
      <trkpt lat="46.5040114" lon="3.4430811">
        <ele>290.5735580384127</ele>
      </trkpt>
      <trkpt lat="46.5035769" lon="3.4431721">
        <ele>289.0854400000085</ele>
      </trkpt>
      <trkpt lat="46.5029169" lon="3.4431478">
        <ele>292.4983989472041</ele>
      </trkpt>
      <trkpt lat="46.5021774" lon="3.4429172">
        <ele>289.4247701888024</ele>
      </trkpt>
      <trkpt lat="46.5012229" lon="3.4426259">
        <ele>286.4105199999915</ele>
      </trkpt>
      <trkpt lat="46.5008626" lon="3.4423336">
        <ele>286.83242058244156</ele>
      </trkpt>
      <trkpt lat="46.5004251" lon="3.4410945">
        <ele>287.6701555279789</ele>
      </trkpt>
      <trkpt lat="46.5000503" lon="3.4406036">
        <ele>286.18803959681526</ele>
      </trkpt>
      <trkpt lat="46.4998176" lon="3.4403273">
        <ele>284.0744142207989</ele>
      </trkpt>
      <trkpt lat="46.4996201" lon="3.4402227">
        <ele>283.5305443408019</ele>
      </trkpt>
      <trkpt lat="46.499201" lon="3.4402308">
        <ele>282.6162399999989</ele>
      </trkpt>
      <trkpt lat="46.4987597" lon="3.439984">
        <ele>280.91158860799936</ele>
      </trkpt>
      <trkpt lat="46.4981744" lon="3.4400162">
        <ele>278.31688837123716</ele>
      </trkpt>
      <trkpt lat="46.4978291" lon="3.4400243">
        <ele>274.5704428047667</ele>
      </trkpt>
      <trkpt lat="46.4970869" lon="3.4395495">
        <ele>270.54647608800406</ele>
      </trkpt>
      <trkpt lat="46.496544" lon="3.4393269">
        <ele>272.3921749119994</ele>
      </trkpt>
      <trkpt lat="46.4963003" lon="3.4393322">
        <ele>274.36083999998436</ele>
      </trkpt>
      <trkpt lat="46.4955248" lon="3.4398419">
        <ele>281.15036000002624</ele>
      </trkpt>
      <trkpt lat="46.4953364" lon="3.4398687">
        <ele>283.5738800000104</ele>
      </trkpt>
      <trkpt lat="46.4949284" lon="3.4393859">
        <ele>289.50819450240886</ele>
      </trkpt>
      <trkpt lat="46.4933034" lon="3.4377605">
        <ele>280.0</ele>
      </trkpt>
      <trkpt lat="46.4928898" lon="3.4374762">
        <ele>279.45440696960145</ele>
      </trkpt>
      <trkpt lat="46.4920662" lon="3.4370041">
        <ele>277.34418639679035</ele>
      </trkpt>
      <trkpt lat="46.4911171" lon="3.4365052">
        <ele>275.16255999999976</ele>
      </trkpt>
      <trkpt lat="46.4903157" lon="3.436178">
        <ele>268.78687999994895</ele>
      </trkpt>
      <trkpt lat="46.4899537" lon="3.4357864">
        <ele>262.63847774720733</ele>
      </trkpt>
      <trkpt lat="46.4894403" lon="3.4350246">
        <ele>259.88292131518733</ele>
      </trkpt>
      <trkpt lat="46.4890784" lon="3.4341448">
        <ele>256.389494067178</ele>
      </trkpt>
      <trkpt lat="46.4887718" lon="3.4336996">
        <ele>256.6814399999994</ele>
      </trkpt>
      <trkpt lat="46.4884247" lon="3.4334743">
        <ele>259.13860064319135</ele>
      </trkpt>
      <trkpt lat="46.4876343" lon="3.4331739">
        <ele>253.9907381808695</ele>
      </trkpt>
      <trkpt lat="46.4874237" lon="3.4329861">
        <ele>251.98936197441597</ele>
      </trkpt>
      <trkpt lat="46.4871726" lon="3.4324121">
        <ele>253.5453511584152</ele>
      </trkpt>
      <trkpt lat="46.4869694" lon="3.431071">
        <ele>248.17967999999655</ele>
      </trkpt>
      <trkpt lat="46.4867441" lon="3.4298748">
        <ele>248.27876000001015</ele>
      </trkpt>
      <trkpt lat="46.4862751" lon="3.4286115">
        <ele>244.5911865040014</ele>
      </trkpt>
      <trkpt lat="46.4860504" lon="3.4281701">
        <ele>243.58763999999996</ele>
      </trkpt>
      <trkpt lat="46.4858083" lon="3.4281805">
        <ele>243.5411519520013</ele>
      </trkpt>
      <trkpt lat="46.4850206" lon="3.4284328">
        <ele>241.7426352127933</ele>
      </trkpt>
      <trkpt lat="46.4842369" lon="3.4285786">
        <ele>247.4943200000066</ele>
      </trkpt>
      <trkpt lat="46.483596" lon="3.428674">
        <ele>250.5051161599961</ele>
      </trkpt>
      <trkpt lat="46.4818044" lon="3.4287973">
        <ele>251.16623163519859</ele>
      </trkpt>
      <trkpt lat="46.4797841" lon="3.4288967">
        <ele>253.78350401118828</ele>
      </trkpt>
      <trkpt lat="46.4789974" lon="3.4287412">
        <ele>255.92231999998944</ele>
      </trkpt>
      <trkpt lat="46.4780513" lon="3.4285898">
        <ele>253.03075999996827</ele>
      </trkpt>
      <trkpt lat="46.4778428" lon="3.4286011">
        <ele>250.73827999997525</ele>
      </trkpt>
      <trkpt lat="46.4777427" lon="3.428631">
        <ele>249.31508329600416</ele>
      </trkpt>
      <trkpt lat="46.4776638" lon="3.4282994">
        <ele>248.89827530883665</ele>
      </trkpt>
      <trkpt lat="46.4776243" lon="3.4281479">
        <ele>247.86855974884517</ele>
      </trkpt>
      <trkpt lat="46.4775538" lon="3.4280005">
        <ele>245.9638800000564</ele>
      </trkpt>
      <trkpt lat="46.4774382" lon="3.4278204">
        <ele>243.6743426688126</ele>
      </trkpt>
      <trkpt lat="46.4771732" lon="3.4275461">
        <ele>242.3236713791811</ele>
      </trkpt>
      <trkpt lat="46.4769194" lon="3.4272267">
        <ele>243.01611999999955</ele>
      </trkpt>
      <trkpt lat="46.476677" lon="3.4269565">
        <ele>241.0868000000014</ele>
      </trkpt>
      <trkpt lat="46.4763556" lon="3.4266536">
        <ele>240.19827727361402</ele>
      </trkpt>
      <trkpt lat="46.4760487" lon="3.4263879">
        <ele>242.67956027840268</ele>
      </trkpt>
      <trkpt lat="46.4759383" lon="3.4263197">
        <ele>244.05460470077483</ele>
      </trkpt>
      <trkpt lat="46.475863" lon="3.4262762">
        <ele>244.76625324802467</ele>
      </trkpt>
      <trkpt lat="46.4758193" lon="3.4262719">
        <ele>244.9494799999918</ele>
      </trkpt>
      <trkpt lat="46.4757455" lon="3.4263012">
        <ele>244.68380000000775</ele>
      </trkpt>
      <trkpt lat="46.4755552" lon="3.4264769">
        <ele>244.00215444478613</ele>
      </trkpt>
      <trkpt lat="46.4753761" lon="3.4266338">
        <ele>244.72247945280702</ele>
      </trkpt>
      <trkpt lat="46.4752358" lon="3.4267697">
        <ele>244.98737343039923</ele>
      </trkpt>
      <trkpt lat="46.4750559" lon="3.4269102">
        <ele>246.42108886718992</ele>
      </trkpt>
      <trkpt lat="46.4749102" lon="3.4269982">
        <ele>246.73808229120544</ele>
      </trkpt>
      <trkpt lat="46.4747573" lon="3.4270589">
        <ele>246.89593517759926</ele>
      </trkpt>
      <trkpt lat="46.4746231" lon="3.427082">
        <ele>246.4630271680124</ele>
      </trkpt>
      <trkpt lat="46.4745206" lon="3.4270925">
        <ele>245.93519271999082</ele>
      </trkpt>
      <trkpt lat="46.4744138" lon="3.4270694">
        <ele>245.289893651204</ele>
      </trkpt>
      <trkpt lat="46.4743465" lon="3.4270416">
        <ele>244.87383462401363</ele>
      </trkpt>
      <trkpt lat="46.474305" lon="3.427051">
        <ele>244.68903280000558</ele>
      </trkpt>
      <trkpt lat="46.4741851" lon="3.4270543">
        <ele>244.09260405279846</ele>
      </trkpt>
      <trkpt lat="46.473737" lon="3.4269984">
        <ele>243.10621043200013</ele>
      </trkpt>
      <trkpt lat="46.472764" lon="3.4268834">
        <ele>241.25845990400612</ele>
      </trkpt>
      <trkpt lat="46.4714764" lon="3.4267585">
        <ele>245.03931999999804</ele>
      </trkpt>
      <trkpt lat="46.4709943" lon="3.4266961">
        <ele>246.5180782992031</ele>
      </trkpt>
      <trkpt lat="46.4703743" lon="3.4266271">
        <ele>246.092944948798</ele>
      </trkpt>
      <trkpt lat="46.4701027" lon="3.4265745">
        <ele>246.54092690400165</ele>
      </trkpt>
      <trkpt lat="46.4698877" lon="3.4265055">
        <ele>247.33011674399717</ele>
      </trkpt>
      <trkpt lat="46.4696682" lon="3.4264694">
        <ele>247.76652808319832</ele>
      </trkpt>
      <trkpt lat="46.4695754" lon="3.4264595">
        <ele>247.88015995200323</ele>
      </trkpt>
      <trkpt lat="46.4694849" lon="3.426476">
        <ele>247.95432729600262</ele>
      </trkpt>
      <trkpt lat="46.4693695" lon="3.4265285">
        <ele>248.26980000000322</ele>
      </trkpt>
      <trkpt lat="46.4692857" lon="3.4265942">
        <ele>248.5714799999987</ele>
      </trkpt>
      <trkpt lat="46.4691975" lon="3.4265844">
        <ele>248.88900000000012</ele>
      </trkpt>
      <trkpt lat="46.4691451" lon="3.4265384">
        <ele>248.9582110463973</ele>
      </trkpt>
      <trkpt lat="46.4689152" lon="3.4269189">
        <ele>248.00871045119928</ele>
      </trkpt>
      <trkpt lat="46.4671787" lon="3.4297487">
        <ele>248.1417452624061</ele>
      </trkpt>
      <trkpt lat="46.4668688" lon="3.4302739">
        <ele>248.2723199999989</ele>
      </trkpt>
      <trkpt lat="46.4666826" lon="3.4305177">
        <ele>248.94264000000499</ele>
      </trkpt>
      <trkpt lat="46.4660661" lon="3.4311262">
        <ele>248.0</ele>
      </trkpt>
      <trkpt lat="46.4651783" lon="3.4318641">
        <ele>246.2545373712049</ele>
      </trkpt>
      <trkpt lat="46.4650808" lon="3.4319452">
        <ele>246.70911999999043</ele>
      </trkpt>
      <trkpt lat="46.4649798" lon="3.4320248">
        <ele>247.0</ele>
      </trkpt>
      <trkpt lat="46.4645765" lon="3.432164">
        <ele>247.5246000000011</ele>
      </trkpt>
      <trkpt lat="46.4644926" lon="3.4322219">
        <ele>247.82664000000068</ele>
      </trkpt>
      <trkpt lat="46.4644207" lon="3.4324509">
        <ele>248.0703705552058</ele>
      </trkpt>
      <trkpt lat="46.4642644" lon="3.4327447">
        <ele>247.7672400000081</ele>
      </trkpt>
      <trkpt lat="46.4640566" lon="3.4331289">
        <ele>247.3397199999979</ele>
      </trkpt>
      <trkpt lat="46.4639655" lon="3.4333525">
        <ele>246.2758000000017</ele>
      </trkpt>
      <trkpt lat="46.4638311" lon="3.433776">
        <ele>245.32185254400042</ele>
      </trkpt>
      <trkpt lat="46.463797" lon="3.4339035">
        <ele>245.0</ele>
      </trkpt>
      <trkpt lat="46.4637439" lon="3.4341052">
        <ele>245.0</ele>
      </trkpt>
      <trkpt lat="46.4636884" lon="3.4342897">
        <ele>244.68031806080404</ele>
      </trkpt>
      <trkpt lat="46.4636353" lon="3.4344566">
        <ele>244.0870799999998</ele>
      </trkpt>
      <trkpt lat="46.4636192" lon="3.4345074">
        <ele>244.02911999998764</ele>
      </trkpt>
      <trkpt lat="46.4635726" lon="3.43464">
        <ele>244.0</ele>
      </trkpt>
      <trkpt lat="46.4635334" lon="3.4347276">
        <ele>244.0333038464002</ele>
      </trkpt>
      <trkpt lat="46.4634665" lon="3.4348214">
        <ele>244.52820497600428</ele>
      </trkpt>
      <trkpt lat="46.463402" lon="3.4348966">
        <ele>244.7829422720051</ele>
      </trkpt>
      <trkpt lat="46.4633343" lon="3.4349678">
        <ele>244.88715659839846</ele>
      </trkpt>
      <trkpt lat="46.4632181" lon="3.4350691">
        <ele>244.83391999999685</ele>
      </trkpt>
      <trkpt lat="46.4631715" lon="3.4351013">
        <ele>244.78208000000473</ele>
      </trkpt>
      <trkpt lat="46.463052" lon="3.4351841">
        <ele>244.6755600000081</ele>
      </trkpt>
      <trkpt lat="46.4628789" lon="3.4352772">
        <ele>245.63388000000032</ele>
      </trkpt>
      <trkpt lat="46.4627383" lon="3.4353061">
        <ele>246.08746944479944</ele>
      </trkpt>
      <trkpt lat="46.4627355" lon="3.4353659">
        <ele>246.2689560720005</ele>
      </trkpt>
      <trkpt lat="46.4627089" lon="3.4358746">
        <ele>247.86376306241087</ele>
      </trkpt>
      <trkpt lat="46.4627031" lon="3.4359743">
        <ele>248.10220907679306</ele>
      </trkpt>
      <trkpt lat="46.4626648" lon="3.4366291">
        <ele>249.1865599999919</ele>
      </trkpt>
      <trkpt lat="46.462658" lon="3.4367457">
        <ele>249.42211999998244</ele>
      </trkpt>
      <trkpt lat="46.462624" lon="3.4373264">
        <ele>250.10042214398916</ele>
      </trkpt>
      <trkpt lat="46.4626149" lon="3.4374819">
        <ele>250.3754327823936</ele>
      </trkpt>
      <trkpt lat="46.4625986" lon="3.4376053">
        <ele>250.11043823679896</ele>
      </trkpt>
      <trkpt lat="46.4625721" lon="3.4377675">
        <ele>249.5465162800188</ele>
      </trkpt>
      <trkpt lat="46.4625467" lon="3.4378897">
        <ele>249.67142108958353</ele>
      </trkpt>
      <trkpt lat="46.4625091" lon="3.4380181">
        <ele>249.90233735839274</ele>
      </trkpt>
      <trkpt lat="46.4624904" lon="3.4380816">
        <ele>249.9308800000008</ele>
      </trkpt>
      <trkpt lat="46.4624042" lon="3.4383531">
        <ele>249.31024000001253</ele>
      </trkpt>
      <trkpt lat="46.4621966" lon="3.4390065">
        <ele>248.80774558399858</ele>
      </trkpt>
      <trkpt lat="46.4618688" lon="3.4402151">
        <ele>252.21087371520645</ele>
      </trkpt>
      <trkpt lat="46.4617575" lon="3.4406391">
        <ele>252.7713485200063</ele>
      </trkpt>
      <trkpt lat="46.4614482" lon="3.4418176">
        <ele>249.97039999999606</ele>
      </trkpt>
      <trkpt lat="46.4614167" lon="3.4418873">
        <ele>249.9945200000061</ele>
      </trkpt>
      <trkpt lat="46.4613772" lon="3.4419524">
        <ele>250.09694965759564</ele>
      </trkpt>
      <trkpt lat="46.4612871" lon="3.4420436">
        <ele>250.81875115519972</ele>
      </trkpt>
      <trkpt lat="46.4598692" lon="3.4429435">
        <ele>256.1899529919998</ele>
      </trkpt>
      <trkpt lat="46.4597002" lon="3.4430507">
        <ele>256.0967599999983</ele>
      </trkpt>
      <trkpt lat="46.4594773" lon="3.4431834">
        <ele>256.8817199999885</ele>
      </trkpt>
      <trkpt lat="46.4593234" lon="3.4432435">
        <ele>258.0124447839803</ele>
      </trkpt>
      <trkpt lat="46.459146" lon="3.4432778">
        <ele>259.423120000032</ele>
      </trkpt>
      <trkpt lat="46.4587772" lon="3.4433179">
        <ele>262.8373804351997</ele>
      </trkpt>
      <trkpt lat="46.4584774" lon="3.4433523">
        <ele>264.44594726080186</ele>
      </trkpt>
      <trkpt lat="46.4584222" lon="3.4433694">
        <ele>264.6385415871956</ele>
      </trkpt>
      <trkpt lat="46.4583749" lon="3.443421">
        <ele>264.803133615988</ele>
      </trkpt>
      <trkpt lat="46.4583473" lon="3.4434839">
        <ele>264.92246622880117</ele>
      </trkpt>
      <trkpt lat="46.4583354" lon="3.4435813">
        <ele>264.98591846078045</ele>
      </trkpt>
      <trkpt lat="46.4583532" lon="3.4440307">
        <ele>264.8934723904122</ele>
      </trkpt>
      <trkpt lat="46.4583512" lon="3.4442598">
        <ele>264.95724520959345</ele>
      </trkpt>
      <trkpt lat="46.4583315" lon="3.4444974">
        <ele>265.1906399999998</ele>
      </trkpt>
      <trkpt lat="46.4582151" lon="3.445445">
        <ele>266.42564000001175</ele>
      </trkpt>
      <trkpt lat="46.4581264" lon="3.4461578">
        <ele>267.74496000000863</ele>
      </trkpt>
      <trkpt lat="46.4580751" lon="3.4464956">
        <ele>267.9026105023897</ele>
      </trkpt>
      <trkpt lat="46.4579015" lon="3.4474346">
        <ele>268.1092000000117</ele>
      </trkpt>
      <trkpt lat="46.4575111" lon="3.4500741">
        <ele>271.2161402704101</ele>
      </trkpt>
      <trkpt lat="46.4571935" lon="3.4523042">
        <ele>275.29511999999977</ele>
      </trkpt>
      <trkpt lat="46.4570062" lon="3.4536959">
        <ele>278.08291999999255</ele>
      </trkpt>
      <trkpt lat="46.456972" lon="3.453853">
        <ele>278.77159999999867</ele>
      </trkpt>
      <trkpt lat="46.4569363" lon="3.4539469">
        <ele>279.4238031887987</ele>
      </trkpt>
      <trkpt lat="46.4569264" lon="3.4539729">
        <ele>279.6245265024004</ele>
      </trkpt>
      <trkpt lat="46.4568524" lon="3.4541258">
        <ele>280.98837031679165</ele>
      </trkpt>
      <trkpt lat="46.4567299" lon="3.4543201">
        <ele>283.42944000000216</ele>
      </trkpt>
      <trkpt lat="46.4560521" lon="3.4552751">
        <ele>279.78756000000294</ele>
      </trkpt>
      <trkpt lat="46.4558471" lon="3.4555562">
        <ele>279.0001149792</ele>
      </trkpt>
      <trkpt lat="46.4556192" lon="3.4558125">
        <ele>277.4582400000072</ele>
      </trkpt>
      <trkpt lat="46.4555138" lon="3.455982">
        <ele>277.5352000000005</ele>
      </trkpt>
      <trkpt lat="46.4554512" lon="3.4561226">
        <ele>278.02582187519994</ele>
      </trkpt>
      <trkpt lat="46.4553828" lon="3.4563169">
        <ele>278.28009678720645</ele>
      </trkpt>
      <trkpt lat="46.455118" lon="3.457247">
        <ele>272.8874921599912</ele>
      </trkpt>
      <trkpt lat="46.4550411" lon="3.4575529">
        <ele>272.6061424976257</ele>
      </trkpt>
      <trkpt lat="46.4550069" lon="3.457801">
        <ele>273.13120337600503</ele>
      </trkpt>
      <trkpt lat="46.4549898" lon="3.4580407">
        <ele>273.90980000000013</ele>
      </trkpt>
      <trkpt lat="46.4549585" lon="3.4587229">
        <ele>273.1494000000125</ele>
      </trkpt>
      <trkpt lat="46.4549428" lon="3.4588427">
        <ele>273.20592000000806</ele>
      </trkpt>
      <trkpt lat="46.4549143" lon="3.458973">
        <ele>273.21510014400354</ele>
      </trkpt>
      <trkpt lat="46.4548631" lon="3.4591301">
        <ele>273.0648774576016</ele>
      </trkpt>
      <trkpt lat="46.4548018" lon="3.459283">
        <ele>272.88002217600217</ele>
      </trkpt>
      <trkpt lat="46.4545213" lon="3.4599569">
        <ele>272.8448399999995</ele>
      </trkpt>
      <trkpt lat="46.4541575" lon="3.4608967">
        <ele>275.0</ele>
      </trkpt>
      <trkpt lat="46.4541355" lon="3.4609678">
        <ele>275.0</ele>
      </trkpt>
      <trkpt lat="46.4539714" lon="3.4614977">
        <ele>275.0</ele>
      </trkpt>
      <trkpt lat="46.4538623" lon="3.4617805">
        <ele>274.47721211198797</ele>
      </trkpt>
      <trkpt lat="46.4537256" lon="3.4620739">
        <ele>274.0</ele>
      </trkpt>
      <trkpt lat="46.4534625" lon="3.462572">
        <ele>274.3963279999982</ele>
      </trkpt>
      <trkpt lat="46.4532691" lon="3.4629814">
        <ele>273.0357200000003</ele>
      </trkpt>
      <trkpt lat="46.4531237" lon="3.4633107">
        <ele>271.3267999999962</ele>
      </trkpt>
      <trkpt lat="46.4523152" lon="3.4652334">
        <ele>270.174960000003</ele>
      </trkpt>
      <trkpt lat="46.4519953" lon="3.4659932">
        <ele>273.94168000000127</ele>
      </trkpt>
      <trkpt lat="46.451927" lon="3.4662591">
        <ele>274.40715999998315</ele>
      </trkpt>
      <trkpt lat="46.4519052" lon="3.4664934">
        <ele>275.09367999999154</ele>
      </trkpt>
      <trkpt lat="46.4519052" lon="3.4667044">
        <ele>275.872471475191</ele>
      </trkpt>
      <trkpt lat="46.4520098" lon="3.4678336">
        <ele>281.47055999999293</ele>
      </trkpt>
      <trkpt lat="46.4520636" lon="3.4681861">
        <ele>281.38796000001753</ele>
      </trkpt>
      <trkpt lat="46.4521223" lon="3.4683971">
        <ele>281.1979826767938</ele>
      </trkpt>
      <trkpt lat="46.4521872" lon="3.4685427">
        <ele>281.6528109823737</ele>
      </trkpt>
      <trkpt lat="46.452305" lon="3.4687158">
        <ele>282.7083102400222</ele>
      </trkpt>
      <trkpt lat="46.4525944" lon="3.4690496">
        <ele>285.33984000000873</ele>
      </trkpt>
      <trkpt lat="46.4526595" lon="3.4691776">
        <ele>285.55744051201077</ele>
      </trkpt>
      <trkpt lat="46.4527099" lon="3.4693879">
        <ele>285.56102192161353</ele>
      </trkpt>
      <trkpt lat="46.4527414" lon="3.4696256">
        <ele>285.6526731264073</ele>
      </trkpt>
      <trkpt lat="46.4530721" lon="3.4730504">
        <ele>282.9229854336001</ele>
      </trkpt>
      <trkpt lat="46.4530445" lon="3.473117">
        <ele>283.0</ele>
      </trkpt>
      <trkpt lat="46.4529152" lon="3.4732712">
        <ele>283.0</ele>
      </trkpt>
      <trkpt lat="46.4528394" lon="3.473286">
        <ele>283.0</ele>
      </trkpt>
      <trkpt lat="46.4526435" lon="3.4732524">
        <ele>283.1408434239997</ele>
      </trkpt>
      <trkpt lat="46.4525114" lon="3.4732122">
        <ele>283.4181832768023</ele>
      </trkpt>
      <trkpt lat="46.4523968" lon="3.4732135">
        <ele>282.89960627201293</ele>
      </trkpt>
      <trkpt lat="46.4523201" lon="3.4732377">
        <ele>282.4736705008073</ele>
      </trkpt>
      <trkpt lat="46.4520568" lon="3.4734134">
        <ele>280.8640253696061</ele>
      </trkpt>
      <trkpt lat="46.4516022" lon="3.4736588">
        <ele>280.3641600000253</ele>
      </trkpt>
      <trkpt lat="46.4513379" lon="3.4737902">
        <ele>278.2248496063969</ele>
      </trkpt>
      <trkpt lat="46.4509083" lon="3.473994">
        <ele>277.89787740799767</ele>
      </trkpt>
      <trkpt lat="46.4506597" lon="3.47421">
        <ele>278.31199999999853</ele>
      </trkpt>
      <trkpt lat="46.450511" lon="3.4742636">
        <ele>278.7538931840016</ele>
      </trkpt>
      <trkpt lat="46.4503539" lon="3.4742811">
        <ele>279.1229864815931</ele>
      </trkpt>
      <trkpt lat="46.4498808" lon="3.4741255">
        <ele>282.47723558398025</ele>
      </trkpt>
      <trkpt lat="46.4496244" lon="3.4740759">
        <ele>283.81371180161074</ele>
      </trkpt>
      <trkpt lat="46.4488796" lon="3.4740162">
        <ele>284.0153262208034</ele>
      </trkpt>
      <trkpt lat="46.4487068" lon="3.4738633">
        <ele>283.90788000000043</ele>
      </trkpt>
      <trkpt lat="46.448534" lon="3.4736943">
        <ele>283.5770799999923</ele>
      </trkpt>
      <trkpt lat="46.4482236" lon="3.4733859">
        <ele>283.979320000009</ele>
      </trkpt>
      <trkpt lat="46.4481709" lon="3.4733108">
        <ele>284.12208426879374</ele>
      </trkpt>
      <trkpt lat="46.4481275" lon="3.4732062">
        <ele>284.14285912000946</ele>
      </trkpt>
      <trkpt lat="46.4480619" lon="3.4730184">
        <ele>284.1078649216042</ele>
      </trkpt>
      <trkpt lat="46.4478937" lon="3.4724981">
        <ele>286.16934553118784</ele>
      </trkpt>
      <trkpt lat="46.4477089" lon="3.4721252">
        <ele>288.84519999998565</ele>
      </trkpt>
      <trkpt lat="46.4475823" lon="3.4719536">
        <ele>290.3744799999963</ele>
      </trkpt>
      <trkpt lat="46.4474049" lon="3.4718034">
        <ele>291.84168328640294</ele>
      </trkpt>
      <trkpt lat="46.4472894" lon="3.4717511">
        <ele>291.8643703136058</ele>
      </trkpt>
      <trkpt lat="46.447196" lon="3.4717739">
        <ele>291.42515999998614</ele>
      </trkpt>
      <trkpt lat="46.4471073" lon="3.4718329">
        <ele>290.5741199999932</ele>
      </trkpt>
      <trkpt lat="46.4469817" lon="3.4719831">
        <ele>289.1290800000145</ele>
      </trkpt>
      <trkpt lat="46.446819" lon="3.472262">
        <ele>286.50199999997653</ele>
      </trkpt>
      <trkpt lat="46.4467303" lon="3.4725705">
        <ele>284.17963999998733</ele>
      </trkpt>
      <trkpt lat="46.4467229" lon="3.4727126">
        <ele>283.0765999999735</ele>
      </trkpt>
      <trkpt lat="46.4467839" lon="3.4730962">
        <ele>282.2661199999977</ele>
      </trkpt>
      <trkpt lat="46.4468172" lon="3.4733832">
        <ele>282.79022904318157</ele>
      </trkpt>
      <trkpt lat="46.4468172" lon="3.4735924">
        <ele>283.4802074623918</ele>
      </trkpt>
      <trkpt lat="46.4467007" lon="3.4742522">
        <ele>284.24504000000707</ele>
      </trkpt>
      <trkpt lat="46.4464827" lon="3.4753466">
        <ele>282.33771999998953</ele>
      </trkpt>
      <trkpt lat="46.4464716" lon="3.475486">
        <ele>282.29776000000857</ele>
      </trkpt>
      <trkpt lat="46.4465011" lon="3.4757489">
        <ele>282.40395999999646</ele>
      </trkpt>
      <trkpt lat="46.4465584" lon="3.4759903">
        <ele>282.6102400000025</ele>
      </trkpt>
      <trkpt lat="46.4466656" lon="3.4764355">
        <ele>284.1601200000207</ele>
      </trkpt>
      <trkpt lat="46.4466915" lon="3.4766555">
        <ele>284.9633938800005</ele>
      </trkpt>
      <trkpt lat="46.4466324" lon="3.4781361">
        <ele>287.0074705343883</ele>
      </trkpt>
      <trkpt lat="46.4466102" lon="3.4791338">
        <ele>289.4751200000153</ele>
      </trkpt>
      <trkpt lat="46.4465531" lon="3.4792871">
        <ele>289.18232000001944</ele>
      </trkpt>
      <trkpt lat="46.446593" lon="3.4794693">
        <ele>289.4038500960006</ele>
      </trkpt>
      <trkpt lat="46.4465702" lon="3.4800589">
        <ele>288.5790827487847</ele>
      </trkpt>
      <trkpt lat="46.4457138" lon="3.4925703">
        <ele>289.39244000000053</ele>
      </trkpt>
      <trkpt lat="46.4430137" lon="3.4923595">
        <ele>291.01159999999936</ele>
      </trkpt>
      <trkpt lat="46.4408291" lon="3.4918928">
        <ele>298.99716657920135</ele>
      </trkpt>
      <trkpt lat="46.4396596" lon="3.4917933">
        <ele>295.77455999999574</ele>
      </trkpt>
      <trkpt lat="46.4394693" lon="3.4917776">
        <ele>295.08947999999623</ele>
      </trkpt>
      <trkpt lat="46.4388482" lon="3.4916328">
        <ele>293.8780800000004</ele>
      </trkpt>
      <trkpt lat="46.4382309" lon="3.4915899">
        <ele>294.71412948639914</ele>
      </trkpt>
      <trkpt lat="46.4376545" lon="3.4918275">
        <ele>297.5316795999972</ele>
      </trkpt>
      <trkpt lat="46.4372663" lon="3.4922352">
        <ele>299.0467200000003</ele>
      </trkpt>
      <trkpt lat="46.437111" lon="3.4925034">
        <ele>300.0024382080001</ele>
      </trkpt>
      <trkpt lat="46.4365935" lon="3.4929433">
        <ele>298.0</ele>
      </trkpt>
      <trkpt lat="46.4356616" lon="3.4935133">
        <ele>294.7338800000109</ele>
      </trkpt>
      <trkpt lat="46.4346301" lon="3.4937815">
        <ele>296.71824000000174</ele>
      </trkpt>
      <trkpt lat="46.4338579" lon="3.4938901">
        <ele>297.8763328031961</ele>
      </trkpt>
      <trkpt lat="46.433705" lon="3.4950655">
        <ele>290.6844995999976</ele>
      </trkpt>
      <trkpt lat="46.4335164" lon="3.4971737">
        <ele>289.2814011071938</ele>
      </trkpt>
      <trkpt lat="46.4334684" lon="3.4973829">
        <ele>289.5137599999912</ele>
      </trkpt>
      <trkpt lat="46.4327844" lon="3.4990245">
        <ele>290.9883613119952</ele>
      </trkpt>
      <trkpt lat="46.4323222" lon="3.5002261">
        <ele>290.0</ele>
      </trkpt>
      <trkpt lat="46.4323084" lon="3.5004457">
        <ele>290.0</ele>
      </trkpt>
      <trkpt lat="46.4322567" lon="3.50073">
        <ele>289.3720000000003</ele>
      </trkpt>
      <trkpt lat="46.4322516" lon="3.5008133">
        <ele>289.07212000000027</ele>
      </trkpt>
      <trkpt lat="46.4321246" lon="3.5029089">
        <ele>289.0</ele>
      </trkpt>
      <trkpt lat="46.4316501" lon="3.5092798">
        <ele>290.442629820802</ele>
      </trkpt>
      <trkpt lat="46.4322041" lon="3.5093191">
        <ele>291.9411222047996</ele>
      </trkpt>
      <trkpt lat="46.4327315" lon="3.5093853">
        <ele>291.16659999999024</ele>
      </trkpt>
      <trkpt lat="46.432496" lon="3.5103839">
        <ele>291.60356000000206</ele>
      </trkpt>
      <trkpt lat="46.4319414" lon="3.5131466">
        <ele>289.0109600000019</ele>
      </trkpt>
      <trkpt lat="46.4315532" lon="3.5160166">
        <ele>289.20125876480415</ele>
      </trkpt>
      <trkpt lat="46.4313392" lon="3.5173166">
        <ele>287.0</ele>
      </trkpt>
      <trkpt lat="46.4312471" lon="3.5193449">
        <ele>287.0</ele>
      </trkpt>
      <trkpt lat="46.4311317" lon="3.520818">
        <ele>287.0552000000007</ele>
      </trkpt>
      <trkpt lat="46.4309143" lon="3.5241976">
        <ele>287.92109921279933</ele>
      </trkpt>
      <trkpt lat="46.4295061" lon="3.5265626">
        <ele>289.70851509439706</ele>
      </trkpt>
      <trkpt lat="46.4279893" lon="3.5293207">
        <ele>289.4454800000001</ele>
      </trkpt>
      <trkpt lat="46.4277711" lon="3.529707">
        <ele>288.101562607992</ele>
      </trkpt>
      <trkpt lat="46.4275271" lon="3.5300128">
        <ele>289.80937556480774</ele>
      </trkpt>
      <trkpt lat="46.4273281" lon="3.5306258">
        <ele>290.4623477408081</ele>
      </trkpt>
      <trkpt lat="46.4270511" lon="3.5318714">
        <ele>291.29205224320015</ele>
      </trkpt>
      <trkpt lat="46.4267134" lon="3.5345456">
        <ele>288.7247862784175</ele>
      </trkpt>
      <trkpt lat="46.4265411" lon="3.5361481">
        <ele>293.3494672928103</ele>
      </trkpt>
      <trkpt lat="46.4264285" lon="3.5391439">
        <ele>300.2128725040003</ele>
      </trkpt>
      <trkpt lat="46.4263116" lon="3.5427049">
        <ele>297.54060000000663</ele>
      </trkpt>
      <trkpt lat="46.4260156" lon="3.5427275">
        <ele>298.46260496000195</ele>
      </trkpt>
      <trkpt lat="46.4253204" lon="3.5439208">
        <ele>299.77274562562513</ele>
      </trkpt>
      <trkpt lat="46.4252782" lon="3.5440586">
        <ele>300.6060626815877</ele>
      </trkpt>
      <trkpt lat="46.4257038" lon="3.5447322">
        <ele>302.57407999999555</ele>
      </trkpt>
      <trkpt lat="46.4266572" lon="3.5447935">
        <ele>300.08581507199233</ele>
      </trkpt>
      <trkpt lat="46.4268471" lon="3.544819">
        <ele>299.2914265919791</ele>
      </trkpt>
      <trkpt lat="46.4281522" lon="3.5480699">
        <ele>305.65208000000166</ele>
      </trkpt>
      <trkpt lat="46.4285462" lon="3.5495806">
        <ele>300.93472000000656</ele>
      </trkpt>
      <trkpt lat="46.4287256" lon="3.5507646">
        <ele>299.42505512960076</ele>
      </trkpt>
      <trkpt lat="46.429007" lon="3.5533674">
        <ele>299.6940800000302</ele>
      </trkpt>
      <trkpt lat="46.4290386" lon="3.5552251">
        <ele>300.40740837442814</ele>
      </trkpt>
      <trkpt lat="46.42932" lon="3.5559906">
        <ele>293.74688064005244</ele>
      </trkpt>
      <trkpt lat="46.4302212" lon="3.5583879">
        <ele>291.4765273024027</ele>
      </trkpt>
      <trkpt lat="46.4307097" lon="3.5596166">
        <ele>291.4681544383874</ele>
      </trkpt>
      <trkpt lat="46.4308577" lon="3.5601491">
        <ele>291.1123600000424</ele>
      </trkpt>
      <trkpt lat="46.4309879" lon="3.5619268">
        <ele>289.0916949311997</ele>
      </trkpt>
      <trkpt lat="46.431059" lon="3.562966">
        <ele>284.2480822400112</ele>
      </trkpt>
      <trkpt lat="46.4310057" lon="3.5637475">
        <ele>280.95211531999973</ele>
      </trkpt>
      <trkpt lat="46.4309939" lon="3.5645806">
        <ele>282.3537600000195</ele>
      </trkpt>
      <trkpt lat="46.4307748" lon="3.5654652">
        <ele>277.4674569983963</ele>
      </trkpt>
      <trkpt lat="46.4306742" lon="3.5674662">
        <ele>281.159679999985</ele>
      </trkpt>
      <trkpt lat="46.4306665" lon="3.5675549">
        <ele>281.23796516800905</ele>
      </trkpt>
      <trkpt lat="46.4305618" lon="3.568763">
        <ele>282.40824000000293</ele>
      </trkpt>
      <trkpt lat="46.4305973" lon="3.569055">
        <ele>281.1014399999831</ele>
      </trkpt>
      <trkpt lat="46.4309939" lon="3.5702573">
        <ele>278.42196000001013</ele>
      </trkpt>
      <trkpt lat="46.4311122" lon="3.5708413">
        <ele>277.0572475744006</ele>
      </trkpt>
      <trkpt lat="46.431278" lon="3.5717431">
        <ele>278.39920000000393</ele>
      </trkpt>
      <trkpt lat="46.4320415" lon="3.5747575">
        <ele>269.52360000001136</ele>
      </trkpt>
      <trkpt lat="46.4321658" lon="3.5751612">
        <ele>267.50492540159945</ele>
      </trkpt>
      <trkpt lat="46.4325269" lon="3.5763206">
        <ele>265.2220328544012</ele>
      </trkpt>
      <trkpt lat="46.432669" lon="3.5765439">
        <ele>265.0</ele>
      </trkpt>
      <trkpt lat="46.432882" lon="3.5766727">
        <ele>264.96470934399963</ele>
      </trkpt>
      <trkpt lat="46.4333496" lon="3.576853">
        <ele>265.0585599999988</ele>
      </trkpt>
      <trkpt lat="46.4335665" lon="3.5771334">
        <ele>265.1591599999913</ele>
      </trkpt>
      <trkpt lat="46.433659" lon="3.5772863">
        <ele>265.34479999999076</ele>
      </trkpt>
      <trkpt lat="46.4337295" lon="3.5774364">
        <ele>265.85239999998794</ele>
      </trkpt>
      <trkpt lat="46.4337865" lon="3.5776386">
        <ele>266.76175999997395</ele>
      </trkpt>
      <trkpt lat="46.4338823" lon="3.5779266">
        <ele>268.50102822720265</ele>
      </trkpt>
      <trkpt lat="46.4338992" lon="3.578034">
        <ele>268.99375948799377</ele>
      </trkpt>
      <trkpt lat="46.4340048" lon="3.5786711">
        <ele>268.65819578879604</ele>
      </trkpt>
      <trkpt lat="46.4313099" lon="3.5805228">
        <ele>261.51566826881754</ele>
      </trkpt>
      <trkpt lat="46.4303782" lon="3.5811289">
        <ele>257.9768482592001</ele>
      </trkpt>
      <trkpt lat="46.4299678" lon="3.5813918">
        <ele>259.0012148416</ele>
      </trkpt>
      <trkpt lat="46.4294908" lon="3.582116">
        <ele>260.784480000013</ele>
      </trkpt>
      <trkpt lat="46.4276042" lon="3.5852805">
        <ele>265.62488000000894</ele>
      </trkpt>
      <trkpt lat="46.4265837" lon="3.5869488">
        <ele>272.0109966976001</ele>
      </trkpt>
      <trkpt lat="46.4265123" lon="3.5870734">
        <ele>272.206252547198</ele>
      </trkpt>
      <trkpt lat="46.4260179" lon="3.5879359">
        <ele>272.5791083488146</ele>
      </trkpt>
      <trkpt lat="46.4257776" lon="3.5882926">
        <ele>272.2932800000008</ele>
      </trkpt>
      <trkpt lat="46.4251028" lon="3.5888195">
        <ele>262.7022859839714</ele>
      </trkpt>
      <trkpt lat="46.4247774" lon="3.589055">
        <ele>259.995280000026</ele>
      </trkpt>
      <trkpt lat="46.4246241" lon="3.5891624">
        <ele>260.6802684671825</ele>
      </trkpt>
      <trkpt lat="46.4245065" lon="3.5892678">
        <ele>262.6454400000016</ele>
      </trkpt>
      <trkpt lat="46.424396" lon="3.5894215">
        <ele>265.08659455998725</ele>
      </trkpt>
      <trkpt lat="46.424285" lon="3.5896011">
        <ele>267.2759200000164</ele>
      </trkpt>
      <trkpt lat="46.4241872" lon="3.5897919">
        <ele>268.6384041856077</ele>
      </trkpt>
      <trkpt lat="46.424087" lon="3.5900718">
        <ele>268.6554958719998</ele>
      </trkpt>
      <trkpt lat="46.4239676" lon="3.5904207">
        <ele>270.02081122560116</ele>
      </trkpt>
      <trkpt lat="46.4239608" lon="3.5905086">
        <ele>270.49056215039326</ele>
      </trkpt>
      <trkpt lat="46.4239666" lon="3.5905965">
        <ele>270.7202400000001</ele>
      </trkpt>
      <trkpt lat="46.4239964" lon="3.5907783">
        <ele>270.61295999999993</ele>
      </trkpt>
      <trkpt lat="46.4240079" lon="3.590848">
        <ele>270.5941816320018</ele>
      </trkpt>
      <trkpt lat="46.4240412" lon="3.5909713">
        <ele>270.72401957760405</ele>
      </trkpt>
      <trkpt lat="46.4240563" lon="3.5910966">
        <ele>270.9685159968012</ele>
      </trkpt>
      <trkpt lat="46.4240545" lon="3.5912518">
        <ele>271.20451662400603</ele>
      </trkpt>
      <trkpt lat="46.4233286" lon="3.5909251">
        <ele>269.9885893343947</ele>
      </trkpt>
      <trkpt lat="46.4228815" lon="3.5907322">
        <ele>268.23745252800614</ele>
      </trkpt>
      <trkpt lat="46.4225907" lon="3.5905983">
        <ele>268.0</ele>
      </trkpt>
      <trkpt lat="46.4222349" lon="3.5904428">
        <ele>269.92724618880317</ele>
      </trkpt>
      <trkpt lat="46.4219825" lon="3.5903257">
        <ele>271.0118847600064</ele>
      </trkpt>
      <trkpt lat="46.421791" lon="3.5902213">
        <ele>272.1048000000078</ele>
      </trkpt>
      <trkpt lat="46.4216106" lon="3.5901195">
        <ele>273.40367999999216</ele>
      </trkpt>
      <trkpt lat="46.4181641" lon="3.5879779">
        <ele>272.49999913440683</ele>
      </trkpt>
      <trkpt lat="46.4171551" lon="3.5873509">
        <ele>276.94879462716887</ele>
      </trkpt>
      <trkpt lat="46.4163741" lon="3.5868656">
        <ele>281.308200000012</ele>
      </trkpt>
      <trkpt lat="46.4159535" lon="3.5865413">
        <ele>281.66475999999784</ele>
      </trkpt>
      <trkpt lat="46.4155442" lon="3.5861731">
        <ele>280.55983721920546</ele>
      </trkpt>
      <trkpt lat="46.4150023" lon="3.5856949">
        <ele>284.96600642083877</ele>
      </trkpt>
      <trkpt lat="46.4144821" lon="3.5852076">
        <ele>283.57755212159645</ele>
      </trkpt>
      <trkpt lat="46.4137763" lon="3.5845282">
        <ele>286.40531999999257</ele>
      </trkpt>
      <trkpt lat="46.4130546" lon="3.5838701">
        <ele>286.9933526816168</ele>
      </trkpt>
      <trkpt lat="46.4121959" lon="3.5831177">
        <ele>283.4366002928028</ele>
      </trkpt>
      <trkpt lat="46.4115455" lon="3.5824769">
        <ele>285.683234392008</ele>
      </trkpt>
      <trkpt lat="46.4112776" lon="3.5821792">
        <ele>286.909119999993</ele>
      </trkpt>
      <trkpt lat="46.4110006" lon="3.5818034">
        <ele>288.8135127616015</ele>
      </trkpt>
      <trkpt lat="46.4109629" lon="3.5817394">
        <ele>289.08246735040314</ele>
      </trkpt>
      <trkpt lat="46.409883" lon="3.5815247">
        <ele>285.36353310400386</ele>
      </trkpt>
      <trkpt lat="46.4093799" lon="3.5822865">
        <ele>281.9462318959981</ele>
      </trkpt>
      <trkpt lat="46.4088016" lon="3.5822505">
        <ele>284.18045036801163</ele>
      </trkpt>
      <trkpt lat="46.407144" lon="3.5821345">
        <ele>281.40260000000876</ele>
      </trkpt>
      <trkpt lat="46.4060781" lon="3.582415">
        <ele>273.1046850400117</ele>
      </trkpt>
      <trkpt lat="46.4060733" lon="3.582681">
        <ele>273.2906642080263</ele>
      </trkpt>
      <trkpt lat="46.4055947" lon="3.5864999">
        <ele>282.2024027311918</ele>
      </trkpt>
      <trkpt lat="46.405448" lon="3.5864904">
        <ele>282.99834163200126</ele>
      </trkpt>
      <trkpt lat="46.4052585" lon="3.5864835">
        <ele>284.06939999999213</ele>
      </trkpt>
      <trkpt lat="46.4050832" lon="3.586614">
        <ele>284.70047999999997</ele>
      </trkpt>
      <trkpt lat="46.4048511" lon="3.5869026">
        <ele>284.46396000000686</ele>
      </trkpt>
      <trkpt lat="46.4046095" lon="3.5873286">
        <ele>281.80543999999463</ele>
      </trkpt>
      <trkpt lat="46.4042352" lon="3.5881874">
        <ele>280.3575368191958</ele>
      </trkpt>
      <trkpt lat="46.4041073" lon="3.5884347">
        <ele>280.8642707023994</ele>
      </trkpt>
      <trkpt lat="46.4036382" lon="3.5891493">
        <ele>279.13861695042317</ele>
      </trkpt>
      <trkpt lat="46.4035245" lon="3.5893897">
        <ele>279.17932000002247</ele>
      </trkpt>
      <trkpt lat="46.4028849" lon="3.591499">
        <ele>272.6184123039799</ele>
      </trkpt>
      <trkpt lat="46.4027665" lon="3.5918563">
        <ele>271.97423361599647</ele>
      </trkpt>
      <trkpt lat="46.4026433" lon="3.5921105">
        <ele>272.2894069359976</ele>
      </trkpt>
      <trkpt lat="46.4024301" lon="3.5923372">
        <ele>272.49671999997554</ele>
      </trkpt>
      <trkpt lat="46.4016436" lon="3.5929212">
        <ele>266.8740847871993</ele>
      </trkpt>
      <trkpt lat="46.4011604" lon="3.5936838">
        <ele>261.7475675008198</ele>
      </trkpt>
      <trkpt lat="46.3997911" lon="3.5963221">
        <ele>249.61712099520864</ele>
      </trkpt>
      <trkpt lat="46.3989666" lon="3.5955938">
        <ele>249.24215471359116</ele>
      </trkpt>
      <trkpt lat="46.3988529" lon="3.5954083">
        <ele>250.9187999999849</ele>
      </trkpt>
      <trkpt lat="46.3988008" lon="3.5952022">
        <ele>252.6813179904332</ele>
      </trkpt>
      <trkpt lat="46.3988055" lon="3.5948518">
        <ele>255.5072772959923</ele>
      </trkpt>
      <trkpt lat="46.3988387" lon="3.5939312">
        <ele>259.1531588224034</ele>
      </trkpt>
      <trkpt lat="46.3988719" lon="3.5924815">
        <ele>264.19028674399044</ele>
      </trkpt>
      <trkpt lat="46.3988624" lon="3.5920967">
        <ele>266.0430912768021</ele>
      </trkpt>
      <trkpt lat="46.3986776" lon="3.5910043">
        <ele>266.7606400000029</ele>
      </trkpt>
      <trkpt lat="46.3985734" lon="3.5898088">
        <ele>269.1357600000124</ele>
      </trkpt>
      <trkpt lat="46.3984976" lon="3.5889775">
        <ele>270.95928384000274</ele>
      </trkpt>
      <trkpt lat="46.398417" lon="3.5884897">
        <ele>273.13587999999345</ele>
      </trkpt>
      <trkpt lat="46.3983033" lon="3.587995">
        <ele>275.13345016000665</ele>
      </trkpt>
      <trkpt lat="46.3980901" lon="3.5873217">
        <ele>278.5175200000094</ele>
      </trkpt>
      <trkpt lat="46.3975878" lon="3.5860438">
        <ele>280.0</ele>
      </trkpt>
      <trkpt lat="46.3974716" lon="3.5857502">
        <ele>279.92835838720737</ele>
      </trkpt>
      <trkpt lat="46.397422" lon="3.5856247">
        <ele>279.9301032639991</ele>
      </trkpt>
      <trkpt lat="46.3970098" lon="3.5848689">
        <ele>277.3595172511964</ele>
      </trkpt>
      <trkpt lat="46.3967681" lon="3.5844636">
        <ele>278.22590143358127</ele>
      </trkpt>
      <trkpt lat="46.3957162" lon="3.5830689">
        <ele>279.9519600000008</ele>
      </trkpt>
      <trkpt lat="46.3954461" lon="3.5826223">
        <ele>280.73320793119814</ele>
      </trkpt>
      <trkpt lat="46.3950481" lon="3.5817429">
        <ele>281.95247796960314</ele>
      </trkpt>
      <trkpt lat="46.3944777" lon="3.5801844">
        <ele>283.0</ele>
      </trkpt>
      <trkpt lat="46.3927234" lon="3.5801298">
        <ele>276.8696800000048</ele>
      </trkpt>
      <trkpt lat="46.3909727" lon="3.5802062">
        <ele>284.53243999999495</ele>
      </trkpt>
      <trkpt lat="46.3887151" lon="3.5802557">
        <ele>274.63277173439764</ele>
      </trkpt>
      <trkpt lat="46.3885598" lon="3.5802789">
        <ele>273.9919199999986</ele>
      </trkpt>
      <trkpt lat="46.3884067" lon="3.5803599">
        <ele>273.40872000000036</ele>
      </trkpt>
      <trkpt lat="46.3882492" lon="3.5805482">
        <ele>272.9375392128311</ele>
      </trkpt>
      <trkpt lat="46.3881151" lon="3.580825">
        <ele>274.1489907999967</ele>
      </trkpt>
      <trkpt lat="46.3879425" lon="3.581209">
        <ele>273.25262679999076</ele>
      </trkpt>
      <trkpt lat="46.3878186" lon="3.5815296">
        <ele>272.54599999996935</ele>
      </trkpt>
      <trkpt lat="46.3877266" lon="3.5819">
        <ele>271.3442399999976</ele>
      </trkpt>
      <trkpt lat="46.3869834" lon="3.5856249">
        <ele>253.8905999999938</ele>
      </trkpt>
      <trkpt lat="46.3869196" lon="3.5858802">
        <ele>253.07434968320356</ele>
      </trkpt>
      <trkpt lat="46.3868214" lon="3.5860794">
        <ele>253.0505683135991</ele>
      </trkpt>
      <trkpt lat="46.3865527" lon="3.5864883">
        <ele>251.02079100640591</ele>
      </trkpt>
      <trkpt lat="46.3865381" lon="3.5865278">
        <ele>250.76845702720593</ele>
      </trkpt>
      <trkpt lat="46.3865008" lon="3.5866286">
        <ele>250.1922506751996</ele>
      </trkpt>
      <trkpt lat="46.386385" lon="3.5868419">
        <ele>248.69115175996382</ele>
      </trkpt>
      <trkpt lat="46.3862897" lon="3.5870851">
        <ele>246.60321102879047</ele>
      </trkpt>
      <trkpt lat="46.3862478" lon="3.5873006">
        <ele>245.98415999999725</ele>
      </trkpt>
      <trkpt lat="46.3862459" lon="3.5875437">
        <ele>245.73682204319186</ele>
      </trkpt>
      <trkpt lat="46.3862668" lon="3.5878034">
        <ele>244.56048000000487</ele>
      </trkpt>
      <trkpt lat="46.3862751" lon="3.5880019">
        <ele>244.59035999999605</ele>
      </trkpt>
      <trkpt lat="46.3862534" lon="3.5882046">
        <ele>244.23739250560158</ele>
      </trkpt>
      <trkpt lat="46.3861454" lon="3.5886094">
        <ele>243.12883960958763</ele>
      </trkpt>
      <trkpt lat="46.3860975" lon="3.588834">
        <ele>242.9703647999962</ele>
      </trkpt>
      <trkpt lat="46.3859792" lon="3.5895467">
        <ele>240.488812825607</ele>
      </trkpt>
      <trkpt lat="46.3859335" lon="3.5898069">
        <ele>239.36060000000043</ele>
      </trkpt>
      <trkpt lat="46.3855727" lon="3.5912509">
        <ele>241.56495999998992</ele>
      </trkpt>
      <trkpt lat="46.385505" lon="3.5914845">
        <ele>241.35444440001163</ele>
      </trkpt>
      <trkpt lat="46.3854208" lon="3.591673">
        <ele>240.51487999999472</ele>
      </trkpt>
      <trkpt lat="46.3853164" lon="3.5918588">
        <ele>240.1390400000023</ele>
      </trkpt>
      <trkpt lat="46.3849368" lon="3.5924238">
        <ele>241.56057328639614</ele>
      </trkpt>
      <trkpt lat="46.3844942" lon="3.5930826">
        <ele>242.27647999999544</ele>
      </trkpt>
      <trkpt lat="46.3843953" lon="3.5931941">
        <ele>242.4987599999995</ele>
      </trkpt>
      <trkpt lat="46.3842909" lon="3.5932631">
        <ele>242.74716000000035</ele>
      </trkpt>
      <trkpt lat="46.3841683" lon="3.5932896">
        <ele>242.8425599999996</ele>
      </trkpt>
      <trkpt lat="46.383661" lon="3.5932657">
        <ele>240.7363690079831</ele>
      </trkpt>
      <trkpt lat="46.3834743" lon="3.5932525">
        <ele>240.06880332000918</ele>
      </trkpt>
      <trkpt lat="46.3833241" lon="3.5931941">
        <ele>239.56523999997808</ele>
      </trkpt>
      <trkpt lat="46.3830256" lon="3.5930135">
        <ele>241.0479530239778</ele>
      </trkpt>
      <trkpt lat="46.3827784" lon="3.5928543">
        <ele>241.54810292480215</ele>
      </trkpt>
      <trkpt lat="46.382566" lon="3.5926844">
        <ele>240.74371161599657</ele>
      </trkpt>
      <trkpt lat="46.3823737" lon="3.5924694">
        <ele>240.96943245118422</ele>
      </trkpt>
      <trkpt lat="46.3822712" lon="3.5924083">
        <ele>241.70556675841118</ele>
      </trkpt>
      <trkpt lat="46.3821833" lon="3.5924269">
        <ele>242.1769939791943</ele>
      </trkpt>
      <trkpt lat="46.3818994" lon="3.5927481">
        <ele>243.1794851743927</ele>
      </trkpt>
      <trkpt lat="46.3818298" lon="3.5928357">
        <ele>243.20420000000513</ele>
      </trkpt>
      <trkpt lat="46.3817273" lon="3.5927906">
        <ele>243.73555999999553</ele>
      </trkpt>
      <trkpt lat="46.3816284" lon="3.5927083">
        <ele>244.35342346880887</ele>
      </trkpt>
      <trkpt lat="46.3816192" lon="3.5925304">
        <ele>244.90926110719946</ele>
      </trkpt>
      <trkpt lat="46.3815826" lon="3.5922464">
        <ele>245.2762982143948</ele>
      </trkpt>
      <trkpt lat="46.3815249" lon="3.5920157">
        <ele>244.38743754719846</ele>
      </trkpt>
      <trkpt lat="46.3814819" lon="3.5919222">
        <ele>243.91991999999982</ele>
      </trkpt>
      <trkpt lat="46.3814429" lon="3.5918575">
        <ele>243.68700000000035</ele>
      </trkpt>
      <trkpt lat="46.3814019" lon="3.5918078">
        <ele>243.50808000000097</ele>
      </trkpt>
      <trkpt lat="46.3813167" lon="3.5917383">
        <ele>243.77764000000434</ele>
      </trkpt>
      <trkpt lat="46.3809994" lon="3.5916655">
        <ele>246.20059092799576</ele>
      </trkpt>
      <trkpt lat="46.3803746" lon="3.5915222">
        <ele>247.47991999999977</ele>
      </trkpt>
      <trkpt lat="46.3801498" lon="3.5914707">
        <ele>247.29451999999947</ele>
      </trkpt>
      <trkpt lat="46.3800513" lon="3.5915695">
        <ele>247.6501999999996</ele>
      </trkpt>
      <trkpt lat="46.3799225" lon="3.5913618">
        <ele>247.25179192000252</ele>
      </trkpt>
      <trkpt lat="46.3796559" lon="3.5912635">
        <ele>247.3098400000115</ele>
      </trkpt>
      <trkpt lat="46.3795023" lon="3.5912225">
        <ele>246.6092799999958</ele>
      </trkpt>
      <trkpt lat="46.3791909" lon="3.5912005">
        <ele>246.0280738319971</ele>
      </trkpt>
      <trkpt lat="46.3788962" lon="3.5912655">
        <ele>247.082342688001</ele>
      </trkpt>
      <trkpt lat="46.3785944" lon="3.5913502">
        <ele>249.37434091518728</ele>
      </trkpt>
      <trkpt lat="46.3783094" lon="3.591439">
        <ele>249.6354399999941</ele>
      </trkpt>
      <trkpt lat="46.3781617" lon="3.5914883">
        <ele>249.81363999999894</ele>
      </trkpt>
      <trkpt lat="46.378011" lon="3.5915102">
        <ele>249.65652988800218</ele>
      </trkpt>
      <trkpt lat="46.3778932" lon="3.5915007">
        <ele>249.2608648896081</ele>
      </trkpt>
      <trkpt lat="46.37779" lon="3.591484">
        <ele>248.74093439999166</ele>
      </trkpt>
      <trkpt lat="46.3749055" lon="3.5905547">
        <ele>251.98460000000478</ele>
      </trkpt>
      <trkpt lat="46.374153" lon="3.5903084">
        <ele>249.3080323840023</ele>
      </trkpt>
      <trkpt lat="46.3729392" lon="3.5936714">
        <ele>268.2322399999898</ele>
      </trkpt>
      <trkpt lat="46.3728869" lon="3.5937712">
        <ele>269.1217999999899</ele>
      </trkpt>
      <trkpt lat="46.3728036" lon="3.5938919">
        <ele>270.1146399999907</ele>
      </trkpt>
      <trkpt lat="46.3726408" lon="3.5940608">
        <ele>269.94633789439195</ele>
      </trkpt>
      <trkpt lat="46.3725482" lon="3.5941681">
        <ele>269.5266153631689</ele>
      </trkpt>
      <trkpt lat="46.372291" lon="3.5948092">
        <ele>270.3690399999664</ele>
      </trkpt>
      <trkpt lat="46.3722577" lon="3.5949084">
        <ele>270.72363999998606</ele>
      </trkpt>
      <trkpt lat="46.3721892" lon="3.5952598">
        <ele>273.5757739136084</ele>
      </trkpt>
      <trkpt lat="46.3722151" lon="3.5954475">
        <ele>274.5597199999879</ele>
      </trkpt>
      <trkpt lat="46.3723766" lon="3.5981239">
        <ele>272.5557600000093</ele>
      </trkpt>
      <trkpt lat="46.372458" lon="3.6012996">
        <ele>277.0835582719834</ele>
      </trkpt>
      <trkpt lat="46.3725321" lon="3.6025763">
        <ele>279.0118179791934</ele>
      </trkpt>
      <trkpt lat="46.3725172" lon="3.6034454">
        <ele>280.4977010048158</ele>
      </trkpt>
      <trkpt lat="46.3723692" lon="3.6045075">
        <ele>281.47087999999485</ele>
      </trkpt>
      <trkpt lat="46.3708554" lon="3.6094638">
        <ele>281.99446462079914</ele>
      </trkpt>
      <trkpt lat="46.3705014" lon="3.6106227">
        <ele>284.046760000007</ele>
      </trkpt>
      <trkpt lat="46.3701903" lon="3.6116413">
        <ele>287.2236000000098</ele>
      </trkpt>
      <trkpt lat="46.3701839" lon="3.6116624">
        <ele>287.32259999999815</ele>
      </trkpt>
      <trkpt lat="46.368307" lon="3.6178968">
        <ele>292.42848000000004</ele>
      </trkpt>
      <trkpt lat="46.3685093" lon="3.6184362">
        <ele>293.36652000000186</ele>
      </trkpt>
      <trkpt lat="46.3675307" lon="3.6219142">
        <ele>294.88947999998845</ele>
      </trkpt>
      <trkpt lat="46.3671687" lon="3.6216294">
        <ele>294.8916899488004</ele>
      </trkpt>
      <trkpt lat="46.3668827" lon="3.622562">
        <ele>292.8264128960021</ele>
      </trkpt>
      <trkpt lat="46.3667106" lon="3.6230287">
        <ele>292.8418400000087</ele>
      </trkpt>
      <trkpt lat="46.3665505" lon="3.6233957">
        <ele>292.3243057359931</ele>
      </trkpt>
      <trkpt lat="46.3661207" lon="3.6241365">
        <ele>291.8606288719897</ele>
      </trkpt>
      <trkpt lat="46.3649069" lon="3.6258365">
        <ele>294.6534400000037</ele>
      </trkpt>
      <trkpt lat="46.3634711" lon="3.6278621">
        <ele>283.4959599999934</ele>
      </trkpt>
      <trkpt lat="46.3628261" lon="3.6287499">
        <ele>279.67372525119794</ele>
      </trkpt>
      <trkpt lat="46.3623748" lon="3.6294843">
        <ele>279.96610930561724</ele>
      </trkpt>
      <trkpt lat="46.36213" lon="3.6298066">
        <ele>282.76484831999574</ele>
      </trkpt>
      <trkpt lat="46.3619251" lon="3.6302111">
        <ele>285.05292361439837</ele>
      </trkpt>
      <trkpt lat="46.3617529" lon="3.630761">
        <ele>285.32908000001</ele>
      </trkpt>
      <trkpt lat="46.3617011" lon="3.6314584">
        <ele>284.4731402496352</ele>
      </trkpt>
      <trkpt lat="46.3617377" lon="3.6321187">
        <ele>283.2328400000106</ele>
      </trkpt>
      <trkpt lat="46.36183" lon="3.6326516">
        <ele>280.05338688001234</ele>
      </trkpt>
      <trkpt lat="46.3619038" lon="3.6326979">
        <ele>279.4759557791978</ele>
      </trkpt>
      <trkpt lat="46.3619751" lon="3.63284">
        <ele>278.80072064000245</ele>
      </trkpt>
      <trkpt lat="46.3621291" lon="3.6336356">
        <ele>278.93567475837034</ele>
      </trkpt>
      <trkpt lat="46.3621946" lon="3.6337946">
        <ele>279.10680608641985</ele>
      </trkpt>
      <trkpt lat="46.3626344" lon="3.634669">
        <ele>276.44358374397893</ele>
      </trkpt>
      <trkpt lat="46.362773" lon="3.6349006">
        <ele>275.6923251519863</ele>
      </trkpt>
      <trkpt lat="46.3629825" lon="3.6350815">
        <ele>275.88720000000694</ele>
      </trkpt>
      <trkpt lat="46.3633351" lon="3.6353244">
        <ele>274.82579999999825</ele>
      </trkpt>
      <trkpt lat="46.3634836" lon="3.6354917">
        <ele>273.68891999999187</ele>
      </trkpt>
      <trkpt lat="46.3635846" lon="3.6356326">
        <ele>273.06896876159243</ele>
      </trkpt>
      <trkpt lat="46.3636913" lon="3.6357813">
        <ele>272.765395537602</ele>
      </trkpt>
      <trkpt lat="46.3638215" lon="3.6360026">
        <ele>272.0947692639998</ele>
      </trkpt>
      <trkpt lat="46.3639988" lon="3.6361845">
        <ele>272.2642000000005</ele>
      </trkpt>
      <trkpt lat="46.3640572" lon="3.6362323">
        <ele>272.43628000000035</ele>
      </trkpt>
      <trkpt lat="46.3642663" lon="3.6363386">
        <ele>272.8838954271984</ele>
      </trkpt>
      <trkpt lat="46.3643423" lon="3.6363972">
        <ele>273.02200436480126</ele>
      </trkpt>
      <trkpt lat="46.3642393" lon="3.6364318">
        <ele>273.22817313919876</ele>
      </trkpt>
      <trkpt lat="46.3641762" lon="3.6364526">
        <ele>273.4429767295967</ele>
      </trkpt>
      <trkpt lat="46.3638935" lon="3.6365458">
        <ele>273.018754016013</ele>
      </trkpt>
      <trkpt lat="46.3634593" lon="3.6366917">
        <ele>271.9591323823991</ele>
      </trkpt>
      <trkpt lat="46.3627129" lon="3.6369454">
        <ele>274.0</ele>
      </trkpt>
      <trkpt lat="46.3625027" lon="3.6370094">
        <ele>274.0</ele>
      </trkpt>
      <trkpt lat="46.3623179" lon="3.6370676">
        <ele>273.3444400000026</ele>
      </trkpt>
      <trkpt lat="46.362161" lon="3.6370653">
        <ele>273.0958916319995</ele>
      </trkpt>
      <trkpt lat="46.3614446" lon="3.6370933">
        <ele>278.8984839072179</ele>
      </trkpt>
      <trkpt lat="46.3613111" lon="3.637089">
        <ele>279.8298143679937</ele>
      </trkpt>
      <trkpt lat="46.3612214" lon="3.6370935">
        <ele>280.1686233280079</ele>
      </trkpt>
      <trkpt lat="46.361196" lon="3.6370948">
        <ele>280.2609103360003</ele>
      </trkpt>
      <trkpt lat="46.3610407" lon="3.6371258">
        <ele>280.4873879775925</ele>
      </trkpt>
      <trkpt lat="46.3609775" lon="3.6371466">
        <ele>280.3777074399921</ele>
      </trkpt>
      <trkpt lat="46.3606725" lon="3.6373004">
        <ele>280.1184862399996</ele>
      </trkpt>
      <trkpt lat="46.3602443" lon="3.6375395">
        <ele>280.262720000007</ele>
      </trkpt>
      <trkpt lat="46.3601192" lon="3.6376012">
        <ele>280.9352000000015</ele>
      </trkpt>
      <trkpt lat="46.3598319" lon="3.6377886">
        <ele>282.0861140671988</ele>
      </trkpt>
      <trkpt lat="46.3590875" lon="3.6384413">
        <ele>282.8670938000098</ele>
      </trkpt>
      <trkpt lat="46.3587947" lon="3.6386713">
        <ele>280.6119918543818</ele>
      </trkpt>
      <trkpt lat="46.3577921" lon="3.6393833">
        <ele>284.9107493871983</ele>
      </trkpt>
      <trkpt lat="46.3560385" lon="3.6406077">
        <ele>287.77895999996394</ele>
      </trkpt>
      <trkpt lat="46.3558168" lon="3.6408429">
        <ele>287.83079999999245</ele>
      </trkpt>
      <trkpt lat="46.3551102" lon="3.6420352">
        <ele>284.28601635841346</ele>
      </trkpt>
      <trkpt lat="46.3546846" lon="3.6427976">
        <ele>283.9286399999992</ele>
      </trkpt>
      <trkpt lat="46.3544884" lon="3.6431084">
        <ele>283.1902399999999</ele>
      </trkpt>
      <trkpt lat="46.354431" lon="3.643296">
        <ele>283.8721049600005</ele>
      </trkpt>
      <trkpt lat="46.3543754" lon="3.6435163">
        <ele>285.81231849920385</ele>
      </trkpt>
      <trkpt lat="46.354258" lon="3.64367">
        <ele>286.9619168000103</ele>
      </trkpt>
      <trkpt lat="46.354075" lon="3.6439621">
        <ele>287.80068000001756</ele>
      </trkpt>
      <trkpt lat="46.3540161" lon="3.6439432">
        <ele>286.96044000002576</ele>
      </trkpt>
      <trkpt lat="46.353552" lon="3.6445668">
        <ele>289.5893058560088</ele>
      </trkpt>
      <trkpt lat="46.3531436" lon="3.6453188">
        <ele>289.41552000004094</ele>
      </trkpt>
      <trkpt lat="46.3530236" lon="3.6456191">
        <ele>289.28984689919946</ele>
      </trkpt>
      <trkpt lat="46.3529332" lon="3.6460711">
        <ele>289.30152673923453</ele>
      </trkpt>
      <trkpt lat="46.3528642" lon="3.6465994">
        <ele>291.2822208191885</ele>
      </trkpt>
      <trkpt lat="46.3527341" lon="3.6475679">
        <ele>293.4795157455956</ele>
      </trkpt>
      <trkpt lat="46.3525415" lon="3.6484047">
        <ele>290.74350384801096</ele>
      </trkpt>
      <trkpt lat="46.3522749" lon="3.6491343">
        <ele>294.38690314716797</ele>
      </trkpt>
      <trkpt lat="46.3518898" lon="3.6500999">
        <ele>294.5727600000305</ele>
      </trkpt>
      <trkpt lat="46.3510308" lon="3.6513874">
        <ele>293.9908296831999</ele>
      </trkpt>
      <trkpt lat="46.3498664" lon="3.6540831">
        <ele>293.687704012792</ele>
      </trkpt>
      <trkpt lat="46.3498369" lon="3.6543685">
        <ele>294.0</ele>
      </trkpt>
      <trkpt lat="46.3498842" lon="3.6547978">
        <ele>295.9686247103948</ele>
      </trkpt>
      <trkpt lat="46.3501237" lon="3.6556676">
        <ele>300.3779199999635</ele>
      </trkpt>
      <trkpt lat="46.3502467" lon="3.6561733">
        <ele>298.9928399999933</ele>
      </trkpt>
      <trkpt lat="46.3502489" lon="3.6566858">
        <ele>295.7498392351652</ele>
      </trkpt>
      <trkpt lat="46.3500145" lon="3.6588311">
        <ele>298.4995206240068</ele>
      </trkpt>
      <trkpt lat="46.3500248" lon="3.6591515">
        <ele>298.6200853119979</ele>
      </trkpt>
      <trkpt lat="46.3503895" lon="3.6613126">
        <ele>301.56027999997514</ele>
      </trkpt>
      <trkpt lat="46.3505843" lon="3.6625942">
        <ele>299.72436000003336</ele>
      </trkpt>
      <trkpt lat="46.3507346" lon="3.6637899">
        <ele>303.15648000007786</ele>
      </trkpt>
      <trkpt lat="46.35073" lon="3.6641568">
        <ele>302.77709311997046</ele>
      </trkpt>
      <trkpt lat="46.3507034" lon="3.6644189">
        <ele>301.71014479040844</ele>
      </trkpt>
      <trkpt lat="46.3505946" lon="3.6648661">
        <ele>301.65347108480233</ele>
      </trkpt>
      <trkpt lat="46.350375" lon="3.6656425">
        <ele>301.28700000000435</ele>
      </trkpt>
      <trkpt lat="46.3501929" lon="3.666459">
        <ele>304.73323665599185</ele>
      </trkpt>
      <trkpt lat="46.3499731" lon="3.6673581">
        <ele>308.64042974559555</ele>
      </trkpt>
      <trkpt lat="46.3497145" lon="3.6683323">
        <ele>307.8851834159637</ele>
      </trkpt>
      <trkpt lat="46.3496547" lon="3.668765">
        <ele>309.55501368003456</ele>
      </trkpt>
      <trkpt lat="46.3494133" lon="3.6718743">
        <ele>314.1869125424185</ele>
      </trkpt>
      <trkpt lat="46.3492496" lon="3.6731983">
        <ele>312.7081200000048</ele>
      </trkpt>
      <trkpt lat="46.3492389" lon="3.6734123">
        <ele>313.17659165763837</ele>
      </trkpt>
      <trkpt lat="46.3492219" lon="3.6747111">
        <ele>315.1187600000135</ele>
      </trkpt>
      <trkpt lat="46.3490566" lon="3.6762147">
        <ele>315.0597541791766</ele>
      </trkpt>
      <trkpt lat="46.34888" lon="3.6775486">
        <ele>312.7346387200117</ele>
      </trkpt>
      <trkpt lat="46.3488308" lon="3.67801">
        <ele>310.745760000013</ele>
      </trkpt>
      <trkpt lat="46.3488484" lon="3.6781649">
        <ele>310.31484000001</ele>
      </trkpt>
      <trkpt lat="46.3489579" lon="3.6785089">
        <ele>311.31175196482053</ele>
      </trkpt>
      <trkpt lat="46.3491451" lon="3.6787741">
        <ele>312.89027604640614</ele>
      </trkpt>
      <trkpt lat="46.3493494" lon="3.6789605">
        <ele>313.088208847999</ele>
      </trkpt>
      <trkpt lat="46.3499151" lon="3.6793172">
        <ele>314.30487999997877</ele>
      </trkpt>
      <trkpt lat="46.3510412" lon="3.6802812">
        <ele>315.47820139518103</ele>
      </trkpt>
      <trkpt lat="46.3514753" lon="3.680477">
        <ele>316.4108665759698</ele>
      </trkpt>
      <trkpt lat="46.3515118" lon="3.6804892">
        <ele>316.69950037757405</ele>
      </trkpt>
      <trkpt lat="46.3518724" lon="3.6806384">
        <ele>320.88520847356483</ele>
      </trkpt>
      <trkpt lat="46.3520416" lon="3.6807483">
        <ele>322.80658853119826</ele>
      </trkpt>
      <trkpt lat="46.3523739" lon="3.6809584">
        <ele>325.5423200000255</ele>
      </trkpt>
      <trkpt lat="46.3526421" lon="3.6811281">
        <ele>325.88584700962014</ele>
      </trkpt>
      <trkpt lat="46.3528142" lon="3.6812831">
        <ele>324.51195999999095</ele>
      </trkpt>
      <trkpt lat="46.3530778" lon="3.6817286">
        <ele>323.0345600000255</ele>
      </trkpt>
      <trkpt lat="46.353139" lon="3.6818591">
        <ele>323.4168799999725</ele>
      </trkpt>
      <trkpt lat="46.353154" lon="3.6819582">
        <ele>323.12327033607414</ele>
      </trkpt>
      <trkpt lat="46.3531387" lon="3.6820771">
        <ele>322.8446502224387</ele>
      </trkpt>
      <trkpt lat="46.3529511" lon="3.6824571">
        <ele>321.9419243823994</ele>
      </trkpt>
      <trkpt lat="46.3529059" lon="3.6826252">
        <ele>323.1093300928047</ele>
      </trkpt>
      <trkpt lat="46.3528851" lon="3.6827458">
        <ele>324.11164223680686</ele>
      </trkpt>
      <trkpt lat="46.3528762" lon="3.6828382">
        <ele>324.9298083135913</ele>
      </trkpt>
      <trkpt lat="46.352901" lon="3.6829719">
        <ele>326.23011457600427</ele>
      </trkpt>
      <trkpt lat="46.3530673" lon="3.683542">
        <ele>329.6984007360034</ele>
      </trkpt>
      <trkpt lat="46.3531202" lon="3.6838329">
        <ele>331.178347043205</ele>
      </trkpt>
      <trkpt lat="46.3531378" lon="3.6840013">
        <ele>331.9775646912095</ele>
      </trkpt>
      <trkpt lat="46.3531316" lon="3.684166">
        <ele>332.9014740480342</ele>
      </trkpt>
      <trkpt lat="46.3528701" lon="3.6848819">
        <ele>339.72198617766196</ele>
      </trkpt>
      <trkpt lat="46.352851" lon="3.6850801">
        <ele>340.4944116959766</ele>
      </trkpt>
      <trkpt lat="46.3528482" lon="3.6861886">
        <ele>348.91896193925226</ele>
      </trkpt>
      <trkpt lat="46.3528545" lon="3.6867826">
        <ele>356.84519483200603</ele>
      </trkpt>
      <trkpt lat="46.3529118" lon="3.6870806">
        <ele>358.2792123967891</ele>
      </trkpt>
      <trkpt lat="46.3529541" lon="3.6871516">
        <ele>358.31485861761524</ele>
      </trkpt>
      <trkpt lat="46.3530381" lon="3.6871898">
        <ele>357.89957468480776</ele>
      </trkpt>
      <trkpt lat="46.353158" lon="3.6871342">
        <ele>357.5013093120011</ele>
      </trkpt>
      <trkpt lat="46.3533979" lon="3.6869986">
        <ele>355.7345234976011</ele>
      </trkpt>
      <trkpt lat="46.3534915" lon="3.6869952">
        <ele>355.62683923200444</ele>
      </trkpt>
      <trkpt lat="46.3536066" lon="3.6870334">
        <ele>355.9659206975983</ele>
      </trkpt>
      <trkpt lat="46.3538157" lon="3.6871898">
        <ele>355.4402800000187</ele>
      </trkpt>
      <trkpt lat="46.3538729" lon="3.6872941">
        <ele>355.93406577440965</ele>
      </trkpt>
      <trkpt lat="46.3538081" lon="3.6875687">
        <ele>359.00438945118657</ele>
      </trkpt>
      <trkpt lat="46.3535035" lon="3.6877841">
        <ele>361.41015999999195</ele>
      </trkpt>
      <trkpt lat="46.3534586" lon="3.6878803">
        <ele>361.9181199999871</ele>
      </trkpt>
    </trkseg>
  </trk>
</gpx>