<?xml version="1.0" encoding="UTF-8"?>
<gpx xmlns="http://www.topografix.com/GPX/1/1" xmlns:xsi="http://www.w3.org/2001/XMLSchema-instance" xsi:schemaLocation="http://www.topografix.com/GPX/1/1 http://www.topografix.com/GPX/1/1/gpx.xsd" version="1.1" creator="open-rando">
  <metadata>
    <name>GR 69</name>
    <desc>La Routo</desc>
  </metadata>
  <wpt lat="43.6848994" lon="4.6322332">
    <name>Arles</name>
  </wpt>
  <wpt lat="43.6999604" lon="5.0914608">
    <name>Lamanon</name>
  </wpt>
  <wpt lat="43.6390736" lon="5.0884425">
    <name>Salon</name>
  </wpt>
  <wpt lat="43.5227288" lon="5.4451153">
    <name>Aix-en-Provence</name>
  </wpt>
  <trk>
    <name>GR 69</name>
    <trkseg>
      <trkpt lat="43.7110529" lon="4.7005218">
        <ele>34.241785731187214</ele>
      </trkpt>
      <trkpt lat="43.7110135" lon="4.7006463">
        <ele>34.72096929599895</ele>
      </trkpt>
      <trkpt lat="43.7108817" lon="4.7008448">
        <ele>33.69648000002417</ele>
      </trkpt>
      <trkpt lat="43.7108662" lon="4.7010218">
        <ele>33.473279999972874</ele>
      </trkpt>
      <trkpt lat="43.7109117" lon="4.7013035">
        <ele>33.933083687963574</ele>
      </trkpt>
      <trkpt lat="43.7109378" lon="4.7013414">
        <ele>34.19253463684104</ele>
      </trkpt>
      <trkpt lat="43.7109686" lon="4.701386">
        <ele>34.46594438401089</ele>
      </trkpt>
      <trkpt lat="43.7110413" lon="4.7014338">
        <ele>34.963313417578696</ele>
      </trkpt>
      <trkpt lat="43.7113153" lon="4.701549">
        <ele>37.05244000002722</ele>
      </trkpt>
      <trkpt lat="43.7114013" lon="4.7015851">
        <ele>37.66352016479205</ele>
      </trkpt>
      <trkpt lat="43.711428" lon="4.7015983">
        <ele>37.73918630398961</ele>
      </trkpt>
      <trkpt lat="43.7115309" lon="4.7016558">
        <ele>38.080720291197046</ele>
      </trkpt>
      <trkpt lat="43.7110529" lon="4.7005218">
        <ele>34.241785731187214</ele>
      </trkpt>
      <trkpt lat="43.7109682" lon="4.70038">
        <ele>32.40019136001689</ele>
      </trkpt>
      <trkpt lat="43.7109588" lon="4.7003074">
        <ele>31.71312715519884</ele>
      </trkpt>
      <trkpt lat="43.7109745" lon="4.7002146">
        <ele>30.825879999994413</ele>
      </trkpt>
      <trkpt lat="43.7109867" lon="4.7000819">
        <ele>29.43663999999535</ele>
      </trkpt>
      <trkpt lat="43.7109836" lon="4.7000322">
        <ele>28.888719999994464</ele>
      </trkpt>
      <trkpt lat="43.7110413" lon="4.6998888">
        <ele>27.54771999999366</ele>
      </trkpt>
      <trkpt lat="43.7110723" lon="4.6996689">
        <ele>25.8334593487911</ele>
      </trkpt>
      <trkpt lat="43.7111742" lon="4.6992505">
        <ele>27.311015184021784</ele>
      </trkpt>
      <trkpt lat="43.711168" lon="4.6990989">
        <ele>27.808396992006035</ele>
      </trkpt>
      <trkpt lat="43.7111516" lon="4.6989638">
        <ele>28.061148556808224</ele>
      </trkpt>
      <trkpt lat="43.7111403" lon="4.6988901">
        <ele>28.206258148777337</ele>
      </trkpt>
      <trkpt lat="43.711163" lon="4.6986928">
        <ele>28.37359999999353</ele>
      </trkpt>
      <trkpt lat="43.7111648" lon="4.6985525">
        <ele>28.345777919992557</ele>
      </trkpt>
      <trkpt lat="43.7111569" lon="4.6984557">
        <ele>28.237455316794147</ele>
      </trkpt>
      <trkpt lat="43.7110717" lon="4.6982913">
        <ele>27.435069281587264</ele>
      </trkpt>
      <trkpt lat="43.7110225" lon="4.6981794">
        <ele>26.43045703999183</ele>
      </trkpt>
      <trkpt lat="43.7109942" lon="4.6980553">
        <ele>25.578200000006746</ele>
      </trkpt>
      <trkpt lat="43.710967" lon="4.6978622">
        <ele>24.785119999988638</ele>
      </trkpt>
      <trkpt lat="43.7109638" lon="4.6978057">
        <ele>24.57020000000648</ele>
      </trkpt>
      <trkpt lat="43.7109719" lon="4.6977577">
        <ele>24.498839999989286</ele>
      </trkpt>
      <trkpt lat="43.7109889" lon="4.6976899">
        <ele>24.56003999998802</ele>
      </trkpt>
      <trkpt lat="43.7109925" lon="4.697653">
        <ele>24.57300000001169</ele>
      </trkpt>
      <trkpt lat="43.7109842" lon="4.6975702">
        <ele>24.543119999994815</ele>
      </trkpt>
      <trkpt lat="43.7109656" lon="4.69746">
        <ele>24.544727040005675</ele>
      </trkpt>
      <trkpt lat="43.7109945" lon="4.6974107">
        <ele>24.766722695991724</ele>
      </trkpt>
      <trkpt lat="43.7110119" lon="4.6973749">
        <ele>24.932349422414287</ele>
      </trkpt>
      <trkpt lat="43.7110181" lon="4.6973312">
        <ele>25.069364428782098</ele>
      </trkpt>
      <trkpt lat="43.7110198" lon="4.6971207">
        <ele>25.708040000017718</ele>
      </trkpt>
      <trkpt lat="43.7110216" lon="4.6970957">
        <ele>25.81100000001561</ele>
      </trkpt>
      <trkpt lat="43.711024" lon="4.6970612">
        <ele>25.952480000012656</ele>
      </trkpt>
      <trkpt lat="43.7110363" lon="4.6969858">
        <ele>26.312480000024152</ele>
      </trkpt>
      <trkpt lat="43.7110428" lon="4.6968866">
        <ele>26.50816000000941</ele>
      </trkpt>
      <trkpt lat="43.7110484" lon="4.6968">
        <ele>26.54848000002039</ele>
      </trkpt>
      <trkpt lat="43.7110445" lon="4.6966963">
        <ele>26.520399999999427</ele>
      </trkpt>
      <trkpt lat="43.7110384" lon="4.6965907">
        <ele>26.20299999999679</ele>
      </trkpt>
      <trkpt lat="43.7110397" lon="4.6965514">
        <ele>26.070880000003854</ele>
      </trkpt>
      <trkpt lat="43.7110467" lon="4.6965213">
        <ele>26.012919999978294</ele>
      </trkpt>
      <trkpt lat="43.7110629" lon="4.6964685">
        <ele>25.93948000001228</ele>
      </trkpt>
      <trkpt lat="43.711079" lon="4.6964086">
        <ele>25.839759999984835</ele>
      </trkpt>
      <trkpt lat="43.7110825" lon="4.6963667">
        <ele>25.634240000021236</ele>
      </trkpt>
      <trkpt lat="43.7110799" lon="4.6963078">
        <ele>25.191440000007788</ele>
      </trkpt>
      <trkpt lat="43.7110755" lon="4.6962504">
        <ele>24.746479999999792</ele>
      </trkpt>
      <trkpt lat="43.7110767" lon="4.6962124">
        <ele>24.481519999999364</ele>
      </trkpt>
      <trkpt lat="43.7110833" lon="4.6961616">
        <ele>24.163279999988845</ele>
      </trkpt>
      <trkpt lat="43.7111265" lon="4.6960091">
        <ele>23.17506509600895</ele>
      </trkpt>
      <trkpt lat="43.7111577" lon="4.6959633">
        <ele>22.689567166392724</ele>
      </trkpt>
      <trkpt lat="43.7111854" lon="4.6959363">
        <ele>22.374785340807488</ele>
      </trkpt>
      <trkpt lat="43.7112321" lon="4.6959075">
        <ele>21.982145480013994</ele>
      </trkpt>
      <trkpt lat="43.7112672" lon="4.6958732">
        <ele>21.644473241594028</ele>
      </trkpt>
      <trkpt lat="43.7112889" lon="4.6958451">
        <ele>21.417567905599693</ele>
      </trkpt>
      <trkpt lat="43.7113444" lon="4.6957591">
        <ele>20.6256799999951</ele>
      </trkpt>
      <trkpt lat="43.7113845" lon="4.695716">
        <ele>20.17099999999573</ele>
      </trkpt>
      <trkpt lat="43.7114713" lon="4.6956226">
        <ele>19.114433315203105</ele>
      </trkpt>
      <trkpt lat="43.7115029" lon="4.6955902">
        <ele>18.787809923201902</ele>
      </trkpt>
      <trkpt lat="43.7115278" lon="4.6955489">
        <ele>18.475960000005216</ele>
      </trkpt>
      <trkpt lat="43.7115579" lon="4.6955006">
        <ele>18.193719999990662</ele>
      </trkpt>
      <trkpt lat="43.7115838" lon="4.6954568">
        <ele>17.942799999999806</ele>
      </trkpt>
      <trkpt lat="43.7116071" lon="4.6954301">
        <ele>17.76279999999406</ele>
      </trkpt>
      <trkpt lat="43.7116344" lon="4.6954086">
        <ele>17.587119999996958</ele>
      </trkpt>
      <trkpt lat="43.7116684" lon="4.695401">
        <ele>17.440831936000336</ele>
      </trkpt>
      <trkpt lat="43.7117468" lon="4.6953597">
        <ele>17.20984147839988</ele>
      </trkpt>
      <trkpt lat="43.7117968" lon="4.6953194">
        <ele>17.079642956798516</ele>
      </trkpt>
      <trkpt lat="43.7119752" lon="4.6951209">
        <ele>15.933010227195663</ele>
      </trkpt>
      <trkpt lat="43.7121342" lon="4.6948581">
        <ele>14.823314979203966</ele>
      </trkpt>
      <trkpt lat="43.7122038" lon="4.6947439">
        <ele>14.150904387197295</ele>
      </trkpt>
      <trkpt lat="43.712243" lon="4.6946436">
        <ele>13.845388608005454</ele>
      </trkpt>
      <trkpt lat="43.711988" lon="4.6945167">
        <ele>13.883986816005434</ele>
      </trkpt>
      <trkpt lat="43.711899" lon="4.6944593">
        <ele>13.845149328008821</ele>
      </trkpt>
      <trkpt lat="43.7118234" lon="4.6943788">
        <ele>13.430898803200478</ele>
      </trkpt>
      <trkpt lat="43.7117552" lon="4.6942949">
        <ele>13.147133900798204</ele>
      </trkpt>
      <trkpt lat="43.7116542" lon="4.6941826">
        <ele>12.957694316793717</ele>
      </trkpt>
      <trkpt lat="43.7114658" lon="4.6940031">
        <ele>12.276879999996709</ele>
      </trkpt>
      <trkpt lat="43.711322" lon="4.6938858">
        <ele>12.0</ele>
      </trkpt>
      <trkpt lat="43.7110777" lon="4.6937377">
        <ele>11.814254001583585</ele>
      </trkpt>
      <trkpt lat="43.710743" lon="4.6935653">
        <ele>9.18468000000712</ele>
      </trkpt>
      <trkpt lat="43.7106891" lon="4.6935058">
        <ele>8.582400000022062</ele>
      </trkpt>
      <trkpt lat="43.7108811" lon="4.6931194">
        <ele>7.803600000009283</ele>
      </trkpt>
      <trkpt lat="43.7109041" lon="4.6930641">
        <ele>7.57104000000254</ele>
      </trkpt>
      <trkpt lat="43.7109209" lon="4.6930315">
        <ele>7.484579783983516</ele>
      </trkpt>
      <trkpt lat="43.7110666" lon="4.6928055">
        <ele>7.635071952026136</ele>
      </trkpt>
      <trkpt lat="43.7111708" lon="4.6926829">
        <ele>8.08819999998559</ele>
      </trkpt>
      <trkpt lat="43.7114086" lon="4.6924281">
        <ele>8.812119999994593</ele>
      </trkpt>
      <trkpt lat="43.7117787" lon="4.6920758">
        <ele>8.47287999999844</ele>
      </trkpt>
      <trkpt lat="43.7118368" lon="4.6920106">
        <ele>8.23815999999897</ele>
      </trkpt>
      <trkpt lat="43.7122089" lon="4.6915929">
        <ele>7.252823742400972</ele>
      </trkpt>
      <trkpt lat="43.7123483" lon="4.6914456">
        <ele>7.7958400000006804</ele>
      </trkpt>
      <trkpt lat="43.7125106" lon="4.6912742">
        <ele>7.977595500796539</ele>
      </trkpt>
      <trkpt lat="43.7125588" lon="4.6911806">
        <ele>7.947046131203089</ele>
      </trkpt>
      <trkpt lat="43.7125688" lon="4.6910249">
        <ele>8.076869964799208</ele>
      </trkpt>
      <trkpt lat="43.7125716" lon="4.6909807">
        <ele>8.121013164794697</ele>
      </trkpt>
      <trkpt lat="43.7125775" lon="4.6905225">
        <ele>8.16000000000713</ele>
      </trkpt>
      <trkpt lat="43.712582" lon="4.6901666">
        <ele>7.177049151995252</ele>
      </trkpt>
      <trkpt lat="43.7125861" lon="4.6887232">
        <ele>3.6900399999894944</ele>
      </trkpt>
      <trkpt lat="43.7125864" lon="4.6886194">
        <ele>3.6889600000026803</ele>
      </trkpt>
      <trkpt lat="43.7125868" lon="4.6884912">
        <ele>3.8224113664069033</ele>
      </trkpt>
      <trkpt lat="43.7125922" lon="4.6879676">
        <ele>4.648560000010093</ele>
      </trkpt>
      <trkpt lat="43.7127078" lon="4.6870818">
        <ele>5.0</ele>
      </trkpt>
      <trkpt lat="43.7127144" lon="4.6870464">
        <ele>5.0</ele>
      </trkpt>
      <trkpt lat="43.7127723" lon="4.6866191">
        <ele>5.019720000009329</ele>
      </trkpt>
      <trkpt lat="43.7127847" lon="4.6865165">
        <ele>4.975079999999252</ele>
      </trkpt>
      <trkpt lat="43.7127743" lon="4.6864889">
        <ele>5.012520000001587</ele>
      </trkpt>
      <trkpt lat="43.7125114" lon="4.6858385">
        <ele>6.900083344023412</ele>
      </trkpt>
      <trkpt lat="43.7122261" lon="4.6850755">
        <ele>8.728200000000015</ele>
      </trkpt>
      <trkpt lat="43.7122193" lon="4.6850579">
        <ele>8.772712788805617</ele>
      </trkpt>
      <trkpt lat="43.7119969" lon="4.6845186">
        <ele>8.921880000010788</ele>
      </trkpt>
      <trkpt lat="43.7118608" lon="4.6842449">
        <ele>10.436719999996967</ele>
      </trkpt>
      <trkpt lat="43.7112329" lon="4.6831855">
        <ele>10.794897768002604</ele>
      </trkpt>
      <trkpt lat="43.7110188" lon="4.6828308">
        <ele>11.0</ele>
      </trkpt>
      <trkpt lat="43.7108223" lon="4.682467">
        <ele>10.96027999998796</ele>
      </trkpt>
      <trkpt lat="43.7106916" lon="4.6821451">
        <ele>10.767399999990175</ele>
      </trkpt>
      <trkpt lat="43.7106101" lon="4.6818396">
        <ele>11.270474118383635</ele>
      </trkpt>
      <trkpt lat="43.7105387" lon="4.6815183">
        <ele>10.911050401604028</ele>
      </trkpt>
      <trkpt lat="43.7104913" lon="4.6812606">
        <ele>10.76868000000377</ele>
      </trkpt>
      <trkpt lat="43.7104562" lon="4.680792">
        <ele>11.0</ele>
      </trkpt>
      <trkpt lat="43.7104351" lon="4.6803232">
        <ele>10.637268812793975</ele>
      </trkpt>
      <trkpt lat="43.710408" lon="4.6797839">
        <ele>9.833507648006172</ele>
      </trkpt>
      <trkpt lat="43.7103699" lon="4.6794744">
        <ele>9.066995942435549</ele>
      </trkpt>
      <trkpt lat="43.7103362" lon="4.6792851">
        <ele>8.630960000004507</ele>
      </trkpt>
      <trkpt lat="43.7102868" lon="4.6790963">
        <ele>8.342532166386029</ele>
      </trkpt>
      <trkpt lat="43.7102338" lon="4.6789145">
        <ele>8.591159999980846</ele>
      </trkpt>
      <trkpt lat="43.7098116" lon="4.6779449">
        <ele>9.720120000006773</ele>
      </trkpt>
      <trkpt lat="43.709463" lon="4.6770885">
        <ele>8.518599999999878</ele>
      </trkpt>
      <trkpt lat="43.7092513" lon="4.6764578">
        <ele>8.63872000001129</ele>
      </trkpt>
      <trkpt lat="43.7090992" lon="4.6759123">
        <ele>6.159108147226067</ele>
      </trkpt>
      <trkpt lat="43.7090074" lon="4.6755405">
        <ele>5.1235961120208415</ele>
      </trkpt>
      <trkpt lat="43.7088921" lon="4.6751078">
        <ele>5.3675475904007595</ele>
      </trkpt>
      <trkpt lat="43.7088488" lon="4.674971">
        <ele>5.507225984015638</ele>
      </trkpt>
      <trkpt lat="43.7088054" lon="4.6748476">
        <ele>6.120521523180886</ele>
      </trkpt>
      <trkpt lat="43.7087403" lon="4.6747005">
        <ele>6.493089255992791</ele>
      </trkpt>
      <trkpt lat="43.708687" lon="4.6745909">
        <ele>6.383198032004762</ele>
      </trkpt>
      <trkpt lat="43.708632" lon="4.674485">
        <ele>6.135020799998568</ele>
      </trkpt>
      <trkpt lat="43.7085761" lon="4.6743865">
        <ele>6.351828055979871</ele>
      </trkpt>
      <trkpt lat="43.7084975" lon="4.674274">
        <ele>6.976037599999639</ele>
      </trkpt>
      <trkpt lat="43.7084183" lon="4.6741644">
        <ele>7.385071961613434</ele>
      </trkpt>
      <trkpt lat="43.7083558" lon="4.6740914">
        <ele>7.611110489602161</ele>
      </trkpt>
      <trkpt lat="43.7082719" lon="4.6740049">
        <ele>7.381210524799358</ele>
      </trkpt>
      <trkpt lat="43.707526" lon="4.6734064">
        <ele>6.289638911988302</ele>
      </trkpt>
      <trkpt lat="43.7073856" lon="4.6732872">
        <ele>6.07967999999164</ele>
      </trkpt>
      <trkpt lat="43.7072495" lon="4.6731514">
        <ele>5.5918799999890325</ele>
      </trkpt>
      <trkpt lat="43.707086" lon="4.6729392">
        <ele>4.866101248007107</ele>
      </trkpt>
      <trkpt lat="43.7069387" lon="4.6727017">
        <ele>3.6904238384131185</ele>
      </trkpt>
      <trkpt lat="43.7068591" lon="4.6725422">
        <ele>2.798004099210119</ele>
      </trkpt>
      <trkpt lat="43.7067923" lon="4.6723792">
        <ele>2.4522799999872404</ele>
      </trkpt>
      <trkpt lat="43.7067263" lon="4.6721922">
        <ele>2.299557385600278</ele>
      </trkpt>
      <trkpt lat="43.7066693" lon="4.6719893">
        <ele>2.8400508304010765</ele>
      </trkpt>
      <trkpt lat="43.7066327" lon="4.6718027">
        <ele>3.5102800000008756</ele>
      </trkpt>
      <trkpt lat="43.7066035" lon="4.6715618">
        <ele>4.377519999999549</ele>
      </trkpt>
      <trkpt lat="43.7065887" lon="4.671305">
        <ele>5.217234639996742</ele>
      </trkpt>
      <trkpt lat="43.7065967" lon="4.6710485">
        <ele>5.804893751995888</ele>
      </trkpt>
      <trkpt lat="43.7066119" lon="4.670843">
        <ele>5.993138832000108</ele>
      </trkpt>
      <trkpt lat="43.7067929" lon="4.6696717">
        <ele>5.3636799999885625</ele>
      </trkpt>
      <trkpt lat="43.7068006" lon="4.6696223">
        <ele>5.158119999997325</ele>
      </trkpt>
      <trkpt lat="43.7068184" lon="4.6693982">
        <ele>4.453759999988961</ele>
      </trkpt>
      <trkpt lat="43.706819" lon="4.6692566">
        <ele>4.451599999989412</ele>
      </trkpt>
      <trkpt lat="43.7067887" lon="4.6689655">
        <ele>4.560680000010507</ele>
      </trkpt>
      <trkpt lat="43.706519" lon="4.6669467">
        <ele>7.460280000002058</ele>
      </trkpt>
      <trkpt lat="43.7065132" lon="4.666904">
        <ele>7.527961088011295</ele>
      </trkpt>
      <trkpt lat="43.7064903" lon="4.6667105">
        <ele>7.899809623999824</ele>
      </trkpt>
      <trkpt lat="43.7064743" lon="4.6665756">
        <ele>8.227035756796422</ele>
      </trkpt>
      <trkpt lat="43.7064578" lon="4.6664658">
        <ele>8.543728390392946</ele>
      </trkpt>
      <trkpt lat="43.7064314" lon="4.6662908">
        <ele>8.792918515202091</ele>
      </trkpt>
      <trkpt lat="43.7063714" lon="4.6659928">
        <ele>9.062959999993382</ele>
      </trkpt>
      <trkpt lat="43.7062231" lon="4.6654115">
        <ele>8.596839999991062</ele>
      </trkpt>
      <trkpt lat="43.7060784" lon="4.6647897">
        <ele>9.8748399999904</ele>
      </trkpt>
      <trkpt lat="43.7060551" lon="4.6645908">
        <ele>10.770159916797235</ele>
      </trkpt>
      <trkpt lat="43.7060452" lon="4.6645059">
        <ele>11.200824172810393</ele>
      </trkpt>
      <trkpt lat="43.706041" lon="4.6643043">
        <ele>12.264001696008386</ele>
      </trkpt>
      <trkpt lat="43.706068" lon="4.6640285">
        <ele>14.190196479971444</ele>
      </trkpt>
      <trkpt lat="43.706101" lon="4.6637383">
        <ele>15.70438683205127</ele>
      </trkpt>
      <trkpt lat="43.7061246" lon="4.6635903">
        <ele>15.910156230382798</ele>
      </trkpt>
      <trkpt lat="43.7061686" lon="4.6634334">
        <ele>15.850889459205314</ele>
      </trkpt>
      <trkpt lat="43.7062309" lon="4.6632781">
        <ele>16.113092238398263</ele>
      </trkpt>
      <trkpt lat="43.7063239" lon="4.6630948">
        <ele>16.20090613119715</ele>
      </trkpt>
      <trkpt lat="43.706436" lon="4.6628752">
        <ele>15.550682112033414</ele>
      </trkpt>
      <trkpt lat="43.706491" lon="4.662717">
        <ele>14.540030880000772</ele>
      </trkpt>
      <trkpt lat="43.7065153" lon="4.6625249">
        <ele>13.228326628804352</ele>
      </trkpt>
      <trkpt lat="43.7065479" lon="4.662013">
        <ele>10.779881808014128</ele>
      </trkpt>
      <trkpt lat="43.7065778" lon="4.6614977">
        <ele>8.836959062410104</ele>
      </trkpt>
      <trkpt lat="43.7066035" lon="4.6609781">
        <ele>7.791088216000491</ele>
      </trkpt>
      <trkpt lat="43.7065813" lon="4.6606958">
        <ele>8.22927999995045</ele>
      </trkpt>
      <trkpt lat="43.706531" lon="4.6604213">
        <ele>8.717546512023565</ele>
      </trkpt>
      <trkpt lat="43.7064664" lon="4.660198">
        <ele>8.79553971204218</ele>
      </trkpt>
      <trkpt lat="43.7059283" lon="4.6581749">
        <ele>7.432634676866572</ele>
      </trkpt>
      <trkpt lat="43.70585" lon="4.657942">
        <ele>6.547184000028072</ele>
      </trkpt>
      <trkpt lat="43.7057363" lon="4.6577385">
        <ele>6.549024608028154</ele>
      </trkpt>
      <trkpt lat="43.7054441" lon="4.6573611">
        <ele>7.203687900788599</ele>
      </trkpt>
      <trkpt lat="43.7051689" lon="4.6570552">
        <ele>7.11000458241229</ele>
      </trkpt>
      <trkpt lat="43.7048382" lon="4.6568683">
        <ele>6.148690582408003</ele>
      </trkpt>
      <trkpt lat="43.7044755" lon="4.6567412">
        <ele>6.663161823994861</ele>
      </trkpt>
      <trkpt lat="43.7041602" lon="4.6566789">
        <ele>8.199440000013965</ele>
      </trkpt>
      <trkpt lat="43.7038473" lon="4.6566621">
        <ele>8.786981396801</ele>
      </trkpt>
      <trkpt lat="43.7024465" lon="4.6569069">
        <ele>5.594520000000557</ele>
      </trkpt>
      <trkpt lat="43.702101" lon="4.6568807">
        <ele>5.4117050720032625</ele>
      </trkpt>
      <trkpt lat="43.7018731" lon="4.6568273">
        <ele>5.156559999998535</ele>
      </trkpt>
      <trkpt lat="43.7016789" lon="4.6566987">
        <ele>4.230639999997948</ele>
      </trkpt>
      <trkpt lat="43.7014974" lon="4.6565221">
        <ele>2.984030636800038</ele>
      </trkpt>
      <trkpt lat="43.7013068" lon="4.6562429">
        <ele>2.629753491203616</ele>
      </trkpt>
      <trkpt lat="43.701175" lon="4.6559919">
        <ele>3.1004532000036296</ele>
      </trkpt>
      <trkpt lat="43.7003434" lon="4.65432">
        <ele>3.7637599999952727</ele>
      </trkpt>
      <trkpt lat="43.7003126" lon="4.6542664">
        <ele>3.8746400000122776</ele>
      </trkpt>
      <trkpt lat="43.7002044" lon="4.654083">
        <ele>4.18459500800778</ele>
      </trkpt>
      <trkpt lat="43.6997113" lon="4.6533604">
        <ele>3.0</ele>
      </trkpt>
      <trkpt lat="43.699245" lon="4.6525517">
        <ele>3.7180000000084874</ele>
      </trkpt>
      <trkpt lat="43.698894" lon="4.6518986">
        <ele>4.981599999990067</ele>
      </trkpt>
      <trkpt lat="43.698605" lon="4.651342">
        <ele>3.161372800001863</ele>
      </trkpt>
      <trkpt lat="43.698511" lon="4.6511288">
        <ele>3.2614205440225046</ele>
      </trkpt>
      <trkpt lat="43.6984392" lon="4.6509196">
        <ele>3.615601254406349</ele>
      </trkpt>
      <trkpt lat="43.698382" lon="4.6506661">
        <ele>4.60204000000158</ele>
      </trkpt>
      <trkpt lat="43.6983578" lon="4.6503992">
        <ele>5.463723059214166</ele>
      </trkpt>
      <trkpt lat="43.6983461" lon="4.6499259">
        <ele>5.920340289587459</ele>
      </trkpt>
      <trkpt lat="43.6983388" lon="4.6495824">
        <ele>5.9803199999932986</ele>
      </trkpt>
      <trkpt lat="43.6983123" lon="4.6476988">
        <ele>3.2843200000011166</ele>
      </trkpt>
      <trkpt lat="43.6983017" lon="4.6472692">
        <ele>4.094620614394506</ele>
      </trkpt>
      <trkpt lat="43.698238" lon="4.6468503">
        <ele>4.343199999987519</ele>
      </trkpt>
      <trkpt lat="43.6982046" lon="4.6467528">
        <ele>4.46344000001136</ele>
      </trkpt>
      <trkpt lat="43.6981216" lon="4.6466453">
        <ele>4.8574484991975995</ele>
      </trkpt>
      <trkpt lat="43.6980508" lon="4.6465919">
        <ele>5.281671980808021</ele>
      </trkpt>
      <trkpt lat="43.6979894" lon="4.64652">
        <ele>5.6404115200052</ele>
      </trkpt>
      <trkpt lat="43.697929" lon="4.6464073">
        <ele>5.963917167999777</ele>
      </trkpt>
      <trkpt lat="43.697894" lon="4.6462913">
        <ele>6.146992287997921</ele>
      </trkpt>
      <trkpt lat="43.6978795" lon="4.6461779">
        <ele>6.27815087199802</ele>
      </trkpt>
      <trkpt lat="43.6978817" lon="4.6460704">
        <ele>6.374120000012681</ele>
      </trkpt>
      <trkpt lat="43.6979047" lon="4.6459442">
        <ele>6.456920000008267</ele>
      </trkpt>
      <trkpt lat="43.6979317" lon="4.6458655">
        <ele>6.554119999992963</ele>
      </trkpt>
      <trkpt lat="43.6979942" lon="4.6457528">
        <ele>6.489199999988614</ele>
      </trkpt>
      <trkpt lat="43.6980887" lon="4.6456559">
        <ele>6.480559999999969</ele>
      </trkpt>
      <trkpt lat="43.6981388" lon="4.6456285">
        <ele>6.562280000008286</ele>
      </trkpt>
      <trkpt lat="43.6981905" lon="4.6455393">
        <ele>6.427280000010342</ele>
      </trkpt>
      <trkpt lat="43.6982125" lon="4.6454827">
        <ele>6.302719999987403</ele>
      </trkpt>
      <trkpt lat="43.6982325" lon="4.6454024">
        <ele>6.085640000011608</ele>
      </trkpt>
      <trkpt lat="43.6982492" lon="4.6452853">
        <ele>5.724199999998746</ele>
      </trkpt>
      <trkpt lat="43.6982838" lon="4.6450828">
        <ele>4.543006374398699</ele>
      </trkpt>
      <trkpt lat="43.698285" lon="4.6447331">
        <ele>4.960840000000644</ele>
      </trkpt>
      <trkpt lat="43.6982851" lon="4.6446929">
        <ele>5.018329438400215</ele>
      </trkpt>
      <trkpt lat="43.698287" lon="4.6443244">
        <ele>5.238884287997169</ele>
      </trkpt>
      <trkpt lat="43.6982865" lon="4.6442922">
        <ele>5.261006287990255</ele>
      </trkpt>
      <trkpt lat="43.6982812" lon="4.6435864">
        <ele>5.944432025602645</ele>
      </trkpt>
      <trkpt lat="43.6983045" lon="4.6433598">
        <ele>5.283099872005979</ele>
      </trkpt>
      <trkpt lat="43.6983343" lon="4.6432172">
        <ele>4.996520000003329</ele>
      </trkpt>
      <trkpt lat="43.6983285" lon="4.6430153">
        <ele>5.034799999983079</ele>
      </trkpt>
      <trkpt lat="43.6982988" lon="4.6428367">
        <ele>5.248639999975239</ele>
      </trkpt>
      <trkpt lat="43.6982621" lon="4.6427553">
        <ele>5.5128799999938565</ele>
      </trkpt>
      <trkpt lat="43.698246" lon="4.6426621">
        <ele>5.6288000000186</ele>
      </trkpt>
      <trkpt lat="43.6980884" lon="4.6424985">
        <ele>6.764158495976735</ele>
      </trkpt>
      <trkpt lat="43.6979152" lon="4.642378">
        <ele>7.505280000010316</ele>
      </trkpt>
      <trkpt lat="43.6978619" lon="4.6423391">
        <ele>7.697160000001986</ele>
      </trkpt>
      <trkpt lat="43.6977895" lon="4.6422931">
        <ele>7.957800000003772</ele>
      </trkpt>
      <trkpt lat="43.6976333" lon="4.6421889">
        <ele>7.937606404799642</ele>
      </trkpt>
      <trkpt lat="43.6976135" lon="4.6421757">
        <ele>7.900952328001862</ele>
      </trkpt>
      <trkpt lat="43.6974837" lon="4.6420908">
        <ele>7.495962681599078</ele>
      </trkpt>
      <trkpt lat="43.697344" lon="4.6419995">
        <ele>7.086890880000441</ele>
      </trkpt>
      <trkpt lat="43.697179" lon="4.6418918">
        <ele>6.839969312000358</ele>
      </trkpt>
      <trkpt lat="43.6970109" lon="4.6417821">
        <ele>6.860178574395591</ele>
      </trkpt>
      <trkpt lat="43.6969853" lon="4.641765">
        <ele>6.904986319996821</ele>
      </trkpt>
      <trkpt lat="43.6969118" lon="4.641717">
        <ele>7.021294623998424</ele>
      </trkpt>
      <trkpt lat="43.6968677" lon="4.6416881">
        <ele>7.0213177648001235</ele>
      </trkpt>
      <trkpt lat="43.6965531" lon="4.6414833">
        <ele>6.339879999999994</ele>
      </trkpt>
      <trkpt lat="43.6963327" lon="4.6413399">
        <ele>6.0</ele>
      </trkpt>
      <trkpt lat="43.6961021" lon="4.6411877">
        <ele>5.976504356793077</ele>
      </trkpt>
      <trkpt lat="43.6959099" lon="4.6410608">
        <ele>5.406836083190325</ele>
      </trkpt>
      <trkpt lat="43.6958051" lon="4.6409919">
        <ele>5.487180177596483</ele>
      </trkpt>
      <trkpt lat="43.6955226" lon="4.6408061">
        <ele>6.2050485344110555</ele>
      </trkpt>
      <trkpt lat="43.6952408" lon="4.6406208">
        <ele>6.898147225601296</ele>
      </trkpt>
      <trkpt lat="43.6952093" lon="4.6406001">
        <ele>6.793011947205906</ele>
      </trkpt>
      <trkpt lat="43.6949963" lon="4.64046">
        <ele>5.99126207999939</ele>
      </trkpt>
      <trkpt lat="43.694869" lon="4.6403763">
        <ele>5.832732911996435</ele>
      </trkpt>
      <trkpt lat="43.6947787" lon="4.640317">
        <ele>5.887508784001334</ele>
      </trkpt>
      <trkpt lat="43.694387" lon="4.6400594">
        <ele>6.0</ele>
      </trkpt>
      <trkpt lat="43.6942952" lon="4.6399548">
        <ele>6.075293798399602</ele>
      </trkpt>
      <trkpt lat="43.6942686" lon="4.6399391">
        <ele>6.080452310400291</ele>
      </trkpt>
      <trkpt lat="43.6941886" lon="4.6398899">
        <ele>6.0312965855954035</ele>
      </trkpt>
      <trkpt lat="43.6939946" lon="4.6397671">
        <ele>6.0</ele>
      </trkpt>
      <trkpt lat="43.6939673" lon="4.6397502">
        <ele>6.0</ele>
      </trkpt>
      <trkpt lat="43.6938673" lon="4.6396883">
        <ele>5.887371166400902</ele>
      </trkpt>
      <trkpt lat="43.6938395" lon="4.6396711">
        <ele>5.848682311998442</ele>
      </trkpt>
      <trkpt lat="43.6937743" lon="4.6396307">
        <ele>5.8064370895978765</ele>
      </trkpt>
      <trkpt lat="43.6937261" lon="4.6395987">
        <ele>5.815920267200685</ele>
      </trkpt>
      <trkpt lat="43.6936945" lon="4.6395777">
        <ele>5.843811944001332</ele>
      </trkpt>
      <trkpt lat="43.6934453" lon="4.6394118">
        <ele>6.070150038398839</ele>
      </trkpt>
      <trkpt lat="43.6932843" lon="4.6393073">
        <ele>6.230048545611968</ele>
      </trkpt>
      <trkpt lat="43.6931951" lon="4.6392494">
        <ele>5.8550970975817105</ele>
      </trkpt>
      <trkpt lat="43.6926843" lon="4.6389179">
        <ele>4.0</ele>
      </trkpt>
      <trkpt lat="43.6926323" lon="4.6388821">
        <ele>3.987200283199901</ele>
      </trkpt>
      <trkpt lat="43.6924168" lon="4.6387412">
        <ele>3.6275687936068266</ele>
      </trkpt>
      <trkpt lat="43.692383" lon="4.6387224">
        <ele>3.6530904320005972</ele>
      </trkpt>
      <trkpt lat="43.6922843" lon="4.6386583">
        <ele>3.8144847824088792</ele>
      </trkpt>
      <trkpt lat="43.6921266" lon="4.6385534">
        <ele>3.7922400000006746</ele>
      </trkpt>
      <trkpt lat="43.6921235" lon="4.6385513">
        <ele>3.7846799999983887</ele>
      </trkpt>
      <trkpt lat="43.6920984" lon="4.6385346">
        <ele>3.7245599999996557</ele>
      </trkpt>
      <trkpt lat="43.6918778" lon="4.6383879">
        <ele>3.436359999997876</ele>
      </trkpt>
      <trkpt lat="43.6916218" lon="4.6382184">
        <ele>3.747760000001108</ele>
      </trkpt>
      <trkpt lat="43.6914833" lon="4.6381267">
        <ele>3.9162399999936497</ele>
      </trkpt>
      <trkpt lat="43.691423" lon="4.6380868">
        <ele>3.9896799999987707</ele>
      </trkpt>
      <trkpt lat="43.6913316" lon="4.6380263">
        <ele>4.18451880320606</ele>
      </trkpt>
      <trkpt lat="43.6910167" lon="4.6378143">
        <ele>4.811240000007729</ele>
      </trkpt>
      <trkpt lat="43.6908334" lon="4.6376963">
        <ele>5.7062703967845145</ele>
      </trkpt>
      <trkpt lat="43.6907664" lon="4.637652">
        <ele>5.788159999996424</ele>
      </trkpt>
      <trkpt lat="43.6907171" lon="4.6376194">
        <ele>5.848279999998795</ele>
      </trkpt>
      <trkpt lat="43.6904377" lon="4.6374343">
        <ele>6.323929294408463</ele>
      </trkpt>
      <trkpt lat="43.6898715" lon="4.6370594">
        <ele>5.413840000000164</ele>
      </trkpt>
      <trkpt lat="43.6897165" lon="4.6369565">
        <ele>5.06221191999075</ele>
      </trkpt>
      <trkpt lat="43.6895201" lon="4.6368296">
        <ele>5.727639999989606</ele>
      </trkpt>
      <trkpt lat="43.6893593" lon="4.6367257">
        <ele>6.306520000001456</ele>
      </trkpt>
      <trkpt lat="43.6888976" lon="4.6364214">
        <ele>7.0</ele>
      </trkpt>
      <trkpt lat="43.6888282" lon="4.6363757">
        <ele>6.79189343041057</ele>
      </trkpt>
      <trkpt lat="43.6887483" lon="4.6363192">
        <ele>6.6208553856007</ele>
      </trkpt>
      <trkpt lat="43.6886375" lon="4.6362448">
        <ele>6.564441599997743</ele>
      </trkpt>
      <trkpt lat="43.6885208" lon="4.6361678">
        <ele>6.537150489597506</ele>
      </trkpt>
      <trkpt lat="43.6884383" lon="4.636113">
        <ele>6.375310416005102</ele>
      </trkpt>
      <trkpt lat="43.688311" lon="4.6360283">
        <ele>6.274151151997374</ele>
      </trkpt>
      <trkpt lat="43.6878884" lon="4.6357582">
        <ele>6.0</ele>
      </trkpt>
      <trkpt lat="43.6878595" lon="4.635739">
        <ele>6.0</ele>
      </trkpt>
      <trkpt lat="43.6875886" lon="4.6355595">
        <ele>6.009670768000772</ele>
      </trkpt>
      <trkpt lat="43.687395" lon="4.6354357">
        <ele>6.592900559987849</ele>
      </trkpt>
      <trkpt lat="43.6865316" lon="4.6348675">
        <ele>7.009239999993952</ele>
      </trkpt>
      <trkpt lat="43.6863954" lon="4.6347778">
        <ele>7.176639999992858</ele>
      </trkpt>
      <trkpt lat="43.686175" lon="4.6346319">
        <ele>7.444840000003296</ele>
      </trkpt>
      <trkpt lat="43.6861514" lon="4.6346164">
        <ele>7.473999999998796</ele>
      </trkpt>
      <trkpt lat="43.6858449" lon="4.6344154">
        <ele>6.995646121600237</ele>
      </trkpt>
      <trkpt lat="43.6857782" lon="4.6343715">
        <ele>7.146359151996165</ele>
      </trkpt>
      <trkpt lat="43.6857226" lon="4.6343349">
        <ele>7.241432329603513</ele>
      </trkpt>
      <trkpt lat="43.6856806" lon="4.6343046">
        <ele>7.273028550404178</ele>
      </trkpt>
      <trkpt lat="43.6854716" lon="4.6341669">
        <ele>7.00058611840074</ele>
      </trkpt>
      <trkpt lat="43.6853964" lon="4.6341174">
        <ele>6.82264000000032</ele>
      </trkpt>
      <trkpt lat="43.6853197" lon="4.6340661">
        <ele>6.637960000000476</ele>
      </trkpt>
      <trkpt lat="43.68521" lon="4.6339928">
        <ele>6.374079999998685</ele>
      </trkpt>
      <trkpt lat="43.6848378" lon="4.6337439">
        <ele>6.583920000011403</ele>
      </trkpt>
      <trkpt lat="43.6847143" lon="4.6336628">
        <ele>7.023212998391017</ele>
      </trkpt>
      <trkpt lat="43.6845751" lon="4.6335714">
        <ele>7.529639999987012</ele>
      </trkpt>
      <trkpt lat="43.6845015" lon="4.633523">
        <ele>7.79459999998835</ele>
      </trkpt>
      <trkpt lat="43.6843801" lon="4.6334431">
        <ele>7.768359999994573</ele>
      </trkpt>
      <trkpt lat="43.683997" lon="4.6331911">
        <ele>7.1992859679958086</ele>
      </trkpt>
      <trkpt lat="43.6837702" lon="4.6330419">
        <ele>7.476440000006733</ele>
      </trkpt>
      <trkpt lat="43.6836284" lon="4.6329478">
        <ele>8.325679999986733</ele>
      </trkpt>
      <trkpt lat="43.6834906" lon="4.6328602">
        <ele>8.832009004801737</ele>
      </trkpt>
      <trkpt lat="43.683446" lon="4.6328324">
        <ele>8.920242815997623</ele>
      </trkpt>
      <trkpt lat="43.6834246" lon="4.632819">
        <ele>8.9512416959993</ele>
      </trkpt>
      <trkpt lat="43.6831247" lon="4.6326318">
        <ele>9.130812438400538</ele>
      </trkpt>
      <trkpt lat="43.6829035" lon="4.6324881">
        <ele>8.452600000006896</ele>
      </trkpt>
      <trkpt lat="43.6828366" lon="4.6324447">
        <ele>8.211760000006052</ele>
      </trkpt>
      <trkpt lat="43.6827497" lon="4.6323882">
        <ele>7.89892000000782</ele>
      </trkpt>
      <trkpt lat="43.6826978" lon="4.6323545">
        <ele>7.712079999998878</ele>
      </trkpt>
      <trkpt lat="43.6822893" lon="4.6320892">
        <ele>7.0</ele>
      </trkpt>
      <trkpt lat="43.6822411" lon="4.6320578">
        <ele>7.0</ele>
      </trkpt>
      <trkpt lat="43.6820348" lon="4.6319239">
        <ele>7.049902291200067</ele>
      </trkpt>
      <trkpt lat="43.6820831" lon="4.6318086">
        <ele>7.244930793599807</ele>
      </trkpt>
      <trkpt lat="43.6820594" lon="4.6317635">
        <ele>7.381824624000007</ele>
      </trkpt>
      <trkpt lat="43.6820453" lon="4.631706">
        <ele>7.546732128003402</ele>
      </trkpt>
      <trkpt lat="43.6820319" lon="4.6315883">
        <ele>7.685160000005908</ele>
      </trkpt>
      <trkpt lat="43.6820325" lon="4.6314476">
        <ele>7.683000000006359</ele>
      </trkpt>
      <trkpt lat="43.6820192" lon="4.631375">
        <ele>7.717424000003135</ele>
      </trkpt>
      <trkpt lat="43.6819936" lon="4.6313254">
        <ele>7.782594022406809</ele>
      </trkpt>
      <trkpt lat="43.6819634" lon="4.6312682">
        <ele>7.902111084796007</ele>
      </trkpt>
      <trkpt lat="43.6819254" lon="4.631291">
        <ele>7.955600543993695</ele>
      </trkpt>
      <trkpt lat="43.6819033" lon="4.6313016">
        <ele>7.898425228804704</ele>
      </trkpt>
      <trkpt lat="43.6818698" lon="4.6313055">
        <ele>7.811949744003319</ele>
      </trkpt>
      <trkpt lat="43.6818312" lon="4.6312964">
        <ele>7.728061132794563</ele>
      </trkpt>
      <trkpt lat="43.6817927" lon="4.6312659">
        <ele>7.695590932805755</ele>
      </trkpt>
      <trkpt lat="43.681753" lon="4.6312461">
        <ele>7.66507636800037</ele>
      </trkpt>
      <trkpt lat="43.6816952" lon="4.6312316">
        <ele>7.610795827201458</ele>
      </trkpt>
      <trkpt lat="43.6816566" lon="4.6312232">
        <ele>7.596480000000156</ele>
      </trkpt>
      <trkpt lat="43.6816383" lon="4.6312038">
        <ele>7.666320000000724</ele>
      </trkpt>
      <trkpt lat="43.6816164" lon="4.6311867">
        <ele>7.727880000000823</ele>
      </trkpt>
      <trkpt lat="43.6815966" lon="4.6311874">
        <ele>7.725360000000364</ele>
      </trkpt>
      <trkpt lat="43.6815648" lon="4.6311901">
        <ele>7.71563999999853</ele>
      </trkpt>
      <trkpt lat="43.6815286" lon="4.6311935">
        <ele>7.703399999999419</ele>
      </trkpt>
      <trkpt lat="43.6815194" lon="4.6312255">
        <ele>7.588199999999233</ele>
      </trkpt>
      <trkpt lat="43.6815167" lon="4.6312347">
        <ele>7.55507999999918</ele>
      </trkpt>
      <trkpt lat="43.6815013" lon="4.6312735">
        <ele>7.415400000000773</ele>
      </trkpt>
      <trkpt lat="43.6814732" lon="4.6313085">
        <ele>7.289399999999205</ele>
      </trkpt>
      <trkpt lat="43.6814264" lon="4.6313245">
        <ele>7.231800000000476</ele>
      </trkpt>
      <trkpt lat="43.6813774" lon="4.6313101">
        <ele>7.3132686495927235</ele>
      </trkpt>
      <trkpt lat="43.6813237" lon="4.6312784">
        <ele>7.539093683198919</ele>
      </trkpt>
      <trkpt lat="43.6813112" lon="4.6313186">
        <ele>7.4619497727909545</ele>
      </trkpt>
      <trkpt lat="43.6812837" lon="4.6313911">
        <ele>7.373734292794074</ele>
      </trkpt>
      <trkpt lat="43.6811536" lon="4.6313371">
        <ele>7.8755578623947375</ele>
      </trkpt>
      <trkpt lat="43.6811332" lon="4.6313286">
        <ele>7.937739020805945</ele>
      </trkpt>
      <trkpt lat="43.6810696" lon="4.6313182">
        <ele>8.260850508795475</ele>
      </trkpt>
      <trkpt lat="43.6810276" lon="4.6313105">
        <ele>8.516439391998794</ele>
      </trkpt>
      <trkpt lat="43.6805182" lon="4.6312167">
        <ele>11.0</ele>
      </trkpt>
      <trkpt lat="43.6805048" lon="4.6312205">
        <ele>11.0</ele>
      </trkpt>
      <trkpt lat="43.6804141" lon="4.6312459">
        <ele>11.0</ele>
      </trkpt>
      <trkpt lat="43.6802879" lon="4.6312148">
        <ele>11.0</ele>
      </trkpt>
      <trkpt lat="43.6800311" lon="4.6311516">
        <ele>11.758599289597619</ele>
      </trkpt>
      <trkpt lat="43.6799778" lon="4.6311385">
        <ele>12.1490401119652</ele>
      </trkpt>
      <trkpt lat="43.6799317" lon="4.6311324">
        <ele>12.679844243228349</ele>
      </trkpt>
      <trkpt lat="43.6797327" lon="4.631106">
        <ele>14.92225190397508</ele>
      </trkpt>
      <trkpt lat="43.6796664" lon="4.6310901">
        <ele>15.537999385587034</ele>
      </trkpt>
      <trkpt lat="43.6794146" lon="4.6310227">
        <ele>17.284083996801744</ele>
      </trkpt>
      <trkpt lat="43.6789976" lon="4.6308874">
        <ele>17.0</ele>
      </trkpt>
      <trkpt lat="43.6786947" lon="4.6307791">
        <ele>18.456911620792514</ele>
      </trkpt>
      <trkpt lat="43.6786143" lon="4.630735">
        <ele>18.981103920002816</ele>
      </trkpt>
      <trkpt lat="43.6786147" lon="4.6306691">
        <ele>18.981798820814543</ele>
      </trkpt>
      <trkpt lat="43.6786151" lon="4.6306098">
        <ele>18.98283577919223</ele>
      </trkpt>
      <trkpt lat="43.6785922" lon="4.6305067">
        <ele>19.312040000021625</ele>
      </trkpt>
      <trkpt lat="43.6785628" lon="4.6304697">
        <ele>19.656919999988077</ele>
      </trkpt>
      <trkpt lat="43.6784603" lon="4.6304455">
        <ele>20.48204000001624</ele>
      </trkpt>
      <trkpt lat="43.6782899" lon="4.6302807">
        <ele>21.989479999999276</ele>
      </trkpt>
      <trkpt lat="43.6782707" lon="4.6302604">
        <ele>22.125119999999697</ele>
      </trkpt>
      <trkpt lat="43.6782386" lon="4.6302265">
        <ele>22.36920000000009</ele>
      </trkpt>
      <trkpt lat="43.6781728" lon="4.630172">
        <ele>22.761600000000726</ele>
      </trkpt>
      <trkpt lat="43.6780994" lon="4.6301355">
        <ele>23.02440000000206</ele>
      </trkpt>
      <trkpt lat="43.6779721" lon="4.6300855">
        <ele>23.684840000007625</ele>
      </trkpt>
      <trkpt lat="43.677954" lon="4.6300809">
        <ele>23.783119999999144</ele>
      </trkpt>
      <trkpt lat="43.677901" lon="4.6300719">
        <ele>24.03872000000638</ele>
      </trkpt>
      <trkpt lat="43.6778489" lon="4.6300685">
        <ele>24.250759999996262</ele>
      </trkpt>
      <trkpt lat="43.6777944" lon="4.6300678">
        <ele>24.451999999987947</ele>
      </trkpt>
      <trkpt lat="43.6777182" lon="4.6300771">
        <ele>24.71889106879328</ele>
      </trkpt>
      <trkpt lat="43.6776566" lon="4.630095">
        <ele>24.901434080006048</ele>
      </trkpt>
      <trkpt lat="43.6775894" lon="4.6301245">
        <ele>25.085711311988952</ele>
      </trkpt>
      <trkpt lat="43.6774989" lon="4.6301627">
        <ele>25.414280000001327</ele>
      </trkpt>
      <trkpt lat="43.6774448" lon="4.6301874">
        <ele>25.325360000001183</ele>
      </trkpt>
      <trkpt lat="43.6774052" lon="4.6302114">
        <ele>25.23895999999877</ele>
      </trkpt>
      <trkpt lat="43.6773509" lon="4.6302672">
        <ele>25.038080000001628</ele>
      </trkpt>
      <trkpt lat="43.6772829" lon="4.6303312">
        <ele>24.807680000001255</ele>
      </trkpt>
      <trkpt lat="43.6772381" lon="4.6303771">
        <ele>24.642440000001443</ele>
      </trkpt>
      <trkpt lat="43.6770931" lon="4.6304489">
        <ele>24.20548003360024</ele>
      </trkpt>
      <trkpt lat="43.677059" lon="4.6304108">
        <ele>24.21490988799975</ele>
      </trkpt>
      <trkpt lat="43.6767553" lon="4.630442">
        <ele>24.40255990399344</ele>
      </trkpt>
      <trkpt lat="43.6767113" lon="4.6304553">
        <ele>24.536392625599074</ele>
      </trkpt>
    </trkseg>
    <trkseg>
      <trkpt lat="43.7115309" lon="4.7016558">
        <ele>38.080720291197046</ele>
      </trkpt>
      <trkpt lat="43.7115734" lon="4.7017358">
        <ele>37.83071999999356</ele>
      </trkpt>
      <trkpt lat="43.7115735" lon="4.7018433">
        <ele>37.05743999999868</ele>
      </trkpt>
      <trkpt lat="43.7115735" lon="4.7021089">
        <ele>35.935730216000394</ele>
      </trkpt>
      <trkpt lat="43.7114902" lon="4.7024227">
        <ele>34.64300000000185</ele>
      </trkpt>
      <trkpt lat="43.7114338" lon="4.7025359">
        <ele>34.16168000000653</ele>
      </trkpt>
      <trkpt lat="43.7114287" lon="4.7025791">
        <ele>34.14331999999649</ele>
      </trkpt>
      <trkpt lat="43.7114514" lon="4.7026431">
        <ele>34.22504000000481</ele>
      </trkpt>
      <trkpt lat="43.7114916" lon="4.7027013">
        <ele>34.36976000000777</ele>
      </trkpt>
      <trkpt lat="43.7115503" lon="4.7027392">
        <ele>34.58107999999629</ele>
      </trkpt>
      <trkpt lat="43.7116414" lon="4.7028143">
        <ele>34.90903999999182</ele>
      </trkpt>
      <trkpt lat="43.711684" lon="4.702876">
        <ele>34.95966464000421</ele>
      </trkpt>
      <trkpt lat="43.7117422" lon="4.7028921">
        <ele>34.83999139519259</ele>
      </trkpt>
      <trkpt lat="43.7117919" lon="4.7029508">
        <ele>34.82997921919791</ele>
      </trkpt>
      <trkpt lat="43.7117689" lon="4.7030074">
        <ele>34.93619658559788</ele>
      </trkpt>
      <trkpt lat="43.7117228" lon="4.7030959">
        <ele>35.02935009919841</ele>
      </trkpt>
      <trkpt lat="43.7116795" lon="4.7031372">
        <ele>35.013579104002524</ele>
      </trkpt>
      <trkpt lat="43.711647" lon="4.7031733">
        <ele>34.92919999999731</ele>
      </trkpt>
      <trkpt lat="43.7116334" lon="4.703196">
        <ele>34.88023999998768</ele>
      </trkpt>
      <trkpt lat="43.7116231" lon="4.7032339">
        <ele>34.84315999998944</ele>
      </trkpt>
      <trkpt lat="43.7116087" lon="4.7032883">
        <ele>34.79131999999754</ele>
      </trkpt>
      <trkpt lat="43.7115978" lon="4.7033207">
        <ele>34.752079999999296</ele>
      </trkpt>
      <trkpt lat="43.7115619" lon="4.7033864">
        <ele>34.813879999999244</ele>
      </trkpt>
      <trkpt lat="43.7115028" lon="4.7034451">
        <ele>34.81243999999242</ele>
      </trkpt>
      <trkpt lat="43.7114393" lon="4.7034946">
        <ele>34.762040000007346</ele>
      </trkpt>
      <trkpt lat="43.7113826" lon="4.7035383">
        <ele>34.675894396803045</ele>
      </trkpt>
      <trkpt lat="43.7113161" lon="4.703602">
        <ele>34.18967491197554</ele>
      </trkpt>
      <trkpt lat="43.7112411" lon="4.7036722">
        <ele>33.506793763225765</ele>
      </trkpt>
      <trkpt lat="43.7112291" lon="4.7036834">
        <ele>33.384819542365534</ele>
      </trkpt>
      <trkpt lat="43.7111754" lon="4.7037436">
        <ele>32.804707622423884</ele>
      </trkpt>
      <trkpt lat="43.711137" lon="4.7038214">
        <ele>32.35015612801115</ele>
      </trkpt>
      <trkpt lat="43.7111146" lon="4.7038863">
        <ele>32.05012294082769</ele>
      </trkpt>
      <trkpt lat="43.7110996" lon="4.703929">
        <ele>32.205919999976686</ele>
      </trkpt>
      <trkpt lat="43.7110659" lon="4.7039992">
        <ele>32.46872000000985</ele>
      </trkpt>
      <trkpt lat="43.7110168" lon="4.7040864">
        <ele>32.74304000001848</ele>
      </trkpt>
      <trkpt lat="43.7110543" lon="4.7041853">
        <ele>33.618398403204395</ele>
      </trkpt>
      <trkpt lat="43.7110909" lon="4.7042674">
        <ele>33.90725137280923</ele>
      </trkpt>
      <trkpt lat="43.7111498" lon="4.7043735">
        <ele>34.521547888014844</ele>
      </trkpt>
      <trkpt lat="43.7112072" lon="4.7044454">
        <ele>35.390430105555374</ele>
      </trkpt>
      <trkpt lat="43.7113508" lon="4.7045229">
        <ele>37.56770451837852</ele>
      </trkpt>
      <trkpt lat="43.7116072" lon="4.7046306">
        <ele>39.045147852815475</ele>
      </trkpt>
      <trkpt lat="43.7118087" lon="4.7046559">
        <ele>39.75007999999707</ele>
      </trkpt>
      <trkpt lat="43.7120377" lon="4.7047193">
        <ele>40.346240000012585</ele>
      </trkpt>
      <trkpt lat="43.7122163" lon="4.7048777">
        <ele>41.526466769607815</ele>
      </trkpt>
      <trkpt lat="43.712233" lon="4.7049552">
        <ele>41.83871999999883</ele>
      </trkpt>
      <trkpt lat="43.7120979" lon="4.7051428">
        <ele>41.84904164481803</ele>
      </trkpt>
      <trkpt lat="43.7120126" lon="4.7052636">
        <ele>42.15580317440704</ele>
      </trkpt>
      <trkpt lat="43.7119038" lon="4.7053787">
        <ele>42.580320000005486</ele>
      </trkpt>
      <trkpt lat="43.7118369" lon="4.7054512">
        <ele>42.86148000000367</ele>
      </trkpt>
      <trkpt lat="43.7117618" lon="4.7055311">
        <ele>43.166399999992336</ele>
      </trkpt>
      <trkpt lat="43.7115784" lon="4.705689">
        <ele>44.606308095995125</ele>
      </trkpt>
      <trkpt lat="43.711471" lon="4.7057762">
        <ele>45.52784099199657</ele>
      </trkpt>
      <trkpt lat="43.711444" lon="4.7058017">
        <ele>45.74964620800218</ele>
      </trkpt>
      <trkpt lat="43.7113391" lon="4.7059006">
        <ele>46.01951524158334</ele>
      </trkpt>
      <trkpt lat="43.7112806" lon="4.7059639">
        <ele>45.89695960641188</ele>
      </trkpt>
      <trkpt lat="43.7112576" lon="4.7060004">
        <ele>45.84453539841848</ele>
      </trkpt>
      <trkpt lat="43.7112427" lon="4.70608">
        <ele>45.894383359998166</ele>
      </trkpt>
      <trkpt lat="43.7111974" lon="4.7062893">
        <ele>45.621280000023035</ele>
      </trkpt>
      <trkpt lat="43.7111525" lon="4.7064582">
        <ele>45.085658479976985</ele>
      </trkpt>
      <trkpt lat="43.7111293" lon="4.7066312">
        <ele>44.315759513632024</ele>
      </trkpt>
      <trkpt lat="43.7111303" lon="4.7067762">
        <ele>44.20724000000746</ele>
      </trkpt>
      <trkpt lat="43.7111112" lon="4.7069254">
        <ele>44.00095999997575</ele>
      </trkpt>
      <trkpt lat="43.7110882" lon="4.7070293">
        <ele>44.14051999999356</ele>
      </trkpt>
      <trkpt lat="43.7110633" lon="4.7071542">
        <ele>44.410879999993995</ele>
      </trkpt>
      <trkpt lat="43.7110451" lon="4.7073234">
        <ele>44.888959999998406</ele>
      </trkpt>
      <trkpt lat="43.7110144" lon="4.7075614">
        <ele>45.38063728642227</ele>
      </trkpt>
      <trkpt lat="43.7109773" lon="4.7077089">
        <ele>45.39883270881462</ele>
      </trkpt>
      <trkpt lat="43.7109542" lon="4.707767">
        <ele>45.413202656011464</ele>
      </trkpt>
      <trkpt lat="43.7110321" lon="4.7078172">
        <ele>45.71555999998964</ele>
      </trkpt>
      <trkpt lat="43.7110884" lon="4.7078313">
        <ele>45.918240000004516</ele>
      </trkpt>
      <trkpt lat="43.7111523" lon="4.7078561">
        <ele>46.2547509712124</ele>
      </trkpt>
      <trkpt lat="43.7112061" lon="4.7078844">
        <ele>46.55266207358974</ele>
      </trkpt>
      <trkpt lat="43.7112675" lon="4.7079021">
        <ele>46.874023719989275</ele>
      </trkpt>
      <trkpt lat="43.7113314" lon="4.7079517">
        <ele>47.0895417951952</ele>
      </trkpt>
      <trkpt lat="43.7113903" lon="4.7079764">
        <ele>47.290039999993496</ele>
      </trkpt>
      <trkpt lat="43.7114312" lon="4.7080224">
        <ele>47.27167999999938</ele>
      </trkpt>
      <trkpt lat="43.7114478" lon="4.7080299">
        <ele>47.304440000008526</ele>
      </trkpt>
      <trkpt lat="43.7118311" lon="4.7082017">
        <ele>48.06583999999157</ele>
      </trkpt>
      <trkpt lat="43.712042" lon="4.7082316">
        <ele>48.71743999998671</ele>
      </trkpt>
      <trkpt lat="43.7124531" lon="4.708471">
        <ele>49.754797103985254</ele>
      </trkpt>
      <trkpt lat="43.7126856" lon="4.7085908">
        <ele>49.81440000000384</ele>
      </trkpt>
      <trkpt lat="43.7131074" lon="4.7086207">
        <ele>50.11759999999413</ele>
      </trkpt>
      <trkpt lat="43.7135401" lon="4.7086506">
        <ele>50.82149821759995</ele>
      </trkpt>
      <trkpt lat="43.7137456" lon="4.7087329">
        <ele>50.77383511040416</ele>
      </trkpt>
      <trkpt lat="43.7139403" lon="4.7087329">
        <ele>51.10393352479434</ele>
      </trkpt>
      <trkpt lat="43.7141782" lon="4.7085608">
        <ele>52.041519999997035</ele>
      </trkpt>
      <trkpt lat="43.7144378" lon="4.7083364">
        <ele>52.97607999999582</ele>
      </trkpt>
      <trkpt lat="43.7147731" lon="4.708082">
        <ele>54.183160000007774</ele>
      </trkpt>
      <trkpt lat="43.7148704" lon="4.70785">
        <ele>54.8786944000027</ele>
      </trkpt>
      <trkpt lat="43.7150597" lon="4.7076705">
        <ele>55.13191789599455</ele>
      </trkpt>
      <trkpt lat="43.715276" lon="4.7074984">
        <ele>55.00003686399993</ele>
      </trkpt>
      <trkpt lat="43.7154422" lon="4.7074024">
        <ele>55.38394298879651</ele>
      </trkpt>
      <trkpt lat="43.7155049" lon="4.7073503">
        <ele>55.37699745119808</ele>
      </trkpt>
      <trkpt lat="43.7155635" lon="4.7072968">
        <ele>55.260801471998</ele>
      </trkpt>
      <trkpt lat="43.7155824" lon="4.707256">
        <ele>55.10984857599929</ele>
      </trkpt>
      <trkpt lat="43.7156122" lon="4.7071583">
        <ele>55.23012000000108</ele>
      </trkpt>
      <trkpt lat="43.71563" lon="4.7072124">
        <ele>55.03535999999849</ele>
      </trkpt>
      <trkpt lat="43.715682" lon="4.7072634">
        <ele>55.08076115200015</ele>
      </trkpt>
      <trkpt lat="43.7157765" lon="4.7072551">
        <ele>55.02421645600147</ele>
      </trkpt>
      <trkpt lat="43.7159883" lon="4.7071881">
        <ele>54.00708000000577</ele>
      </trkpt>
      <trkpt lat="43.7161318" lon="4.7071881">
        <ele>52.9647308768052</ele>
      </trkpt>
      <trkpt lat="43.7163063" lon="4.7072095">
        <ele>51.608257256004606</ele>
      </trkpt>
      <trkpt lat="43.716632" lon="4.7071864">
        <ele>48.37440000003153</ele>
      </trkpt>
      <trkpt lat="43.7168107" lon="4.7071734">
        <ele>47.48147999998764</ele>
      </trkpt>
      <trkpt lat="43.7171864" lon="4.7071194">
        <ele>47.0</ele>
      </trkpt>
      <trkpt lat="43.7172666" lon="4.70712">
        <ele>46.840239999992264</ele>
      </trkpt>
      <trkpt lat="43.7174694" lon="4.7071215">
        <ele>46.11016000000427</ele>
      </trkpt>
      <trkpt lat="43.7178339" lon="4.7071022">
        <ele>43.91270255679613</ele>
      </trkpt>
      <trkpt lat="43.7180189" lon="4.7071119">
        <ele>43.65524923360463</ele>
      </trkpt>
      <trkpt lat="43.7180702" lon="4.7071022">
        <ele>43.567919999998594</ele>
      </trkpt>
      <trkpt lat="43.7181882" lon="4.7070517">
        <ele>43.38612000000012</ele>
      </trkpt>
      <trkpt lat="43.7182478" lon="4.7070261">
        <ele>43.29396000000088</ele>
      </trkpt>
      <trkpt lat="43.7184084" lon="4.7069407">
        <ele>42.459519999991244</ele>
      </trkpt>
      <trkpt lat="43.7184533" lon="4.7069349">
        <ele>42.13623999999891</ele>
      </trkpt>
      <trkpt lat="43.7185709" lon="4.7069489">
        <ele>41.31927804958019</ele>
      </trkpt>
      <trkpt lat="43.7186254" lon="4.706967">
        <ele>41.00807999999142</ele>
      </trkpt>
      <trkpt lat="43.7186842" lon="4.7069865">
        <ele>40.51344000001882</ele>
      </trkpt>
      <trkpt lat="43.7189418" lon="4.7070475">
        <ele>38.21970383996694</ele>
      </trkpt>
      <trkpt lat="43.7192947" lon="4.7071387">
        <ele>35.0781600000073</ele>
      </trkpt>
      <trkpt lat="43.7197134" lon="4.7073104">
        <ele>32.70848189437186</ele>
      </trkpt>
      <trkpt lat="43.7199615" lon="4.7074659">
        <ele>32.89308000001074</ele>
      </trkpt>
      <trkpt lat="43.720149" lon="4.707588">
        <ele>33.293736960002654</ele>
      </trkpt>
      <trkpt lat="43.7201886" lon="4.7076315">
        <ele>33.303960671998716</ele>
      </trkpt>
      <trkpt lat="43.7202732" lon="4.7077674">
        <ele>33.03172861439166</ele>
      </trkpt>
      <trkpt lat="43.7203625" lon="4.7079454">
        <ele>32.694999999999254</ele>
      </trkpt>
      <trkpt lat="43.7204384" lon="4.7080906">
        <ele>32.474969241604086</ele>
      </trkpt>
      <trkpt lat="43.7204804" lon="4.708147">
        <ele>32.35962835200261</ele>
      </trkpt>
      <trkpt lat="43.7205682" lon="4.708038">
        <ele>31.954479999991236</ele>
      </trkpt>
      <trkpt lat="43.7207045" lon="4.7078702">
        <ele>31.46380000001227</ele>
      </trkpt>
      <trkpt lat="43.7208838" lon="4.7076524">
        <ele>30.185279999978775</ele>
      </trkpt>
      <trkpt lat="43.7210523" lon="4.7075144">
        <ele>28.475280000024213</ele>
      </trkpt>
      <trkpt lat="43.7213102" lon="4.7073103">
        <ele>28.0</ele>
      </trkpt>
      <trkpt lat="43.7214425" lon="4.7071988">
        <ele>27.722679999991215</ele>
      </trkpt>
      <trkpt lat="43.7215529" lon="4.7070647">
        <ele>26.84248000000389</ele>
      </trkpt>
      <trkpt lat="43.721685" lon="4.7068812">
        <ele>25.933999999997013</ele>
      </trkpt>
      <trkpt lat="43.7218282" lon="4.7066805">
        <ele>25.418480000009367</ele>
      </trkpt>
      <trkpt lat="43.7220312" lon="4.7064489">
        <ele>23.83624638718406</ele>
      </trkpt>
      <trkpt lat="43.7222343" lon="4.7062282">
        <ele>22.956520000012006</ele>
      </trkpt>
      <trkpt lat="43.7222945" lon="4.7061687">
        <ele>22.739800000011655</ele>
      </trkpt>
      <trkpt lat="43.7224455" lon="4.7059941">
        <ele>21.857607288003862</ele>
      </trkpt>
      <trkpt lat="43.7226118" lon="4.7057956">
        <ele>20.1950399999796</ele>
      </trkpt>
      <trkpt lat="43.7226588" lon="4.7057485">
        <ele>19.85664000001543</ele>
      </trkpt>
      <trkpt lat="43.7227718" lon="4.7056351">
        <ele>19.04304000002321</ele>
      </trkpt>
      <trkpt lat="43.7228337" lon="4.705577">
        <ele>19.201320000008764</ele>
      </trkpt>
      <trkpt lat="43.7230558" lon="4.7053974">
        <ele>20.0</ele>
      </trkpt>
      <trkpt lat="43.7232681" lon="4.7052206">
        <ele>19.794159999998556</ele>
      </trkpt>
      <trkpt lat="43.7234258" lon="4.7050901">
        <ele>19.21638704319783</ele>
      </trkpt>
      <trkpt lat="43.7235361" lon="4.7049913">
        <ele>19.0</ele>
      </trkpt>
      <trkpt lat="43.7237204" lon="4.7048133">
        <ele>19.0</ele>
      </trkpt>
      <trkpt lat="43.7238172" lon="4.7047603">
        <ele>19.0</ele>
      </trkpt>
      <trkpt lat="43.7238429" lon="4.7047655">
        <ele>19.0</ele>
      </trkpt>
      <trkpt lat="43.7238686" lon="4.70476">
        <ele>19.0</ele>
      </trkpt>
      <trkpt lat="43.7239692" lon="4.7049267">
        <ele>18.63458701440375</ele>
      </trkpt>
      <trkpt lat="43.7241139" lon="4.7052503">
        <ele>18.3611291568074</ele>
      </trkpt>
      <trkpt lat="43.724186" lon="4.7054116">
        <ele>18.3425599999764</ele>
      </trkpt>
      <trkpt lat="43.7243742" lon="4.7058326">
        <ele>17.253547603200957</ele>
      </trkpt>
      <trkpt lat="43.7244932" lon="4.7060786">
        <ele>16.824480000008407</ele>
      </trkpt>
      <trkpt lat="43.7247326" lon="4.7065979">
        <ele>16.99075115839737</ele>
      </trkpt>
      <trkpt lat="43.7247651" lon="4.7066617">
        <ele>16.997240043199934</ele>
      </trkpt>
      <trkpt lat="43.7249285" lon="4.7069954">
        <ele>17.13622254399903</ele>
      </trkpt>
      <trkpt lat="43.7252086" lon="4.7075674">
        <ele>18.750960000007126</ele>
      </trkpt>
      <trkpt lat="43.7253181" lon="4.7078103">
        <ele>19.26224000001048</ele>
      </trkpt>
      <trkpt lat="43.7254785" lon="4.7081654">
        <ele>20.83229505600323</ele>
      </trkpt>
      <trkpt lat="43.7255482" lon="4.7083198">
        <ele>20.998709894399752</ele>
      </trkpt>
      <trkpt lat="43.7256485" lon="4.7085271">
        <ele>21.0</ele>
      </trkpt>
      <trkpt lat="43.7257047" lon="4.708643">
        <ele>21.0</ele>
      </trkpt>
      <trkpt lat="43.7257377" lon="4.7087121">
        <ele>21.0</ele>
      </trkpt>
      <trkpt lat="43.7259462" lon="4.709153">
        <ele>21.950799999998708</ele>
      </trkpt>
      <trkpt lat="43.7260036" lon="4.709275">
        <ele>22.0</ele>
      </trkpt>
      <trkpt lat="43.7261052" lon="4.7094946">
        <ele>21.996157683199506</ele>
      </trkpt>
      <trkpt lat="43.7261572" lon="4.7096072">
        <ele>22.331840000020748</ele>
      </trkpt>
      <trkpt lat="43.7264424" lon="4.710184">
        <ele>23.792470528007946</ele>
      </trkpt>
      <trkpt lat="43.7266499" lon="4.7104676">
        <ele>24.0</ele>
      </trkpt>
      <trkpt lat="43.7266897" lon="4.7105541">
        <ele>24.0</ele>
      </trkpt>
      <trkpt lat="43.7268523" lon="4.7109686">
        <ele>24.161534371204926</ele>
      </trkpt>
      <trkpt lat="43.7269498" lon="4.7112207">
        <ele>24.39452000000074</ele>
      </trkpt>
      <trkpt lat="43.7269682" lon="4.7112772">
        <ele>24.597919999998794</ele>
      </trkpt>
      <trkpt lat="43.7269865" lon="4.7113337">
        <ele>24.801320000000032</ele>
      </trkpt>
      <trkpt lat="43.7271432" lon="4.7117775">
        <ele>23.714507519998808</ele>
      </trkpt>
      <trkpt lat="43.727161" lon="4.7118308">
        <ele>23.539349951993767</ele>
      </trkpt>
      <trkpt lat="43.7266974" lon="4.7123843">
        <ele>25.778720000006615</ele>
      </trkpt>
      <trkpt lat="43.7264988" lon="4.7125886">
        <ele>27.527599999988524</ele>
      </trkpt>
      <trkpt lat="43.7264814" lon="4.7126438">
        <ele>27.851600000020426</ele>
      </trkpt>
      <trkpt lat="43.7264685" lon="4.7127163">
        <ele>28.205479999980525</ele>
      </trkpt>
      <trkpt lat="43.7264453" lon="4.7128787">
        <ele>28.957159999988107</ele>
      </trkpt>
      <trkpt lat="43.7263741" lon="4.7133134">
        <ele>31.03471999999192</ele>
      </trkpt>
      <trkpt lat="43.7263382" lon="4.7134514">
        <ele>31.789999999996326</ele>
      </trkpt>
      <trkpt lat="43.7263083" lon="4.7134985">
        <ele>32.174840000004224</ele>
      </trkpt>
      <trkpt lat="43.7262601" lon="4.7135221">
        <ele>32.606840000016746</ele>
      </trkpt>
      <trkpt lat="43.7259717" lon="4.7135242">
        <ele>34.18899999999212</ele>
      </trkpt>
      <trkpt lat="43.725402" lon="4.71388">
        <ele>37.055910399979616</ele>
      </trkpt>
      <trkpt lat="43.7251155" lon="4.7140359">
        <ele>41.175222007979514</ele>
      </trkpt>
      <trkpt lat="43.7249981" lon="4.7140998">
        <ele>43.53553304959233</ele>
      </trkpt>
      <trkpt lat="43.7247558" lon="4.7142628">
        <ele>44.7618341504161</ele>
      </trkpt>
      <trkpt lat="43.7244832" lon="4.7144544">
        <ele>44.61343999998644</ele>
      </trkpt>
      <trkpt lat="43.7244559" lon="4.7145713">
        <ele>43.547479999980624</ele>
      </trkpt>
      <trkpt lat="43.7243999" lon="4.7147563">
        <ele>42.114705929584204</ele>
      </trkpt>
      <trkpt lat="43.724258" lon="4.7152576">
        <ele>43.29463193600868</ele>
      </trkpt>
      <trkpt lat="43.7240213" lon="4.7154395">
        <ele>46.28476928803716</ele>
      </trkpt>
      <trkpt lat="43.7236242" lon="4.7156833">
        <ele>47.054789545591966</ele>
      </trkpt>
      <trkpt lat="43.7233166" lon="4.7155633">
        <ele>50.12831898243137</ele>
      </trkpt>
      <trkpt lat="43.7230825" lon="4.7159817">
        <ele>52.463190360064175</ele>
      </trkpt>
      <trkpt lat="43.722897" lon="4.7165625">
        <ele>55.7654999999571</ele>
      </trkpt>
      <trkpt lat="43.7228188" lon="4.7167178">
        <ele>56.7410400000108</ele>
      </trkpt>
      <trkpt lat="43.7227536" lon="4.7167158">
        <ele>57.668328729656594</ele>
      </trkpt>
      <trkpt lat="43.7227466" lon="4.7167176">
        <ele>57.81563934718679</ele>
      </trkpt>
      <trkpt lat="43.7219632" lon="4.7175474">
        <ele>61.61424322560599</ele>
      </trkpt>
      <trkpt lat="43.7219284" lon="4.7176239">
        <ele>61.30696327035972</ele>
      </trkpt>
      <trkpt lat="43.7219041" lon="4.7177277">
        <ele>60.91533613275258</ele>
      </trkpt>
      <trkpt lat="43.7215859" lon="4.7184214">
        <ele>64.80550765118161</ele>
      </trkpt>
      <trkpt lat="43.7212935" lon="4.7190939">
        <ele>69.5147970639866</ele>
      </trkpt>
      <trkpt lat="43.7211984" lon="4.7194756">
        <ele>72.51892515840932</ele>
      </trkpt>
      <trkpt lat="43.7209344" lon="4.7200141">
        <ele>78.36001703681988</ele>
      </trkpt>
      <trkpt lat="43.7207256" lon="4.7205356">
        <ele>82.68772485118738</ele>
      </trkpt>
      <trkpt lat="43.7204241" lon="4.7212482">
        <ele>89.42703999997957</ele>
      </trkpt>
      <trkpt lat="43.7198311" lon="4.7219924">
        <ele>90.95656000000417</ele>
      </trkpt>
      <trkpt lat="43.7197365" lon="4.7220897">
        <ele>90.6257200000232</ele>
      </trkpt>
      <trkpt lat="43.7197138" lon="4.7221575">
        <ele>90.76699999999937</ele>
      </trkpt>
      <trkpt lat="43.7197287" lon="4.722196">
        <ele>90.95223999998234</ele>
      </trkpt>
      <trkpt lat="43.7197379" lon="4.7222091">
        <ele>91.06563999998662</ele>
      </trkpt>
      <trkpt lat="43.7198203" lon="4.7223167">
        <ele>91.70616000001519</ele>
      </trkpt>
      <trkpt lat="43.7198716" lon="4.7223959">
        <ele>92.07551999998304</ele>
      </trkpt>
      <trkpt lat="43.7199516" lon="4.7224905">
        <ele>92.65152000001217</ele>
      </trkpt>
      <trkpt lat="43.7200182" lon="4.7225989">
        <ele>93.17323225918456</ele>
      </trkpt>
      <trkpt lat="43.720114" lon="4.7227115">
        <ele>93.91872144001884</ele>
      </trkpt>
      <trkpt lat="43.7201552" lon="4.7227849">
        <ele>94.09481116160559</ele>
      </trkpt>
      <trkpt lat="43.7201759" lon="4.7228901">
        <ele>93.96987385281088</ele>
      </trkpt>
      <trkpt lat="43.7201736" lon="4.7230941">
        <ele>93.49984000003678</ele>
      </trkpt>
      <trkpt lat="43.7201704" lon="4.7232079">
        <ele>93.45376000000942</ele>
      </trkpt>
      <trkpt lat="43.7201636" lon="4.7232729">
        <ele>93.35583999999108</ele>
      </trkpt>
      <trkpt lat="43.7201431" lon="4.7233871">
        <ele>93.25420000001986</ele>
      </trkpt>
      <trkpt lat="43.72011" lon="4.7235423">
        <ele>93.33627999997543</ele>
      </trkpt>
      <trkpt lat="43.7200667" lon="4.7237386">
        <ele>93.3092345247575</ele>
      </trkpt>
      <trkpt lat="43.7200321" lon="4.7239177">
        <ele>93.45039999997289</ele>
      </trkpt>
      <trkpt lat="43.7200175" lon="4.7239924">
        <ele>93.5616399999708</ele>
      </trkpt>
      <trkpt lat="43.7200098" lon="4.7241262">
        <ele>93.96015999999645</ele>
      </trkpt>
      <trkpt lat="43.7200079" lon="4.724242">
        <ele>94.62771999998859</ele>
      </trkpt>
      <trkpt lat="43.7200288" lon="4.7244654">
        <ele>96.53736000001163</ele>
      </trkpt>
      <trkpt lat="43.7200303" lon="4.7245423">
        <ele>97.3840799999789</ele>
      </trkpt>
      <trkpt lat="43.7200071" lon="4.7246364">
        <ele>98.14979999995967</ele>
      </trkpt>
      <trkpt lat="43.719977" lon="4.7247158">
        <ele>98.76695433600376</ele>
      </trkpt>
      <trkpt lat="43.7199415" lon="4.7247866">
        <ele>99.27407999997877</ele>
      </trkpt>
      <trkpt lat="43.7198538" lon="4.7249249">
        <ele>100.13628000002427</ele>
      </trkpt>
      <trkpt lat="43.719816" lon="4.7249836">
        <ele>100.49808000000985</ele>
      </trkpt>
      <trkpt lat="43.7197624" lon="4.7250789">
        <ele>100.8162764544014</ele>
      </trkpt>
      <trkpt lat="43.7197271" lon="4.7251525">
        <ele>101.12347956000119</ele>
      </trkpt>
      <trkpt lat="43.7197031" lon="4.725233">
        <ele>101.66650299199998</ele>
      </trkpt>
      <trkpt lat="43.7196686" lon="4.7253495">
        <ele>102.51640000000043</ele>
      </trkpt>
      <trkpt lat="43.7196422" lon="4.7254645">
        <ele>103.34440000000086</ele>
      </trkpt>
      <trkpt lat="43.719636" lon="4.7255845">
        <ele>104.0</ele>
      </trkpt>
      <trkpt lat="43.7196368" lon="4.725677">
        <ele>104.0</ele>
      </trkpt>
      <trkpt lat="43.7196354" lon="4.7257592">
        <ele>104.0</ele>
      </trkpt>
      <trkpt lat="43.7196194" lon="4.7258779">
        <ele>104.0</ele>
      </trkpt>
      <trkpt lat="43.7195986" lon="4.7259799">
        <ele>104.0</ele>
      </trkpt>
      <trkpt lat="43.7195625" lon="4.7261421">
        <ele>103.82429300000254</ele>
      </trkpt>
      <trkpt lat="43.7195358" lon="4.7262628">
        <ele>103.08743479040687</ele>
      </trkpt>
      <trkpt lat="43.7195359" lon="4.7263491">
        <ele>102.56855966238894</ele>
      </trkpt>
      <trkpt lat="43.7195448" lon="4.7264602">
        <ele>102.10456000000477</ele>
      </trkpt>
      <trkpt lat="43.7195804" lon="4.7266212">
        <ele>101.65311999999176</ele>
      </trkpt>
      <trkpt lat="43.7196136" lon="4.7267314">
        <ele>101.37592000000768</ele>
      </trkpt>
      <trkpt lat="43.7196582" lon="4.7268052">
        <ele>101.27079999999114</ele>
      </trkpt>
      <trkpt lat="43.7197199" lon="4.7269062">
        <ele>101.12932000000364</ele>
      </trkpt>
      <trkpt lat="43.7197632" lon="4.7269802">
        <ele>100.72375999999076</ele>
      </trkpt>
      <trkpt lat="43.7198251" lon="4.7270859">
        <ele>100.12039999999661</ele>
      </trkpt>
      <trkpt lat="43.7198594" lon="4.727205">
        <ele>99.56816000001163</ele>
      </trkpt>
      <trkpt lat="43.7198714" lon="4.7272819">
        <ele>99.46295999999165</ele>
      </trkpt>
      <trkpt lat="43.719882" lon="4.7273941">
        <ele>99.42480000000614</ele>
      </trkpt>
      <trkpt lat="43.7198174" lon="4.7277401">
        <ele>99.95352431040179</ele>
      </trkpt>
      <trkpt lat="43.7197604" lon="4.7280091">
        <ele>100.11445453439526</ele>
      </trkpt>
      <trkpt lat="43.7197332" lon="4.7281377">
        <ele>100.3235531456022</ele>
      </trkpt>
      <trkpt lat="43.7196926" lon="4.7282325">
        <ele>100.53036000000611</ele>
      </trkpt>
      <trkpt lat="43.7196443" lon="4.7284125">
        <ele>101.08442819999729</ele>
      </trkpt>
      <trkpt lat="43.7196048" lon="4.7285577">
        <ele>101.72643939839779</ele>
      </trkpt>
      <trkpt lat="43.7195134" lon="4.7288151">
        <ele>102.73436000000083</ele>
      </trkpt>
      <trkpt lat="43.7194314" lon="4.7290644">
        <ele>103.58487999999306</ele>
      </trkpt>
      <trkpt lat="43.7193553" lon="4.7293003">
        <ele>104.16015999998854</ele>
      </trkpt>
      <trkpt lat="43.7192946" lon="4.7295063">
        <ele>104.58068249919341</ele>
      </trkpt>
      <trkpt lat="43.7192377" lon="4.7296917">
        <ele>104.91821851360034</ele>
      </trkpt>
      <trkpt lat="43.7191897" lon="4.7298494">
        <ele>104.96203590719799</ele>
      </trkpt>
      <trkpt lat="43.7191426" lon="4.7300101">
        <ele>104.91651023039265</ele>
      </trkpt>
      <trkpt lat="43.7190943" lon="4.73016">
        <ele>104.88953952000254</ele>
      </trkpt>
      <trkpt lat="43.7190627" lon="4.7302694">
        <ele>104.9887117152003</ele>
      </trkpt>
      <trkpt lat="43.719016" lon="4.7304442">
        <ele>104.40088000000014</ele>
      </trkpt>
      <trkpt lat="43.7189545" lon="4.7306901">
        <ele>104.25554833599247</ele>
      </trkpt>
      <trkpt lat="43.7189388" lon="4.7308392">
        <ele>104.63684515842529</ele>
      </trkpt>
      <trkpt lat="43.7189134" lon="4.731048">
        <ele>104.7553281280187</ele>
      </trkpt>
      <trkpt lat="43.718885" lon="4.7312103">
        <ele>105.37607911999824</ele>
      </trkpt>
      <trkpt lat="43.7188007" lon="4.7314297">
        <ele>106.73523583838092</ele>
      </trkpt>
      <trkpt lat="43.7187311" lon="4.731528">
        <ele>107.35240556800281</ele>
      </trkpt>
      <trkpt lat="43.7186094" lon="4.7316574">
        <ele>107.99383999999372</ele>
      </trkpt>
      <trkpt lat="43.7184364" lon="4.7318162">
        <ele>107.7096217472025</ele>
      </trkpt>
      <trkpt lat="43.7183597" lon="4.7319057">
        <ele>107.87375944160172</ele>
      </trkpt>
      <trkpt lat="43.7182171" lon="4.7320665">
        <ele>107.58155999998871</ele>
      </trkpt>
      <trkpt lat="43.7181312" lon="4.7322247">
        <ele>107.27232000000731</ele>
      </trkpt>
      <trkpt lat="43.7180262" lon="4.732392">
        <ele>106.68295999996826</ele>
      </trkpt>
      <trkpt lat="43.7179805" lon="4.7325575">
        <ele>106.03833140002943</ele>
      </trkpt>
      <trkpt lat="43.717975" lon="4.7327227">
        <ele>105.5607788000208</ele>
      </trkpt>
      <trkpt lat="43.7179951" lon="4.7328784">
        <ele>104.8402400000241</ele>
      </trkpt>
      <trkpt lat="43.7180504" lon="4.7330592">
        <ele>103.95000350722118</ele>
      </trkpt>
      <trkpt lat="43.7181513" lon="4.7332229">
        <ele>103.6716219616049</ele>
      </trkpt>
      <trkpt lat="43.7182012" lon="4.7332991">
        <ele>103.25247439360236</ele>
      </trkpt>
      <trkpt lat="43.7182584" lon="4.7334231">
        <ele>102.67683999999826</ele>
      </trkpt>
      <trkpt lat="43.7182824" lon="4.7335581">
        <ele>102.19084000000066</ele>
      </trkpt>
      <trkpt lat="43.7182775" lon="4.7336388">
        <ele>101.92035568000152</ele>
      </trkpt>
      <trkpt lat="43.7182569" lon="4.7337159">
        <ele>101.72656135840002</ele>
      </trkpt>
      <trkpt lat="43.7181965" lon="4.7338189">
        <ele>101.62044450400595</ele>
      </trkpt>
      <trkpt lat="43.7181182" lon="4.7339184">
        <ele>101.77448000000277</ele>
      </trkpt>
      <trkpt lat="43.7180341" lon="4.7340177">
        <ele>101.96418226719514</ele>
      </trkpt>
      <trkpt lat="43.7179912" lon="4.7340597">
        <ele>101.85753533440005</ele>
      </trkpt>
      <trkpt lat="43.7179364" lon="4.7341135">
        <ele>101.65314294399712</ele>
      </trkpt>
      <trkpt lat="43.7178741" lon="4.7341511">
        <ele>101.3833675696106</ele>
      </trkpt>
      <trkpt lat="43.7177687" lon="4.7342106">
        <ele>100.78164866880377</ele>
      </trkpt>
      <trkpt lat="43.7177243" lon="4.7342541">
        <ele>100.36079759520166</ele>
      </trkpt>
      <trkpt lat="43.7176711" lon="4.7343266">
        <ele>99.87727487038354</ele>
      </trkpt>
      <trkpt lat="43.7176366" lon="4.7343976">
        <ele>99.57469040639404</ele>
      </trkpt>
      <trkpt lat="43.7176157" lon="4.734458">
        <ele>99.34739382401098</ele>
      </trkpt>
      <trkpt lat="43.7175991" lon="4.7345132">
        <ele>99.02093476480113</ele>
      </trkpt>
      <trkpt lat="43.7175884" lon="4.734581">
        <ele>98.67019321599267</ele>
      </trkpt>
      <trkpt lat="43.7175737" lon="4.734683">
        <ele>98.17866318399965</ele>
      </trkpt>
      <trkpt lat="43.7175701" lon="4.7347557">
        <ele>97.87948000000006</ele>
      </trkpt>
      <trkpt lat="43.7175662" lon="4.7349936">
        <ele>97.02303999999958</ele>
      </trkpt>
      <trkpt lat="43.7175874" lon="4.7351418">
        <ele>96.13965742719824</ele>
      </trkpt>
      <trkpt lat="43.7176235" lon="4.7353558">
        <ele>94.72683924801076</ele>
      </trkpt>
      <trkpt lat="43.7176984" lon="4.7355686">
        <ele>93.36810071042629</ele>
      </trkpt>
      <trkpt lat="43.7177384" lon="4.7356314">
        <ele>93.404733849615</ele>
      </trkpt>
      <trkpt lat="43.7177703" lon="4.7356694">
        <ele>93.52528710718208</ele>
      </trkpt>
      <trkpt lat="43.7178165" lon="4.7357103">
        <ele>93.50466304799654</ele>
      </trkpt>
      <trkpt lat="43.7178403" lon="4.735736">
        <ele>93.42926803199784</ele>
      </trkpt>
      <trkpt lat="43.7178831" lon="4.7357897">
        <ele>93.2166384528021</ele>
      </trkpt>
      <trkpt lat="43.7179203" lon="4.7358602">
        <ele>92.85618509759966</ele>
      </trkpt>
      <trkpt lat="43.7179418" lon="4.7359277">
        <ele>92.52115786559625</ele>
      </trkpt>
      <trkpt lat="43.7179609" lon="4.7360234">
        <ele>92.08259837760517</ele>
      </trkpt>
      <trkpt lat="43.7179914" lon="4.7362029">
        <ele>91.51491842240534</ele>
      </trkpt>
      <trkpt lat="43.7180073" lon="4.7363185">
        <ele>91.20937935199575</ele>
      </trkpt>
      <trkpt lat="43.7180103" lon="4.7363929">
        <ele>91.0</ele>
      </trkpt>
      <trkpt lat="43.7180002" lon="4.7364722">
        <ele>91.0</ele>
      </trkpt>
      <trkpt lat="43.7179792" lon="4.7365812">
        <ele>91.0</ele>
      </trkpt>
      <trkpt lat="43.7179585" lon="4.7366941">
        <ele>91.0</ele>
      </trkpt>
      <trkpt lat="43.7179494" lon="4.7367873">
        <ele>91.0</ele>
      </trkpt>
      <trkpt lat="43.71795" lon="4.7368733">
        <ele>91.0</ele>
      </trkpt>
      <trkpt lat="43.7179592" lon="4.7369475">
        <ele>91.01100000000133</ele>
      </trkpt>
      <trkpt lat="43.7179633" lon="4.7369806">
        <ele>91.1301599999997</ele>
      </trkpt>
      <trkpt lat="43.7180043" lon="4.737173">
        <ele>91.82280000000128</ele>
      </trkpt>
      <trkpt lat="43.7180929" lon="4.7375826">
        <ele>91.90553707839484</ele>
      </trkpt>
      <trkpt lat="43.718104" lon="4.737667">
        <ele>91.93044928000478</ele>
      </trkpt>
      <trkpt lat="43.7181291" lon="4.7378584">
        <ele>91.70975999999882</ele>
      </trkpt>
      <trkpt lat="43.7181326" lon="4.737925">
        <ele>91.47000000000116</ele>
      </trkpt>
      <trkpt lat="43.7181248" lon="4.7379873">
        <ele>91.24571999999898</ele>
      </trkpt>
      <trkpt lat="43.7181056" lon="4.7380301">
        <ele>91.09164000000146</ele>
      </trkpt>
      <trkpt lat="43.7180827" lon="4.7380726">
        <ele>90.93264390080161</ele>
      </trkpt>
      <trkpt lat="43.7180406" lon="4.7381407">
        <ele>90.70998303679869</ele>
      </trkpt>
      <trkpt lat="43.7180165" lon="4.7381781">
        <ele>90.6208670960046</ele>
      </trkpt>
      <trkpt lat="43.7179896" lon="4.73822">
        <ele>90.54856447999359</ele>
      </trkpt>
      <trkpt lat="43.7179393" lon="4.7383153">
        <ele>90.4562696816077</ele>
      </trkpt>
      <trkpt lat="43.7179192" lon="4.7383687">
        <ele>90.23624000001291</ele>
      </trkpt>
      <trkpt lat="43.7178919" lon="4.7385059">
        <ele>89.34668000000875</ele>
      </trkpt>
      <trkpt lat="43.7178717" lon="4.7386944">
        <ele>88.26065809918461</ele>
      </trkpt>
      <trkpt lat="43.7178716" lon="4.7387745">
        <ele>87.87536956798759</ele>
      </trkpt>
      <trkpt lat="43.7178716" lon="4.7388468">
        <ele>87.52717739518432</ele>
      </trkpt>
      <trkpt lat="43.7178716" lon="4.7388966">
        <ele>87.3060962175832</ele>
      </trkpt>
      <trkpt lat="43.7179083" lon="4.7391219">
        <ele>86.61555413920992</ele>
      </trkpt>
      <trkpt lat="43.7179694" lon="4.7392545">
        <ele>86.62635999999657</ele>
      </trkpt>
      <trkpt lat="43.7179906" lon="4.7393006">
        <ele>86.71599999999899</ele>
      </trkpt>
      <trkpt lat="43.7180846" lon="4.7394234">
        <ele>86.82760146560766</ele>
      </trkpt>
      <trkpt lat="43.7181826" lon="4.7395328">
        <ele>86.86072000000513</ele>
      </trkpt>
      <trkpt lat="43.7182253" lon="4.7395961">
        <ele>86.93487999999888</ele>
      </trkpt>
      <trkpt lat="43.7182602" lon="4.7396772">
        <ele>87.1011999999887</ele>
      </trkpt>
      <trkpt lat="43.7182835" lon="4.7397481">
        <ele>87.17940000000635</ele>
      </trkpt>
      <trkpt lat="43.7182964" lon="4.7398114">
        <ele>87.13296000000082</ele>
      </trkpt>
      <trkpt lat="43.7182999" lon="4.7398601">
        <ele>87.12036000000671</ele>
      </trkpt>
      <trkpt lat="43.7183017" lon="4.7398852">
        <ele>87.11388000000807</ele>
      </trkpt>
      <trkpt lat="43.7183027" lon="4.7399718">
        <ele>87.11027999999123</ele>
      </trkpt>
      <trkpt lat="43.7182938" lon="4.7400772">
        <ele>87.10276642560552</ele>
      </trkpt>
      <trkpt lat="43.7182789" lon="4.7402759">
        <ele>87.00132468959974</ele>
      </trkpt>
      <trkpt lat="43.7182725" lon="4.7403796">
        <ele>86.55316335999761</ele>
      </trkpt>
      <trkpt lat="43.7182809" lon="4.7404568">
        <ele>86.23386795520962</ele>
      </trkpt>
      <trkpt lat="43.7182902" lon="4.740503">
        <ele>86.06329897599434</ele>
      </trkpt>
      <trkpt lat="43.7183516" lon="4.7406407">
        <ele>86.06575999999404</ele>
      </trkpt>
      <trkpt lat="43.718479" lon="4.7408122">
        <ele>86.52440000000752</ele>
      </trkpt>
      <trkpt lat="43.7185102" lon="4.740884">
        <ele>86.63671999998996</ele>
      </trkpt>
      <trkpt lat="43.7185224" lon="4.7409488">
        <ele>86.6806399999914</ele>
      </trkpt>
      <trkpt lat="43.7185239" lon="4.7410569">
        <ele>86.68604000000369</ele>
      </trkpt>
      <trkpt lat="43.7185125" lon="4.7411694">
        <ele>86.71949320000837</ele>
      </trkpt>
      <trkpt lat="43.7184835" lon="4.7412543">
        <ele>86.77741151199555</ele>
      </trkpt>
      <trkpt lat="43.7184354" lon="4.7413938">
        <ele>87.0</ele>
      </trkpt>
      <trkpt lat="43.7183742" lon="4.7415575">
        <ele>87.0</ele>
      </trkpt>
      <trkpt lat="43.7183322" lon="4.7416893">
        <ele>87.08147999999983</ele>
      </trkpt>
      <trkpt lat="43.718321" lon="4.74177">
        <ele>87.37199999999939</ele>
      </trkpt>
      <trkpt lat="43.7183205" lon="4.7418699">
        <ele>87.73164000000088</ele>
      </trkpt>
      <trkpt lat="43.7183192" lon="4.7419348">
        <ele>87.96528000000035</ele>
      </trkpt>
      <trkpt lat="43.7183138" lon="4.7420906">
        <ele>88.52616000000035</ele>
      </trkpt>
      <trkpt lat="43.7182905" lon="4.742207">
        <ele>88.94519999999875</ele>
      </trkpt>
      <trkpt lat="43.7182557" lon="4.7423405">
        <ele>89.85160000000087</ele>
      </trkpt>
      <trkpt lat="43.7182378" lon="4.7424716">
        <ele>90.79551999999967</ele>
      </trkpt>
      <trkpt lat="43.7182419" lon="4.742616">
        <ele>91.41759999999977</ele>
      </trkpt>
      <trkpt lat="43.7182688" lon="4.7427356">
        <ele>91.84815999999864</ele>
      </trkpt>
      <trkpt lat="43.7182826" lon="4.7428007">
        <ele>92.06744854720091</ele>
      </trkpt>
      <trkpt lat="43.7183156" lon="4.7429162">
        <ele>92.46650725119349</ele>
      </trkpt>
      <trkpt lat="43.7183462" lon="4.7430065">
        <ele>92.94599977599111</ele>
      </trkpt>
      <trkpt lat="43.7183687" lon="4.7430908">
        <ele>93.38195999999061</ele>
      </trkpt>
      <trkpt lat="43.7183981" lon="4.7432007">
        <ele>93.69948000001841</ele>
      </trkpt>
      <trkpt lat="43.7185045" lon="4.7434757">
        <ele>94.33608000001641</ele>
      </trkpt>
      <trkpt lat="43.7185487" lon="4.7436082">
        <ele>94.33643999999458</ele>
      </trkpt>
      <trkpt lat="43.7185984" lon="4.743735">
        <ele>94.86271999997416</ele>
      </trkpt>
      <trkpt lat="43.7186181" lon="4.743824">
        <ele>95.03103737600242</ele>
      </trkpt>
      <trkpt lat="43.7186294" lon="4.7439072">
        <ele>95.06583999999111</ele>
      </trkpt>
      <trkpt lat="43.7186324" lon="4.7439777">
        <ele>95.07663999998931</ele>
      </trkpt>
      <trkpt lat="43.7186276" lon="4.7440208">
        <ele>95.05935999999201</ele>
      </trkpt>
      <trkpt lat="43.7186031" lon="4.744204">
        <ele>95.10168390401088</ele>
      </trkpt>
      <trkpt lat="43.71859" lon="4.7443544">
        <ele>95.54847615999292</ele>
      </trkpt>
      <trkpt lat="43.7185878" lon="4.744462">
        <ele>95.83216000001175</ele>
      </trkpt>
      <trkpt lat="43.7185975" lon="4.7445756">
        <ele>95.90200000000914</ele>
      </trkpt>
      <trkpt lat="43.7186124" lon="4.7446907">
        <ele>96.00875345278476</ele>
      </trkpt>
      <trkpt lat="43.7186302" lon="4.744803">
        <ele>95.84663999999839</ele>
      </trkpt>
      <trkpt lat="43.7186692" lon="4.7449773">
        <ele>95.4999600000042</ele>
      </trkpt>
      <trkpt lat="43.7186945" lon="4.7450781">
        <ele>95.2348357679889</ele>
      </trkpt>
      <trkpt lat="43.7187283" lon="4.7451832">
        <ele>94.90600170241316</ele>
      </trkpt>
      <trkpt lat="43.7187792" lon="4.7452827">
        <ele>94.58740000000171</ele>
      </trkpt>
      <trkpt lat="43.7188363" lon="4.745362">
        <ele>94.50747999999794</ele>
      </trkpt>
      <trkpt lat="43.7189136" lon="4.7454688">
        <ele>94.42906398720146</ele>
      </trkpt>
      <trkpt lat="43.7189767" lon="4.7455882">
        <ele>94.2357504223949</ele>
      </trkpt>
      <trkpt lat="43.7190365" lon="4.7457709">
        <ele>94.16812253600924</ele>
      </trkpt>
      <trkpt lat="43.7190741" lon="4.7459284">
        <ele>94.33352000000195</ele>
      </trkpt>
      <trkpt lat="43.7191027" lon="4.7461127">
        <ele>94.54075720160434</ele>
      </trkpt>
      <trkpt lat="43.719106" lon="4.7462419">
        <ele>94.6660314559811</ele>
      </trkpt>
      <trkpt lat="43.7191044" lon="4.7463082">
        <ele>94.71072600319529</ele>
      </trkpt>
      <trkpt lat="43.7191002" lon="4.7463892">
        <ele>94.75986799359835</ele>
      </trkpt>
      <trkpt lat="43.7190992" lon="4.7464482">
        <ele>94.59545973760746</ele>
      </trkpt>
      <trkpt lat="43.7190984" lon="4.746492">
        <ele>94.47426611200044</ele>
      </trkpt>
      <trkpt lat="43.7191033" lon="4.7466476">
        <ele>94.05298184319973</ele>
      </trkpt>
      <trkpt lat="43.7191145" lon="4.7467634">
        <ele>94.0</ele>
      </trkpt>
      <trkpt lat="43.7191271" lon="4.7468876">
        <ele>94.0</ele>
      </trkpt>
      <trkpt lat="43.7191441" lon="4.7470279">
        <ele>94.27603225440122</ele>
      </trkpt>
      <trkpt lat="43.7191649" lon="4.747158">
        <ele>94.76391043200682</ele>
      </trkpt>
      <trkpt lat="43.719196" lon="4.7472914">
        <ele>95.13189862398504</ele>
      </trkpt>
      <trkpt lat="43.7192252" lon="4.7474157">
        <ele>95.35749069438029</ele>
      </trkpt>
      <trkpt lat="43.7192489" lon="4.7475961">
        <ele>96.18158200158015</ele>
      </trkpt>
      <trkpt lat="43.719258" lon="4.7477638">
        <ele>97.2447052160157</ele>
      </trkpt>
      <trkpt lat="43.7192568" lon="4.7479422">
        <ele>97.91639999998688</ele>
      </trkpt>
      <trkpt lat="43.7192541" lon="4.7480784">
        <ele>98.37111413760137</ele>
      </trkpt>
      <trkpt lat="43.7192499" lon="4.7482096">
        <ele>98.68803164160192</ele>
      </trkpt>
      <trkpt lat="43.7192395" lon="4.7483545">
        <ele>98.94377964000118</ele>
      </trkpt>
      <trkpt lat="43.7192009" lon="4.7485888">
        <ele>98.19366136318952</ele>
      </trkpt>
      <trkpt lat="43.7191797" lon="4.7486643">
        <ele>97.86442424159196</ele>
      </trkpt>
      <trkpt lat="43.7191698" lon="4.7487052">
        <ele>97.67638076161555</ele>
      </trkpt>
      <trkpt lat="43.7191462" lon="4.7488022">
        <ele>97.28908594559675</ele>
      </trkpt>
      <trkpt lat="43.7191408" lon="4.7488245">
        <ele>97.21021478399967</ele>
      </trkpt>
      <trkpt lat="43.7191269" lon="4.7489032">
        <ele>96.99262439679984</ele>
      </trkpt>
      <trkpt lat="43.7191242" lon="4.7489181">
        <ele>96.98392313920118</ele>
      </trkpt>
      <trkpt lat="43.7190969" lon="4.7490261">
        <ele>96.8759370063942</ele>
      </trkpt>
      <trkpt lat="43.7190482" lon="4.7492068">
        <ele>96.34617783041192</ele>
      </trkpt>
      <trkpt lat="43.7189985" lon="4.7493866">
        <ele>95.29041150399705</ele>
      </trkpt>
      <trkpt lat="43.7189193" lon="4.7496185">
        <ele>94.37339999999858</ele>
      </trkpt>
      <trkpt lat="43.7188905" lon="4.7497136">
        <ele>94.03104000000076</ele>
      </trkpt>
      <trkpt lat="43.7188679" lon="4.7497896">
        <ele>93.36375999999746</ele>
      </trkpt>
      <trkpt lat="43.7188558" lon="4.7498542">
        <ele>92.81152000000293</ele>
      </trkpt>
      <trkpt lat="43.7188536" lon="4.7499411">
        <ele>92.17000000001917</ele>
      </trkpt>
      <trkpt lat="43.7188523" lon="4.7500726">
        <ele>91.50962633921056</ele>
      </trkpt>
      <trkpt lat="43.7188445" lon="4.750149">
        <ele>91.22971672001434</ele>
      </trkpt>
      <trkpt lat="43.7188175" lon="4.7502354">
        <ele>90.85635207999977</ele>
      </trkpt>
      <trkpt lat="43.7187827" lon="4.7503278">
        <ele>90.61771999999428</ele>
      </trkpt>
      <trkpt lat="43.7187218" lon="4.7504052">
        <ele>90.39847999999029</ele>
      </trkpt>
      <trkpt lat="43.7186709" lon="4.7504487">
        <ele>90.21523999999772</ele>
      </trkpt>
      <trkpt lat="43.7185585" lon="4.750545">
        <ele>89.62120000000232</ele>
      </trkpt>
      <trkpt lat="43.7184964" lon="4.7506251">
        <ele>89.27746866559545</ele>
      </trkpt>
      <trkpt lat="43.7184587" lon="4.750702">
        <ele>89.1919040959969</ele>
      </trkpt>
      <trkpt lat="43.7183678" lon="4.7509102">
        <ele>89.12408000001051</ele>
      </trkpt>
      <trkpt lat="43.7183077" lon="4.7510341">
        <ele>88.88213629278569</ele>
      </trkpt>
      <trkpt lat="43.7182781" lon="4.7511008">
        <ele>88.79377905919641</ele>
      </trkpt>
      <trkpt lat="43.7182514" lon="4.7512045">
        <ele>88.70503999999892</ele>
      </trkpt>
      <trkpt lat="43.7182434" lon="4.751273">
        <ele>88.67623999999523</ele>
      </trkpt>
      <trkpt lat="43.7182575" lon="4.7513272">
        <ele>88.72699999999986</ele>
      </trkpt>
      <trkpt lat="43.7182779" lon="4.7513872">
        <ele>88.80043999998861</ele>
      </trkpt>
      <trkpt lat="43.7183323" lon="4.7514884">
        <ele>89.35318734720178</ele>
      </trkpt>
      <trkpt lat="43.718403" lon="4.7516013">
        <ele>89.8236982560016</ele>
      </trkpt>
      <trkpt lat="43.7184589" lon="4.7516928">
        <ele>89.9059200000006</ele>
      </trkpt>
      <trkpt lat="43.7185553" lon="4.7518505">
        <ele>89.33820000000105</ele>
      </trkpt>
      <trkpt lat="43.7186577" lon="4.7520292">
        <ele>88.69488000000001</ele>
      </trkpt>
      <trkpt lat="43.7187493" lon="4.7521774">
        <ele>88.16136000000051</ele>
      </trkpt>
      <trkpt lat="43.7188375" lon="4.7523272">
        <ele>87.17424480000037</ele>
      </trkpt>
      <trkpt lat="43.7189278" lon="4.7525019">
        <ele>85.71983999997792</ele>
      </trkpt>
      <trkpt lat="43.7190111" lon="4.7526611">
        <ele>85.12007999997877</ele>
      </trkpt>
      <trkpt lat="43.7190943" lon="4.7528326">
        <ele>84.81292754558764</ele>
      </trkpt>
      <trkpt lat="43.71916" lon="4.7529662">
        <ele>85.37208063999759</ele>
      </trkpt>
      <trkpt lat="43.7192607" lon="4.7531409">
        <ele>85.63020000000324</ele>
      </trkpt>
      <trkpt lat="43.7192984" lon="4.7531899">
        <ele>85.53516000000172</ele>
      </trkpt>
      <trkpt lat="43.7193575" lon="4.7532473">
        <ele>85.31627999999273</ele>
      </trkpt>
      <trkpt lat="43.7193922" lon="4.7532638">
        <ele>85.12583999998924</ele>
      </trkpt>
      <trkpt lat="43.7194347" lon="4.7532713">
        <ele>84.84683999999379</ele>
      </trkpt>
      <trkpt lat="43.7195255" lon="4.7532856">
        <ele>84.82815999999957</ele>
      </trkpt>
      <trkpt lat="43.7196596" lon="4.7533034">
        <ele>84.89224000000013</ele>
      </trkpt>
      <trkpt lat="43.7197832" lon="4.7533232">
        <ele>84.74399999999196</ele>
      </trkpt>
      <trkpt lat="43.7198404" lon="4.7533438">
        <ele>84.57455999999092</ele>
      </trkpt>
      <trkpt lat="43.7198662" lon="4.7533557">
        <ele>84.48168000000533</ele>
      </trkpt>
      <trkpt lat="43.7198918" lon="4.7533764">
        <ele>84.3895200000029</ele>
      </trkpt>
      <trkpt lat="43.7199131" lon="4.7534113">
        <ele>84.31284000000232</ele>
      </trkpt>
      <trkpt lat="43.7199333" lon="4.7534569">
        <ele>84.2401199999963</ele>
      </trkpt>
      <trkpt lat="43.7199786" lon="4.7535791">
        <ele>84.07704000000922</ele>
      </trkpt>
      <trkpt lat="43.7200468" lon="4.7537927">
        <ele>83.06111749120814</ele>
      </trkpt>
      <trkpt lat="43.720131" lon="4.754061">
        <ele>82.85579663998796</ele>
      </trkpt>
      <trkpt lat="43.7201783" lon="4.7541987">
        <ele>82.75753839839568</ele>
      </trkpt>
      <trkpt lat="43.7202199" lon="4.7542984">
        <ele>82.51553264643152</ele>
      </trkpt>
      <trkpt lat="43.7202679" lon="4.7543804">
        <ele>82.09848128636793</ele>
      </trkpt>
      <trkpt lat="43.7203094" lon="4.754439">
        <ele>81.65848000002325</ele>
      </trkpt>
      <trkpt lat="43.7203534" lon="4.7545051">
        <ele>81.40163999999595</ele>
      </trkpt>
      <trkpt lat="43.7204202" lon="4.7545697">
        <ele>80.91276000000562</ele>
      </trkpt>
      <trkpt lat="43.7205666" lon="4.7546728">
        <ele>79.70280000002231</ele>
      </trkpt>
      <trkpt lat="43.7206783" lon="4.7547843">
        <ele>78.8718626847722</ele>
      </trkpt>
      <trkpt lat="43.7207483" lon="4.754876">
        <ele>78.68662393602341</ele>
      </trkpt>
      <trkpt lat="43.7208142" lon="4.7549908">
        <ele>79.00720261120078</ele>
      </trkpt>
      <trkpt lat="43.7208379" lon="4.7550543">
        <ele>79.3612936912068</ele>
      </trkpt>
      <trkpt lat="43.7208558" lon="4.7551296">
        <ele>79.80909537278671</ele>
      </trkpt>
      <trkpt lat="43.7208696" lon="4.755257">
        <ele>80.71007411200068</ele>
      </trkpt>
      <trkpt lat="43.720874" lon="4.7553418">
        <ele>81.28081772799126</ele>
      </trkpt>
      <trkpt lat="43.720869" lon="4.7555142">
        <ele>82.46455619199956</ele>
      </trkpt>
      <trkpt lat="43.7208642" lon="4.7557282">
        <ele>82.29436660479676</ele>
      </trkpt>
      <trkpt lat="43.7208617" lon="4.7558758">
        <ele>82.01561210560027</ele>
      </trkpt>
      <trkpt lat="43.7208728" lon="4.7559695">
        <ele>82.06964761600379</ele>
      </trkpt>
      <trkpt lat="43.7208988" lon="4.7560509">
        <ele>82.18459400320118</ele>
      </trkpt>
      <trkpt lat="43.7209629" lon="4.7562329">
        <ele>82.26193404640792</ele>
      </trkpt>
      <trkpt lat="43.720983" lon="4.7562928">
        <ele>82.18638169599636</ele>
      </trkpt>
      <trkpt lat="43.7210064" lon="4.7563628">
        <ele>82.05851591680052</ele>
      </trkpt>
      <trkpt lat="43.7210476" lon="4.7564859">
        <ele>81.38137023359941</ele>
      </trkpt>
      <trkpt lat="43.721101" lon="4.7566665">
        <ele>80.03757816001189</ele>
      </trkpt>
      <trkpt lat="43.7211507" lon="4.7568465">
        <ele>79.40285255200351</ele>
      </trkpt>
      <trkpt lat="43.7211774" lon="4.7569301">
        <ele>79.06396336960051</ele>
      </trkpt>
      <trkpt lat="43.7212093" lon="4.7570078">
        <ele>79.0</ele>
      </trkpt>
      <trkpt lat="43.7212465" lon="4.7570847">
        <ele>79.0</ele>
      </trkpt>
      <trkpt lat="43.721313" lon="4.757195">
        <ele>79.0</ele>
      </trkpt>
      <trkpt lat="43.7213721" lon="4.7572799">
        <ele>78.38962976159314</ele>
      </trkpt>
      <trkpt lat="43.7214154" lon="4.7573635">
        <ele>77.57128156798977</ele>
      </trkpt>
      <trkpt lat="43.7214796" lon="4.7575973">
        <ele>75.48789256321838</ele>
      </trkpt>
      <trkpt lat="43.7214912" lon="4.7577083">
        <ele>74.2108041984125</ele>
      </trkpt>
      <trkpt lat="43.7215153" lon="4.7577937">
        <ele>73.28312000000324</ele>
      </trkpt>
      <trkpt lat="43.7215586" lon="4.7578706">
        <ele>72.60848000000215</ele>
      </trkpt>
      <trkpt lat="43.7216148" lon="4.7579383">
        <ele>72.07963999998901</ele>
      </trkpt>
      <trkpt lat="43.7218124" lon="4.7581146">
        <ele>70.77544252159473</ele>
      </trkpt>
      <trkpt lat="43.7218835" lon="4.7582131">
        <ele>69.6363949039968</ele>
      </trkpt>
      <trkpt lat="43.721919" lon="4.7583172">
        <ele>68.22699987200626</ele>
      </trkpt>
      <trkpt lat="43.7219486" lon="4.7584159">
        <ele>67.12323999998989</ele>
      </trkpt>
      <trkpt lat="43.7219665" lon="4.7585217">
        <ele>66.04504000000088</ele>
      </trkpt>
      <trkpt lat="43.7219948" lon="4.7586121">
        <ele>65.17415999999321</ele>
      </trkpt>
      <trkpt lat="43.7221557" lon="4.75886">
        <ele>63.968520000004446</ele>
      </trkpt>
      <trkpt lat="43.7223396" lon="4.7591033">
        <ele>62.106919999997444</ele>
      </trkpt>
      <trkpt lat="43.7224194" lon="4.7592991">
        <ele>60.141223318401586</ele>
      </trkpt>
      <trkpt lat="43.7224544" lon="4.7593852">
        <ele>59.34653204478253</ele>
      </trkpt>
      <trkpt lat="43.7226753" lon="4.7598812">
        <ele>57.959740294391096</ele>
      </trkpt>
      <trkpt lat="43.7228224" lon="4.7601723">
        <ele>56.72079644160341</ele>
      </trkpt>
      <trkpt lat="43.7229224" lon="4.7604495">
        <ele>54.56481964799784</ele>
      </trkpt>
      <trkpt lat="43.7229745" lon="4.7606152">
        <ele>53.722624703999</ele>
      </trkpt>
      <trkpt lat="43.7229936" lon="4.7606833">
        <ele>53.43754836480286</ele>
      </trkpt>
      <trkpt lat="43.7230057" lon="4.7607525">
        <ele>53.16374868000529</ele>
      </trkpt>
      <trkpt lat="43.7230421" lon="4.7608247">
        <ele>52.984145515203345</ele>
      </trkpt>
      <trkpt lat="43.7231742" lon="4.7609594">
        <ele>53.0</ele>
      </trkpt>
      <trkpt lat="43.7233501" lon="4.7613322">
        <ele>53.012318268798225</ele>
      </trkpt>
      <trkpt lat="43.7237888" lon="4.7623059">
        <ele>49.59021720319974</ele>
      </trkpt>
      <trkpt lat="43.7239758" lon="4.7626479">
        <ele>48.94702982718919</ele>
      </trkpt>
      <trkpt lat="43.7245458" lon="4.7631593">
        <ele>48.63511999999537</ele>
      </trkpt>
      <trkpt lat="43.7246091" lon="4.763226">
        <ele>48.40723999999227</ele>
      </trkpt>
      <trkpt lat="43.7252837" lon="4.7639365">
        <ele>50.01766575199573</ele>
      </trkpt>
      <trkpt lat="43.7253278" lon="4.7639829">
        <ele>50.11913372480531</ele>
      </trkpt>
      <trkpt lat="43.7253043" lon="4.7640962">
        <ele>50.024221366397896</ele>
      </trkpt>
      <trkpt lat="43.7253941" lon="4.7641316">
        <ele>50.05286426240142</ele>
      </trkpt>
      <trkpt lat="43.7254757" lon="4.7641697">
        <ele>49.99686071839983</ele>
      </trkpt>
      <trkpt lat="43.7256794" lon="4.764427">
        <ele>50.417841247990815</ele>
      </trkpt>
      <trkpt lat="43.7257042" lon="4.7644544">
        <ele>50.57096000000956</ele>
      </trkpt>
      <trkpt lat="43.7257478" lon="4.7644929">
        <ele>50.86652000000049</ele>
      </trkpt>
      <trkpt lat="43.7258988" lon="4.7646262">
        <ele>52.12568000002375</ele>
      </trkpt>
      <trkpt lat="43.7260155" lon="4.7648079">
        <ele>53.620040000019344</ele>
      </trkpt>
      <trkpt lat="43.7262" lon="4.765002">
        <ele>55.647199999990335</ele>
      </trkpt>
      <trkpt lat="43.7265418" lon="4.7653658">
        <ele>58.55047999999897</ele>
      </trkpt>
      <trkpt lat="43.7265466" lon="4.7654719">
        <ele>58.56775999999627</ele>
      </trkpt>
      <trkpt lat="43.7262184" lon="4.7658493">
        <ele>57.8077589248037</ele>
      </trkpt>
      <trkpt lat="43.7260909" lon="4.7660397">
        <ele>57.65145485921311</ele>
      </trkpt>
      <trkpt lat="43.7258428" lon="4.766474">
        <ele>58.33003788800455</ele>
      </trkpt>
      <trkpt lat="43.7256223" lon="4.7669338">
        <ele>58.97088752960064</ele>
      </trkpt>
      <trkpt lat="43.7254812" lon="4.7674113">
        <ele>57.05163999999013</ele>
      </trkpt>
      <trkpt lat="43.7254153" lon="4.7678257">
        <ele>53.97752000000173</ele>
      </trkpt>
      <trkpt lat="43.725371" lon="4.7683737">
        <ele>49.80689878400384</ele>
      </trkpt>
      <trkpt lat="43.7254139" lon="4.7697733">
        <ele>52.653999999994085</ele>
      </trkpt>
      <trkpt lat="43.725451" lon="4.7703074">
        <ele>54.31370070399717</ele>
      </trkpt>
      <trkpt lat="43.7254742" lon="4.770669">
        <ele>55.81854780800829</ele>
      </trkpt>
      <trkpt lat="43.7254759" lon="4.7706943">
        <ele>55.995449115188954</ele>
      </trkpt>
      <trkpt lat="43.7254968" lon="4.7715168">
        <ele>58.94240000003492</ele>
      </trkpt>
      <trkpt lat="43.7255498" lon="4.772791">
        <ele>54.93784000003416</ele>
      </trkpt>
      <trkpt lat="43.7255549" lon="4.7729127">
        <ele>54.9929199999865</ele>
      </trkpt>
      <trkpt lat="43.7255876" lon="4.7737576">
        <ele>51.8187199999702</ele>
      </trkpt>
      <trkpt lat="43.7255806" lon="4.7739623">
        <ele>51.24665251520677</ele>
      </trkpt>
      <trkpt lat="43.7255206" lon="4.7745581">
        <ele>49.907137388822406</ele>
      </trkpt>
      <trkpt lat="43.7254917" lon="4.7747855">
        <ele>48.59468666399721</ele>
      </trkpt>
      <trkpt lat="43.7254844" lon="4.7748425">
        <ele>48.42175727999791</ele>
      </trkpt>
      <trkpt lat="43.7253306" lon="4.775379">
        <ele>47.08104000000185</ele>
      </trkpt>
      <trkpt lat="43.7252547" lon="4.7755869">
        <ele>45.587774747197464</ele>
      </trkpt>
      <trkpt lat="43.7251854" lon="4.7757523">
        <ele>43.77814559680372</ele>
      </trkpt>
      <trkpt lat="43.7251407" lon="4.775856">
        <ele>42.83679999999913</ele>
      </trkpt>
      <trkpt lat="43.7250944" lon="4.7759425">
        <ele>42.21399999999812</ele>
      </trkpt>
      <trkpt lat="43.7250436" lon="4.7760375">
        <ele>41.529999999998836</ele>
      </trkpt>
      <trkpt lat="43.724987" lon="4.7761387">
        <ele>40.90532817600151</ele>
      </trkpt>
      <trkpt lat="43.7249092" lon="4.7762641">
        <ele>40.62927242880266</ele>
      </trkpt>
      <trkpt lat="43.7247098" lon="4.7765581">
        <ele>40.955279999997856</ele>
      </trkpt>
      <trkpt lat="43.7245261" lon="4.7767974">
        <ele>40.29395999999451</ele>
      </trkpt>
      <trkpt lat="43.7241591" lon="4.7773483">
        <ele>40.46624369119724</ele>
      </trkpt>
      <trkpt lat="43.7241472" lon="4.7775068">
        <ele>41.09456000001046</ele>
      </trkpt>
      <trkpt lat="43.7239943" lon="4.7779754">
        <ele>42.44903450240186</ele>
      </trkpt>
      <trkpt lat="43.7239701" lon="4.7780409">
        <ele>42.314270172808456</ele>
      </trkpt>
      <trkpt lat="43.7239561" lon="4.7781066">
        <ele>42.10266256960977</ele>
      </trkpt>
      <trkpt lat="43.7239467" lon="4.7781869">
        <ele>41.83368746079579</ele>
      </trkpt>
      <trkpt lat="43.7239317" lon="4.7783305">
        <ele>41.31686797601001</ele>
      </trkpt>
      <trkpt lat="43.7239208" lon="4.7785403">
        <ele>40.39908520960699</ele>
      </trkpt>
      <trkpt lat="43.7239244" lon="4.7786727">
        <ele>39.93446468480449</ele>
      </trkpt>
      <trkpt lat="43.7239314" lon="4.778799">
        <ele>39.58015625598666</ele>
      </trkpt>
      <trkpt lat="43.7239426" lon="4.7789206">
        <ele>39.36464602240544</ele>
      </trkpt>
      <trkpt lat="43.7239579" lon="4.779027">
        <ele>39.37335563201121</ele>
      </trkpt>
      <trkpt lat="43.7239927" lon="4.7792145">
        <ele>39.20151999998734</ele>
      </trkpt>
      <trkpt lat="43.724008" lon="4.7792731">
        <ele>39.04563999999118</ele>
      </trkpt>
      <trkpt lat="43.7240302" lon="4.7793393">
        <ele>38.88724000000457</ele>
      </trkpt>
      <trkpt lat="43.7240803" lon="4.7794961">
        <ele>38.50311999998894</ele>
      </trkpt>
      <trkpt lat="43.7240947" lon="4.7795592">
        <ele>38.327800000008665</ele>
      </trkpt>
      <trkpt lat="43.7241038" lon="4.779641">
        <ele>38.06608000000688</ele>
      </trkpt>
      <trkpt lat="43.7241079" lon="4.7799439">
        <ele>37.78843999999981</ele>
      </trkpt>
      <trkpt lat="43.7241214" lon="4.7802982">
        <ele>39.135059180799374</ele>
      </trkpt>
      <trkpt lat="43.7241544" lon="4.7804885">
        <ele>40.48370022400659</ele>
      </trkpt>
      <trkpt lat="43.7242194" lon="4.7807627">
        <ele>43.616840000022876</ele>
      </trkpt>
      <trkpt lat="43.7242829" lon="4.7809074">
        <ele>45.48173284159025</ele>
      </trkpt>
      <trkpt lat="43.7243541" lon="4.7810167">
        <ele>47.115182571197295</ele>
      </trkpt>
      <trkpt lat="43.7244249" lon="4.7811291">
        <ele>48.913883486428645</ele>
      </trkpt>
      <trkpt lat="43.7244626" lon="4.7812526">
        <ele>50.246868230432845</ele>
      </trkpt>
      <trkpt lat="43.7244696" lon="4.78132">
        <ele>50.79813887998841</ele>
      </trkpt>
      <trkpt lat="43.7244701" lon="4.7813905">
        <ele>51.27654431197592</ele>
      </trkpt>
      <trkpt lat="43.7244641" lon="4.7814931">
        <ele>51.185733678388324</ele>
      </trkpt>
      <trkpt lat="43.7244446" lon="4.7820525">
        <ele>48.222559999995156</ele>
      </trkpt>
      <trkpt lat="43.7244557" lon="4.7821279">
        <ele>47.71964000000071</ele>
      </trkpt>
      <trkpt lat="43.7245173" lon="4.7822971">
        <ele>46.79386019680997</ele>
      </trkpt>
      <trkpt lat="43.7246549" lon="4.7824985">
        <ele>46.521988743980586</ele>
      </trkpt>
      <trkpt lat="43.724795" lon="4.7826509">
        <ele>45.79384887999877</ele>
      </trkpt>
      <trkpt lat="43.7249387" lon="4.7828056">
        <ele>44.899840000001404</ele>
      </trkpt>
      <trkpt lat="43.7249848" lon="4.7829805">
        <ele>44.270200000000386</ele>
      </trkpt>
      <trkpt lat="43.7250035" lon="4.7831265">
        <ele>44.021981959998456</ele>
      </trkpt>
      <trkpt lat="43.7250052" lon="4.7832345">
        <ele>44.02538057599142</ele>
      </trkpt>
      <trkpt lat="43.7249924" lon="4.783309">
        <ele>43.9750367359929</ele>
      </trkpt>
      <trkpt lat="43.7249596" lon="4.7833928">
        <ele>43.42639999999619</ele>
      </trkpt>
      <trkpt lat="43.7247627" lon="4.7837038">
        <ele>41.09709615039865</ele>
      </trkpt>
      <trkpt lat="43.7247333" lon="4.7837546">
        <ele>41.01927958719463</ele>
      </trkpt>
      <trkpt lat="43.7247085" lon="4.783829">
        <ele>40.90119999998842</ele>
      </trkpt>
      <trkpt lat="43.7243936" lon="4.784205">
        <ele>39.23095999999623</ele>
      </trkpt>
      <trkpt lat="43.7245483" lon="4.7844907">
        <ele>42.16768300479028</ele>
      </trkpt>
      <trkpt lat="43.7245736" lon="4.7845418">
        <ele>42.6110416384086</ele>
      </trkpt>
      <trkpt lat="43.7247192" lon="4.7848389">
        <ele>43.87729003516391</ele>
      </trkpt>
      <trkpt lat="43.7247685" lon="4.7849885">
        <ele>44.74370275998654</ele>
      </trkpt>
      <trkpt lat="43.7247985" lon="4.7851131">
        <ele>44.61359386400723</ele>
      </trkpt>
      <trkpt lat="43.724811" lon="4.7852374">
        <ele>44.40725705598377</ele>
      </trkpt>
      <trkpt lat="43.7248144" lon="4.7853253">
        <ele>43.87985118719935</ele>
      </trkpt>
      <trkpt lat="43.7248063" lon="4.7854463">
        <ele>42.758229902410875</ele>
      </trkpt>
      <trkpt lat="43.724788" lon="4.7855586">
        <ele>41.74128000001292</ele>
      </trkpt>
      <trkpt lat="43.7246347" lon="4.7860872">
        <ele>39.42828208638962</ele>
      </trkpt>
      <trkpt lat="43.7245405" lon="4.7863647">
        <ele>38.45973547200953</ele>
      </trkpt>
      <trkpt lat="43.7244651" lon="4.7864299">
        <ele>37.79005851041426</ele>
      </trkpt>
      <trkpt lat="43.7242769" lon="4.7864926">
        <ele>36.04695999999785</ele>
      </trkpt>
      <trkpt lat="43.7242279" lon="4.7865266">
        <ele>35.449360000016895</ele>
      </trkpt>
      <trkpt lat="43.7241886" lon="4.7865805">
        <ele>34.77831999998216</ele>
      </trkpt>
      <trkpt lat="43.7241709" lon="4.7866353">
        <ele>34.25631999997677</ele>
      </trkpt>
      <trkpt lat="43.7241221" lon="4.7871862">
        <ele>32.94843414081003</ele>
      </trkpt>
      <trkpt lat="43.724075" lon="4.7876165">
        <ele>33.08939999999848</ele>
      </trkpt>
      <trkpt lat="43.7239959" lon="4.7880676">
        <ele>33.787184006388685</ele>
      </trkpt>
      <trkpt lat="43.7239069" lon="4.7886597">
        <ele>33.1831781872295</ele>
      </trkpt>
      <trkpt lat="43.7238583" lon="4.7890873">
        <ele>33.49404000002596</ele>
      </trkpt>
      <trkpt lat="43.7238576" lon="4.7891109">
        <ele>33.573960000016086</ele>
      </trkpt>
      <trkpt lat="43.723847" lon="4.789468">
        <ele>33.92121215999801</ele>
      </trkpt>
      <trkpt lat="43.7238401" lon="4.7897656">
        <ele>34.64871999997649</ele>
      </trkpt>
      <trkpt lat="43.7238028" lon="4.7900338">
        <ele>34.46412893440981</ele>
      </trkpt>
      <trkpt lat="43.7237999" lon="4.7900548">
        <ele>34.493359379224835</ele>
      </trkpt>
      <trkpt lat="43.7237528" lon="4.7901866">
        <ele>34.36281134079793</ele>
      </trkpt>
      <trkpt lat="43.7236854" lon="4.7903387">
        <ele>33.7436650592074</ele>
      </trkpt>
      <trkpt lat="43.7235947" lon="4.7905543">
        <ele>32.94038591679869</ele>
      </trkpt>
      <trkpt lat="43.7235426" lon="4.7907547">
        <ele>33.47028000000637</ele>
      </trkpt>
      <trkpt lat="43.7235266" lon="4.7909416">
        <ele>33.81434058239921</ele>
      </trkpt>
      <trkpt lat="43.7235116" lon="4.7912171">
        <ele>34.0</ele>
      </trkpt>
      <trkpt lat="43.7234853" lon="4.7920121">
        <ele>31.75644000000011</ele>
      </trkpt>
      <trkpt lat="43.7234646" lon="4.7928782">
        <ele>30.47255999999925</ele>
      </trkpt>
      <trkpt lat="43.7234644" lon="4.792926">
        <ele>30.47183999999106</ele>
      </trkpt>
      <trkpt lat="43.7234701" lon="4.7935806">
        <ele>30.98472000000038</ele>
      </trkpt>
      <trkpt lat="43.723471" lon="4.7938935">
        <ele>31.495600000012928</ele>
      </trkpt>
      <trkpt lat="43.7234821" lon="4.7941986">
        <ele>31.527384044795404</ele>
      </trkpt>
      <trkpt lat="43.7234777" lon="4.7949371">
        <ele>31.0</ele>
      </trkpt>
      <trkpt lat="43.7234769" lon="4.7949645">
        <ele>31.0</ele>
      </trkpt>
      <trkpt lat="43.7234585" lon="4.795586">
        <ele>32.560199999998986</ele>
      </trkpt>
      <trkpt lat="43.7234409" lon="4.7957161">
        <ele>32.96519999999964</ele>
      </trkpt>
      <trkpt lat="43.7234386" lon="4.7957329">
        <ele>33.01740000000518</ele>
      </trkpt>
      <trkpt lat="43.7234057" lon="4.7959771">
        <ele>34.160805268800836</ele>
      </trkpt>
      <trkpt lat="43.7232954" lon="4.7969666">
        <ele>35.783679999991364</ele>
      </trkpt>
      <trkpt lat="43.7232739" lon="4.7971067">
        <ele>35.20192000000998</ele>
      </trkpt>
      <trkpt lat="43.7232644" lon="4.7971793">
        <ele>34.90635999999313</ele>
      </trkpt>
      <trkpt lat="43.7232267" lon="4.7975523">
        <ele>34.65984614718993</ele>
      </trkpt>
      <trkpt lat="43.7231845" lon="4.7979512">
        <ele>34.727110656018056</ele>
      </trkpt>
      <trkpt lat="43.7231626" lon="4.7982851">
        <ele>34.45227391040808</ele>
      </trkpt>
      <trkpt lat="43.7231497" lon="4.7985224">
        <ele>35.469517491202815</ele>
      </trkpt>
      <trkpt lat="43.7231605" lon="4.7986062">
        <ele>35.97131950400004</ele>
      </trkpt>
      <trkpt lat="43.7231438" lon="4.7986812">
        <ele>36.332477017601796</ele>
      </trkpt>
      <trkpt lat="43.7231126" lon="4.798727">
        <ele>36.50287619200257</ele>
      </trkpt>
      <trkpt lat="43.7230944" lon="4.7987577">
        <ele>36.60151636480319</ele>
      </trkpt>
      <trkpt lat="43.7231559" lon="4.7998005">
        <ele>37.4630374320083</ele>
      </trkpt>
      <trkpt lat="43.7231879" lon="4.8003352">
        <ele>37.952879999994366</ele>
      </trkpt>
      <trkpt lat="43.7232254" lon="4.8007248">
        <ele>37.850341836783734</ele>
      </trkpt>
      <trkpt lat="43.7232465" lon="4.8011687">
        <ele>37.62259176800869</ele>
      </trkpt>
      <trkpt lat="43.7232333" lon="4.8016607">
        <ele>36.65362462238791</ele>
      </trkpt>
      <trkpt lat="43.72321" lon="4.801879">
        <ele>36.2166064000113</ele>
      </trkpt>
      <trkpt lat="43.7231491" lon="4.8024494">
        <ele>36.54242420159941</ele>
      </trkpt>
      <trkpt lat="43.7231213" lon="4.8026347">
        <ele>37.24823999998944</ele>
      </trkpt>
      <trkpt lat="43.7231076" lon="4.8027079">
        <ele>37.561080000003585</ele>
      </trkpt>
      <trkpt lat="43.7229591" lon="4.8033097">
        <ele>37.68230317919064</ele>
      </trkpt>
      <trkpt lat="43.7229525" lon="4.8033391">
        <ele>37.61594195999416</ele>
      </trkpt>
      <trkpt lat="43.7229161" lon="4.8034997">
        <ele>37.199721796799096</ele>
      </trkpt>
      <trkpt lat="43.7229109" lon="4.8035227">
        <ele>37.15253250720204</ele>
      </trkpt>
      <trkpt lat="43.7228751" lon="4.8036805">
        <ele>36.91248007199764</ele>
      </trkpt>
      <trkpt lat="43.7228349" lon="4.8038579">
        <ele>36.817301198392855</ele>
      </trkpt>
      <trkpt lat="43.722825" lon="4.8039016">
        <ele>36.82999999999902</ele>
      </trkpt>
      <trkpt lat="43.7226725" lon="4.8045678">
        <ele>36.83169368000239</ele>
      </trkpt>
      <trkpt lat="43.7226444" lon="4.8046976">
        <ele>36.562401382400544</ele>
      </trkpt>
      <trkpt lat="43.7225984" lon="4.8049088">
        <ele>36.35424000000921</ele>
      </trkpt>
      <trkpt lat="43.722578" lon="4.8050025">
        <ele>36.27432719999592</ele>
      </trkpt>
      <trkpt lat="43.722483" lon="4.8054394">
        <ele>35.60743139200487</ele>
      </trkpt>
      <trkpt lat="43.722461" lon="4.8055421">
        <ele>35.958360976000286</ele>
      </trkpt>
      <trkpt lat="43.7224023" lon="4.8058054">
        <ele>36.899439999998776</ele>
      </trkpt>
      <trkpt lat="43.7222432" lon="4.8064826">
        <ele>38.02547742720145</ele>
      </trkpt>
      <trkpt lat="43.7221643" lon="4.8067945">
        <ele>38.208519999989676</ele>
      </trkpt>
      <trkpt lat="43.722114" lon="4.8069838">
        <ele>38.38960000000816</ele>
      </trkpt>
      <trkpt lat="43.7220348" lon="4.8072037">
        <ele>38.674719999989065</ele>
      </trkpt>
      <trkpt lat="43.7217397" lon="4.8078308">
        <ele>38.80912000000126</ele>
      </trkpt>
      <trkpt lat="43.7217037" lon="4.8079059">
        <ele>38.53876000000082</ele>
      </trkpt>
      <trkpt lat="43.7213387" lon="4.8086617">
        <ele>38.0</ele>
      </trkpt>
      <trkpt lat="43.7211409" lon="4.8090712">
        <ele>38.07038375680406</ele>
      </trkpt>
      <trkpt lat="43.7211249" lon="4.8091038">
        <ele>38.03840547519872</ele>
      </trkpt>
      <trkpt lat="43.7210306" lon="4.8092961">
        <ele>38.330906153598455</ele>
      </trkpt>
      <trkpt lat="43.7209833" lon="4.8093959">
        <ele>38.44553057120128</ele>
      </trkpt>
      <trkpt lat="43.7208037" lon="4.8097569">
        <ele>37.89331999999149</ele>
      </trkpt>
      <trkpt lat="43.7205859" lon="4.8101658">
        <ele>37.109240000011596</ele>
      </trkpt>
      <trkpt lat="43.720518" lon="4.8103019">
        <ele>37.08683999999948</ele>
      </trkpt>
      <trkpt lat="43.7204481" lon="4.8104433">
        <ele>37.59588000000076</ele>
      </trkpt>
      <trkpt lat="43.7202315" lon="4.8108525">
        <ele>37.890904599989526</ele>
      </trkpt>
      <trkpt lat="43.719967" lon="4.8112325">
        <ele>37.0</ele>
      </trkpt>
      <trkpt lat="43.7197062" lon="4.8115615">
        <ele>36.356762351996856</ele>
      </trkpt>
      <trkpt lat="43.7196276" lon="4.8116389">
        <ele>36.065909625600625</ele>
      </trkpt>
      <trkpt lat="43.7195738" lon="4.8117923">
        <ele>36.0</ele>
      </trkpt>
      <trkpt lat="43.719661" lon="4.813044">
        <ele>39.0</ele>
      </trkpt>
      <trkpt lat="43.7196737" lon="4.813566">
        <ele>37.67900803200832</ele>
      </trkpt>
      <trkpt lat="43.7196966" lon="4.8145018">
        <ele>41.18743428480025</ele>
      </trkpt>
      <trkpt lat="43.719711" lon="4.8148202">
        <ele>41.945350111983615</ele>
      </trkpt>
      <trkpt lat="43.7197681" lon="4.8152298">
        <ele>41.00755999998864</ele>
      </trkpt>
      <trkpt lat="43.7198117" lon="4.8155437">
        <ele>39.0716119183991</ele>
      </trkpt>
      <trkpt lat="43.7198287" lon="4.8159516">
        <ele>36.765159999997195</ele>
      </trkpt>
      <trkpt lat="43.7199819" lon="4.8196363">
        <ele>31.914684708802255</ele>
      </trkpt>
      <trkpt lat="43.7200151" lon="4.8199539">
        <ele>32.1177415855825</ele>
      </trkpt>
      <trkpt lat="43.7194248" lon="4.8208691">
        <ele>30.796945907187876</ele>
      </trkpt>
      <trkpt lat="43.718336" lon="4.822459">
        <ele>27.019200000005185</ele>
      </trkpt>
      <trkpt lat="43.7181388" lon="4.8228043">
        <ele>26.261426892793622</ele>
      </trkpt>
      <trkpt lat="43.7180221" lon="4.8230382">
        <ele>24.934514908795144</ele>
      </trkpt>
      <trkpt lat="43.7179597" lon="4.8232443">
        <ele>24.42044504160931</ele>
      </trkpt>
      <trkpt lat="43.7179214" lon="4.8234169">
        <ele>24.1793736864093</ele>
      </trkpt>
      <trkpt lat="43.7178349" lon="4.8240992">
        <ele>25.20563999999922</ele>
      </trkpt>
      <trkpt lat="43.7178223" lon="4.8242388">
        <ele>25.378338489603752</ele>
      </trkpt>
      <trkpt lat="43.7178135" lon="4.8243361">
        <ele>25.660119143997896</ele>
      </trkpt>
      <trkpt lat="43.7174366" lon="4.8243524">
        <ele>25.0</ele>
      </trkpt>
      <trkpt lat="43.7169442" lon="4.8243417">
        <ele>23.998794505601797</ele>
      </trkpt>
      <trkpt lat="43.7163905" lon="4.8243736">
        <ele>22.744960000001356</ele>
      </trkpt>
      <trkpt lat="43.7156221" lon="4.8244222">
        <ele>21.919919999999365</ele>
      </trkpt>
      <trkpt lat="43.7154755" lon="4.8246955">
        <ele>21.068475159999437</ele>
      </trkpt>
      <trkpt lat="43.7154502" lon="4.8247337">
        <ele>21.0</ele>
      </trkpt>
      <trkpt lat="43.7153902" lon="4.8248242">
        <ele>21.0</ele>
      </trkpt>
      <trkpt lat="43.7152809" lon="4.8247977">
        <ele>21.0</ele>
      </trkpt>
      <trkpt lat="43.713971" lon="4.8246125">
        <ele>17.7217620000006</ele>
      </trkpt>
      <trkpt lat="43.7126298" lon="4.8256816">
        <ele>18.146592972817842</ele>
      </trkpt>
      <trkpt lat="43.7125368" lon="4.8257571">
        <ele>17.361082188822756</ele>
      </trkpt>
      <trkpt lat="43.7109424" lon="4.8270655">
        <ele>15.828440000000683</ele>
      </trkpt>
      <trkpt lat="43.7097909" lon="4.8280005">
        <ele>15.247240000005604</ele>
      </trkpt>
      <trkpt lat="43.7090303" lon="4.8278983">
        <ele>17.057039999992412</ele>
      </trkpt>
      <trkpt lat="43.708907" lon="4.8279141">
        <ele>17.444039999987126</ele>
      </trkpt>
      <trkpt lat="43.7087713" lon="4.8280375">
        <ele>16.64168000000882</ele>
      </trkpt>
      <trkpt lat="43.7085464" lon="4.8283809">
        <ele>14.595800000010513</ele>
      </trkpt>
      <trkpt lat="43.7084637" lon="4.8284515">
        <ele>14.043920000010985</ele>
      </trkpt>
      <trkpt lat="43.7085419" lon="4.8288433">
        <ele>14.37845213920084</ele>
      </trkpt>
      <trkpt lat="43.7085661" lon="4.8291214">
        <ele>15.512959999990471</ele>
      </trkpt>
      <trkpt lat="43.7085344" lon="4.829443">
        <ele>16.167756031976758</ele>
      </trkpt>
      <trkpt lat="43.7085429" lon="4.8297107">
        <ele>16.9864658287655</ele>
      </trkpt>
      <trkpt lat="43.7086549" lon="4.8300655">
        <ele>16.3947599999874</ele>
      </trkpt>
      <trkpt lat="43.7088697" lon="4.8306083">
        <ele>17.805876910410834</ele>
      </trkpt>
      <trkpt lat="43.7089497" lon="4.8308104">
        <ele>18.23699403519256</ele>
      </trkpt>
      <trkpt lat="43.7089767" lon="4.8309217">
        <ele>18.31612000000314</ele>
      </trkpt>
      <trkpt lat="43.709046" lon="4.8312071">
        <ele>18.761048736004174</ele>
      </trkpt>
      <trkpt lat="43.7092535" lon="4.8318483">
        <ele>21.25040000003719</ele>
      </trkpt>
      <trkpt lat="43.7093366" lon="4.8321213">
        <ele>22.447040000004563</ele>
      </trkpt>
      <trkpt lat="43.7093908" lon="4.8325009">
        <ele>23.226894291218308</ele>
      </trkpt>
      <trkpt lat="43.7094641" lon="4.8328758">
        <ele>23.90519021117496</ele>
      </trkpt>
      <trkpt lat="43.7096042" lon="4.8332721">
        <ele>23.614580547214135</ele>
      </trkpt>
      <trkpt lat="43.709715" lon="4.8336352">
        <ele>23.809280000041326</ele>
      </trkpt>
      <trkpt lat="43.7097984" lon="4.833953">
        <ele>23.92945459195218</ele>
      </trkpt>
      <trkpt lat="43.7098251" lon="4.8340635">
        <ele>24.085648296053932</ele>
      </trkpt>
      <trkpt lat="43.7098327" lon="4.8341448">
        <ele>24.03601148159574</ele>
      </trkpt>
      <trkpt lat="43.7098249" lon="4.8342638">
        <ele>23.977455715219477</ele>
      </trkpt>
      <trkpt lat="43.7098081" lon="4.8343529">
        <ele>23.75307323032902</ele>
      </trkpt>
      <trkpt lat="43.7097596" lon="4.8344845">
        <ele>22.807359999958862</ele>
      </trkpt>
      <trkpt lat="43.709735" lon="4.8346283">
        <ele>22.276000000042586</ele>
      </trkpt>
      <trkpt lat="43.7097977" lon="4.8347302">
        <ele>23.651236201661035</ele>
      </trkpt>
      <trkpt lat="43.7099084" lon="4.8348987">
        <ele>26.230943123265554</ele>
      </trkpt>
      <trkpt lat="43.7099867" lon="4.8350427">
        <ele>27.61424011363111</ele>
      </trkpt>
      <trkpt lat="43.7100467" lon="4.8352374">
        <ele>27.793402076793402</ele>
      </trkpt>
      <trkpt lat="43.7100624" lon="4.8353022">
        <ele>27.898559999974168</ele>
      </trkpt>
      <trkpt lat="43.7100948" lon="4.8354357">
        <ele>28.365120000004026</ele>
      </trkpt>
      <trkpt lat="43.7101079" lon="4.8356408">
        <ele>28.860639999957584</ele>
      </trkpt>
      <trkpt lat="43.7101474" lon="4.8358857">
        <ele>30.1225599999525</ele>
      </trkpt>
      <trkpt lat="43.7101979" lon="4.8361659">
        <ele>30.314758334360008</ele>
      </trkpt>
      <trkpt lat="43.7102548" lon="4.8363785">
        <ele>28.860946272010665</ele>
      </trkpt>
      <trkpt lat="43.7103727" lon="4.8368077">
        <ele>28.361603843209533</ele>
      </trkpt>
      <trkpt lat="43.7106908" lon="4.838497">
        <ele>27.14753030402938</ele>
      </trkpt>
      <trkpt lat="43.71075" lon="4.8386478">
        <ele>27.7075439999615</ele>
      </trkpt>
      <trkpt lat="43.710728" lon="4.83867">
        <ele>27.351590400044465</ele>
      </trkpt>
      <trkpt lat="43.7106966" lon="4.8387361">
        <ele>26.802568310381687</ele>
      </trkpt>
      <trkpt lat="43.71069" lon="4.83875">
        <ele>26.693999999994737</ele>
      </trkpt>
      <trkpt lat="43.710667" lon="4.838865">
        <ele>26.238103200008908</ele>
      </trkpt>
      <trkpt lat="43.710655" lon="4.839016">
        <ele>26.074000000029173</ele>
      </trkpt>
      <trkpt lat="43.710648" lon="4.83956">
        <ele>27.41439999998829</ele>
      </trkpt>
      <trkpt lat="43.7106011" lon="4.8399871">
        <ele>27.648225697572546</ele>
      </trkpt>
      <trkpt lat="43.7106494" lon="4.8400363">
        <ele>28.26482893121645</ele>
      </trkpt>
      <trkpt lat="43.7106594" lon="4.8401569">
        <ele>28.141679785554672</ele>
      </trkpt>
      <trkpt lat="43.7106467" lon="4.8403566">
        <ele>27.64059999996425</ele>
      </trkpt>
      <trkpt lat="43.7106276" lon="4.8404948">
        <ele>27.296800000041003</ele>
      </trkpt>
      <trkpt lat="43.7105704" lon="4.8407687">
        <ele>26.993514419225534</ele>
      </trkpt>
      <trkpt lat="43.7104632" lon="4.8413039">
        <ele>26.335039999996297</ele>
      </trkpt>
      <trkpt lat="43.7104069" lon="4.8416142">
        <ele>26.30672102082533</ele>
      </trkpt>
      <trkpt lat="43.710377" lon="4.8418114">
        <ele>26.443830976016606</ele>
      </trkpt>
      <trkpt lat="43.7103752" lon="4.8420501">
        <ele>27.133960000023762</ele>
      </trkpt>
      <trkpt lat="43.7104069" lon="4.842373">
        <ele>29.15748484804059</ele>
      </trkpt>
      <trkpt lat="43.7104306" lon="4.8427926">
        <ele>30.0763165376162</ele>
      </trkpt>
      <trkpt lat="43.7104778" lon="4.8432688">
        <ele>30.927919999995083</ele>
      </trkpt>
      <trkpt lat="43.7105259" lon="4.8435803">
        <ele>32.47388181920557</ele>
      </trkpt>
      <trkpt lat="43.7105595" lon="4.8437826">
        <ele>33.70799348804955</ele>
      </trkpt>
      <trkpt lat="43.7106303" lon="4.8439685">
        <ele>35.74684334396537</ele>
      </trkpt>
      <trkpt lat="43.7106994" lon="4.8440577">
        <ele>37.08535655044999</ele>
      </trkpt>
      <trkpt lat="43.7107538" lon="4.8441306">
        <ele>37.91020842238618</ele>
      </trkpt>
      <trkpt lat="43.710762" lon="4.8442273">
        <ele>38.19108000003598</ele>
      </trkpt>
      <trkpt lat="43.7107602" lon="4.8443957">
        <ele>38.77140000004056</ele>
      </trkpt>
      <trkpt lat="43.7107529" lon="4.8445313">
        <ele>39.59872075844441</ele>
      </trkpt>
      <trkpt lat="43.7107175" lon="4.8450188">
        <ele>41.56568000002517</ele>
      </trkpt>
      <trkpt lat="43.710693" lon="4.8452914">
        <ele>42.091655007979256</ele>
      </trkpt>
      <trkpt lat="43.7106621" lon="4.8455062">
        <ele>43.45291094080756</ele>
      </trkpt>
      <trkpt lat="43.7105695" lon="4.8459748">
        <ele>47.19472585597484</ele>
      </trkpt>
      <trkpt lat="43.7105123" lon="4.846304">
        <ele>48.549656063957016</ele>
      </trkpt>
      <trkpt lat="43.7104405" lon="4.8468618">
        <ele>48.50824721594667</ele>
      </trkpt>
      <trkpt lat="43.7104487" lon="4.8471017">
        <ele>49.860495041607614</ele>
      </trkpt>
      <trkpt lat="43.7103706" lon="4.847544">
        <ele>49.49503999996341</ele>
      </trkpt>
      <trkpt lat="43.7103134" lon="4.8480402">
        <ele>50.45767999995405</ele>
      </trkpt>
      <trkpt lat="43.7102526" lon="4.8484761">
        <ele>52.151399999955174</ele>
      </trkpt>
      <trkpt lat="43.710248" lon="4.8490151">
        <ele>51.736892608000225</ele>
      </trkpt>
      <trkpt lat="43.7102497" lon="4.8490962">
        <ele>51.722401974385285</ele>
      </trkpt>
      <trkpt lat="43.7102507" lon="4.8491407">
        <ele>51.716672430433185</ele>
      </trkpt>
      <trkpt lat="43.7102299" lon="4.8493191">
        <ele>51.48292000001766</ele>
      </trkpt>
      <trkpt lat="43.7102235" lon="4.8495277">
        <ele>51.472365287979216</ele>
      </trkpt>
      <trkpt lat="43.7101145" lon="4.8499623">
        <ele>51.18065621603122</ele>
      </trkpt>
      <trkpt lat="43.7101119" lon="4.8500182">
        <ele>51.274040000012974</ele>
      </trkpt>
      <trkpt lat="43.7101045" lon="4.8501759">
        <ele>51.76183999999921</ele>
      </trkpt>
      <trkpt lat="43.7100755" lon="4.8505704">
        <ele>53.92228000002069</ele>
      </trkpt>
      <trkpt lat="43.7100328" lon="4.8510604">
        <ele>56.17168000000356</ele>
      </trkpt>
      <trkpt lat="43.710026" lon="4.8511392">
        <ele>56.38191999999253</ele>
      </trkpt>
      <trkpt lat="43.7100128" lon="4.8512915">
        <ele>56.78764000001502</ele>
      </trkpt>
      <trkpt lat="43.7100074" lon="4.8514963">
        <ele>57.07992000002196</ele>
      </trkpt>
      <trkpt lat="43.7099847" lon="4.8519561">
        <ele>57.9341111567971</ele>
      </trkpt>
      <trkpt lat="43.7099429" lon="4.8524172">
        <ele>59.35207332480762</ele>
      </trkpt>
      <trkpt lat="43.709952" lon="4.85248">
        <ele>59.59484160000813</ele>
      </trkpt>
      <trkpt lat="43.7099829" lon="4.8525089">
        <ele>59.90892000000031</ele>
      </trkpt>
      <trkpt lat="43.7100437" lon="4.8525038">
        <ele>60.32831999999962</ele>
      </trkpt>
      <trkpt lat="43.71013" lon="4.8525164">
        <ele>60.9950399999957</ele>
      </trkpt>
      <trkpt lat="43.710189" lon="4.8525453">
        <ele>61.523879999998826</ele>
      </trkpt>
      <trkpt lat="43.7102517" lon="4.8525327">
        <ele>61.92996000000585</ele>
      </trkpt>
      <trkpt lat="43.710416" lon="4.8525101">
        <ele>62.036359999999604</ele>
      </trkpt>
      <trkpt lat="43.7105386" lon="4.8525792">
        <ele>62.28512000000046</ele>
      </trkpt>
      <trkpt lat="43.7106013" lon="4.8526471">
        <ele>62.277672059198906</ele>
      </trkpt>
      <trkpt lat="43.7106803" lon="4.8526948">
        <ele>61.93726917760035</ele>
      </trkpt>
      <trkpt lat="43.710815" lon="4.852906">
        <ele>61.19293120003527</ele>
      </trkpt>
      <trkpt lat="43.71077" lon="4.852999">
        <ele>61.819158400043804</ele>
      </trkpt>
      <trkpt lat="43.7107536" lon="4.8532309">
        <ele>63.41064000004462</ele>
      </trkpt>
      <trkpt lat="43.7107679" lon="4.8534156">
        <ele>64.60432344959223</ele>
      </trkpt>
      <trkpt lat="43.7108095" lon="4.8536342">
        <ele>65.66409660794052</ele>
      </trkpt>
      <trkpt lat="43.7108429" lon="4.8538419">
        <ele>67.2000376111109</ele>
      </trkpt>
      <trkpt lat="43.7108576" lon="4.8541003">
        <ele>68.10781589767748</ele>
      </trkpt>
      <trkpt lat="43.7108496" lon="4.8543688">
        <ele>68.71791882234527</ele>
      </trkpt>
      <trkpt lat="43.7108486" lon="4.8546185">
        <ele>69.96448412802823</ele>
      </trkpt>
      <trkpt lat="43.71087" lon="4.8547756">
        <ele>70.37479488000248</ele>
      </trkpt>
      <trkpt lat="43.71088" lon="4.854846">
        <ele>70.36273919992965</ele>
      </trkpt>
      <trkpt lat="43.710964" lon="4.85526">
        <ele>68.70720000007532</ele>
      </trkpt>
      <trkpt lat="43.710987" lon="4.855421">
        <ele>68.58834015991668</ele>
      </trkpt>
      <trkpt lat="43.710999" lon="4.855588">
        <ele>68.5155999999638</ele>
      </trkpt>
      <trkpt lat="43.71101" lon="4.855937">
        <ele>66.90279999994709</ele>
      </trkpt>
      <trkpt lat="43.710983" lon="4.8567229">
        <ele>66.97983467204581</ele>
      </trkpt>
      <trkpt lat="43.7109268" lon="4.8575551">
        <ele>66.97167999990643</ele>
      </trkpt>
      <trkpt lat="43.710907" lon="4.858103">
        <ele>68.09449616003269</ele>
      </trkpt>
      <trkpt lat="43.710899" lon="4.858281">
        <ele>69.11226224005989</ele>
      </trkpt>
      <trkpt lat="43.710896" lon="4.858778">
        <ele>68.63234048002234</ele>
      </trkpt>
      <trkpt lat="43.710884" lon="4.858916">
        <ele>68.19560448000185</ele>
      </trkpt>
      <trkpt lat="43.710824" lon="4.8591174">
        <ele>66.72772070395399</ele>
      </trkpt>
      <trkpt lat="43.7107648" lon="4.8592374">
        <ele>66.7825656576087</ele>
      </trkpt>
      <trkpt lat="43.7107042" lon="4.8593365">
        <ele>66.71379710396235</ele>
      </trkpt>
      <trkpt lat="43.7105748" lon="4.8595016">
        <ele>66.38063999996484</ele>
      </trkpt>
      <trkpt lat="43.7104584" lon="4.8597048">
        <ele>65.51907389439631</ele>
      </trkpt>
      <trkpt lat="43.710426" lon="4.859827">
        <ele>64.88792608000857</ele>
      </trkpt>
      <trkpt lat="43.7102686" lon="4.8597362">
        <ele>65.91830257279601</ele>
      </trkpt>
      <trkpt lat="43.7101929" lon="4.8596926">
        <ele>66.05583016321482</ele>
      </trkpt>
      <trkpt lat="43.709953" lon="4.85959">
        <ele>65.36386079998428</ele>
      </trkpt>
      <trkpt lat="43.709881" lon="4.859546">
        <ele>64.71182304003773</ele>
      </trkpt>
      <trkpt lat="43.709663" lon="4.859377">
        <ele>62.338235039985165</ele>
      </trkpt>
      <trkpt lat="43.709576" lon="4.859331">
        <ele>61.08781823997499</ele>
      </trkpt>
      <trkpt lat="43.70932" lon="4.85925">
        <ele>57.47679999997824</ele>
      </trkpt>
      <trkpt lat="43.709244" lon="4.859244">
        <ele>56.51538687998011</ele>
      </trkpt>
      <trkpt lat="43.709175" lon="4.859261">
        <ele>55.778824000023796</ele>
      </trkpt>
      <trkpt lat="43.709118" lon="4.859303">
        <ele>55.80639999998584</ele>
      </trkpt>
      <trkpt lat="43.709076" lon="4.859365">
        <ele>56.10160000001406</ele>
      </trkpt>
      <trkpt lat="43.7090401" lon="4.8594766">
        <ele>56.54436000001033</ele>
      </trkpt>
      <trkpt lat="43.709018" lon="4.8595521">
        <ele>56.46480000000156</ele>
      </trkpt>
      <trkpt lat="43.708794" lon="4.860329">
        <ele>57.0</ele>
      </trkpt>
      <trkpt lat="43.708725" lon="4.860519">
        <ele>57.0</ele>
      </trkpt>
      <trkpt lat="43.708691" lon="4.860596">
        <ele>57.0</ele>
      </trkpt>
      <trkpt lat="43.708649" lon="4.860644">
        <ele>57.0</ele>
      </trkpt>
      <trkpt lat="43.7086301" lon="4.8607421">
        <ele>57.0</ele>
      </trkpt>
      <trkpt lat="43.7085937" lon="4.8609311">
        <ele>56.977939147201894</ele>
      </trkpt>
      <trkpt lat="43.7084371" lon="4.861574">
        <ele>56.33359999999993</ele>
      </trkpt>
      <trkpt lat="43.7083196" lon="4.8621921">
        <ele>54.10307872640243</ele>
      </trkpt>
      <trkpt lat="43.7083052" lon="4.8622681">
        <ele>53.83484000000135</ele>
      </trkpt>
      <trkpt lat="43.7082028" lon="4.8632265">
        <ele>51.240891232013794</ele>
      </trkpt>
      <trkpt lat="43.7081229" lon="4.8642983">
        <ele>50.12588746719503</ele>
      </trkpt>
      <trkpt lat="43.708087" lon="4.865221">
        <ele>49.33959999998979</ele>
      </trkpt>
      <trkpt lat="43.7080866" lon="4.8654872">
        <ele>49.3352800000157</ele>
      </trkpt>
      <trkpt lat="43.7080504" lon="4.8656419">
        <ele>48.65780919038534</ele>
      </trkpt>
      <trkpt lat="43.7080803" lon="4.8657695">
        <ele>48.428430583991876</ele>
      </trkpt>
      <trkpt lat="43.7081102" lon="4.8658972">
        <ele>48.34821013760061</ele>
      </trkpt>
      <trkpt lat="43.7081609" lon="4.8665203">
        <ele>48.37924000001021</ele>
      </trkpt>
      <trkpt lat="43.7084743" lon="4.8690717">
        <ele>48.85642273758607</ele>
      </trkpt>
      <trkpt lat="43.7085702" lon="4.8701656">
        <ele>48.7054399999779</ele>
      </trkpt>
      <trkpt lat="43.70854" lon="4.8704897">
        <ele>48.48799999999483</ele>
      </trkpt>
      <trkpt lat="43.7085018" lon="4.87068">
        <ele>48.56555392000217</ele>
      </trkpt>
      <trkpt lat="43.7084393" lon="4.8708939">
        <ele>49.218040000001565</ele>
      </trkpt>
      <trkpt lat="43.7084013" lon="4.8711282">
        <ele>50.0</ele>
      </trkpt>
      <trkpt lat="43.7081114" lon="4.8724704">
        <ele>46.423502822399776</ele>
      </trkpt>
      <trkpt lat="43.708017" lon="4.8728811">
        <ele>46.320331951996955</ele>
      </trkpt>
      <trkpt lat="43.7079542" lon="4.8732474">
        <ele>47.07375927682059</ele>
      </trkpt>
      <trkpt lat="43.7078757" lon="4.8736246">
        <ele>47.770718371219</ele>
      </trkpt>
      <trkpt lat="43.7076454" lon="4.8745657">
        <ele>48.53027999995538</ele>
      </trkpt>
      <trkpt lat="43.70764" lon="4.8746857">
        <ele>48.884519999967324</ele>
      </trkpt>
      <trkpt lat="43.7076285" lon="4.8749422">
        <ele>50.067897807979364</ele>
      </trkpt>
      <trkpt lat="43.7076579" lon="4.8757052">
        <ele>52.136880000007295</ele>
      </trkpt>
      <trkpt lat="43.7076658" lon="4.8758012">
        <ele>52.19376000000648</ele>
      </trkpt>
      <trkpt lat="43.7077328" lon="4.8766202">
        <ele>51.843440000017836</ele>
      </trkpt>
      <trkpt lat="43.7077741" lon="4.876953">
        <ele>51.01756000000751</ele>
      </trkpt>
      <trkpt lat="43.7078201" lon="4.8775439">
        <ele>53.90144102559016</ele>
      </trkpt>
      <trkpt lat="43.7078571" lon="4.8784088">
        <ele>57.14223999997557</ele>
      </trkpt>
      <trkpt lat="43.7078605" lon="4.878704">
        <ele>57.091615680032774</ele>
      </trkpt>
      <trkpt lat="43.7078268" lon="4.8790514">
        <ele>55.94439999999395</ele>
      </trkpt>
      <trkpt lat="43.7077719" lon="4.8794441">
        <ele>53.91659999996364</ele>
      </trkpt>
      <trkpt lat="43.7077515" lon="4.8797252">
        <ele>52.72692000000643</ele>
      </trkpt>
      <trkpt lat="43.7077436" lon="4.8800899">
        <ele>53.63088000000698</ele>
      </trkpt>
      <trkpt lat="43.7077452" lon="4.8810228">
        <ele>53.17025131516925</ele>
      </trkpt>
      <trkpt lat="43.7077692" lon="4.8814944">
        <ele>53.89993891841545</ele>
      </trkpt>
      <trkpt lat="43.7077684" lon="4.8819592">
        <ele>53.88115333119371</ele>
      </trkpt>
      <trkpt lat="43.7077814" lon="4.8824929">
        <ele>53.01337330240635</ele>
      </trkpt>
      <trkpt lat="43.7078037" lon="4.8827593">
        <ele>53.180432353596395</ele>
      </trkpt>
      <trkpt lat="43.7078747" lon="4.8833394">
        <ele>54.985780412800494</ele>
      </trkpt>
      <trkpt lat="43.7080665" lon="4.8834902">
        <ele>55.03940000000375</ele>
      </trkpt>
      <trkpt lat="43.708191" lon="4.883599">
        <ele>55.487599999997656</ele>
      </trkpt>
      <trkpt lat="43.7082677" lon="4.8837062">
        <ele>55.763720000001285</ele>
      </trkpt>
      <trkpt lat="43.708317" lon="4.883775">
        <ele>55.94120000000339</ele>
      </trkpt>
      <trkpt lat="43.708473" lon="4.883955">
        <ele>55.497200000007524</ele>
      </trkpt>
      <trkpt lat="43.708641" lon="4.884174">
        <ele>54.91595935999908</ele>
      </trkpt>
      <trkpt lat="43.70882" lon="4.884389">
        <ele>54.446499199980934</ele>
      </trkpt>
      <trkpt lat="43.708923" lon="4.884491">
        <ele>54.269818719994916</ele>
      </trkpt>
      <trkpt lat="43.709145" lon="4.884676">
        <ele>54.98702079999966</ele>
      </trkpt>
      <trkpt lat="43.709572" lon="4.885075">
        <ele>55.66478399999554</ele>
      </trkpt>
      <trkpt lat="43.709637" lon="4.885145">
        <ele>55.668650399997844</ele>
      </trkpt>
      <trkpt lat="43.709919" lon="4.885512">
        <ele>57.3057228799966</ele>
      </trkpt>
      <trkpt lat="43.71003" lon="4.885641">
        <ele>58.216000000023996</ele>
      </trkpt>
      <trkpt lat="43.71051" lon="4.88609">
        <ele>61.67199999999502</ele>
      </trkpt>
      <trkpt lat="43.7106489" lon="4.8861936">
        <ele>62.572289561614454</ele>
      </trkpt>
      <trkpt lat="43.710754" lon="4.886272">
        <ele>63.01501952000776</ele>
      </trkpt>
      <trkpt lat="43.7108169" lon="4.8863294">
        <ele>63.14233029438878</ele>
      </trkpt>
      <trkpt lat="43.710915" lon="4.886419">
        <ele>63.0</ele>
      </trkpt>
      <trkpt lat="43.71101" lon="4.886476">
        <ele>63.0</ele>
      </trkpt>
      <trkpt lat="43.71106" lon="4.886485">
        <ele>63.0</ele>
      </trkpt>
      <trkpt lat="43.711109" lon="4.886478">
        <ele>63.0</ele>
      </trkpt>
      <trkpt lat="43.711159" lon="4.886455">
        <ele>63.131368800005944</ele>
      </trkpt>
      <trkpt lat="43.711319" lon="4.8863">
        <ele>64.14891200000619</ele>
      </trkpt>
      <trkpt lat="43.71159" lon="4.886087">
        <ele>65.9215568000046</ele>
      </trkpt>
      <trkpt lat="43.711651" lon="4.886046">
        <ele>66.42562016000721</ele>
      </trkpt>
      <trkpt lat="43.71183" lon="4.885965">
        <ele>67.91871199999662</ele>
      </trkpt>
      <trkpt lat="43.711929" lon="4.885909">
        <ele>68.65685455999063</ele>
      </trkpt>
      <trkpt lat="43.711979" lon="4.885871">
        <ele>68.98879999999826</ele>
      </trkpt>
      <trkpt lat="43.712051" lon="4.885778">
        <ele>69.58280000000832</ele>
      </trkpt>
      <trkpt lat="43.712112" lon="4.885654">
        <ele>70.24879999999257</ele>
      </trkpt>
      <trkpt lat="43.7121539" lon="4.8855094">
        <ele>70.83577742719277</ele>
      </trkpt>
      <trkpt lat="43.7121808" lon="4.8854087">
        <ele>71.00855352320009</ele>
      </trkpt>
      <trkpt lat="43.7122913" lon="4.8849589">
        <ele>71.11116530720184</ele>
      </trkpt>
      <trkpt lat="43.712315" lon="4.884856">
        <ele>71.34525440000587</ele>
      </trkpt>
      <trkpt lat="43.712421" lon="4.884527">
        <ele>70.78147632000606</ele>
      </trkpt>
      <trkpt lat="43.712448" lon="4.884374">
        <ele>70.42187391998412</ele>
      </trkpt>
      <trkpt lat="43.712479" lon="4.884103">
        <ele>70.01492751997732</ele>
      </trkpt>
      <trkpt lat="43.712502" lon="4.884017">
        <ele>69.47560000000476</ele>
      </trkpt>
      <trkpt lat="43.7125279" lon="4.8839518">
        <ele>69.42735999998467</ele>
      </trkpt>
      <trkpt lat="43.712585" lon="4.883808">
        <ele>69.23169279998264</ele>
      </trkpt>
      <trkpt lat="43.712692" lon="4.883597">
        <ele>68.67177407999039</ele>
      </trkpt>
      <trkpt lat="43.712776" lon="4.883478">
        <ele>68.52053376000039</ele>
      </trkpt>
      <trkpt lat="43.713005" lon="4.883216">
        <ele>67.57760000000007</ele>
      </trkpt>
      <trkpt lat="43.713493" lon="4.882735">
        <ele>68.48628079999965</ele>
      </trkpt>
      <trkpt lat="43.713703" lon="4.8825">
        <ele>68.33080000001003</ele>
      </trkpt>
      <trkpt lat="43.71386" lon="4.882365">
        <ele>67.92399999998906</ele>
      </trkpt>
      <trkpt lat="43.714081" lon="4.882237">
        <ele>68.48960000000079</ele>
      </trkpt>
      <trkpt lat="43.714184" lon="4.882147">
        <ele>69.2327020800399</ele>
      </trkpt>
      <trkpt lat="43.71431" lon="4.881999">
        <ele>70.64934239997346</ele>
      </trkpt>
      <trkpt lat="43.7143694" lon="4.8819095">
        <ele>71.28133387202851</ele>
      </trkpt>
      <trkpt lat="43.7145257" lon="4.8820055">
        <ele>73.09736000003113</ele>
      </trkpt>
      <trkpt lat="43.714548" lon="4.8820654">
        <ele>73.55384000000731</ele>
      </trkpt>
      <trkpt lat="43.714489" lon="4.8827937">
        <ele>75.32999412800308</ele>
      </trkpt>
      <trkpt lat="43.7144627" lon="4.883137">
        <ele>75.4710908959854</ele>
      </trkpt>
      <trkpt lat="43.7144246" lon="4.8835983">
        <ele>75.85382518720711</ele>
      </trkpt>
      <trkpt lat="43.7144378" lon="4.8836782">
        <ele>75.9463828415906</ele>
      </trkpt>
      <trkpt lat="43.7146478" lon="4.8840469">
        <ele>76.57967638720856</ele>
      </trkpt>
      <trkpt lat="43.7146703" lon="4.8841893">
        <ele>76.54468000001134</ele>
      </trkpt>
      <trkpt lat="43.7147003" lon="4.8843793">
        <ele>76.0766799999783</ele>
      </trkpt>
      <trkpt lat="43.7148801" lon="4.8845736">
        <ele>78.17004000002407</ele>
      </trkpt>
      <trkpt lat="43.7149103" lon="4.8848533">
        <ele>79.65549948959465</ele>
      </trkpt>
      <trkpt lat="43.7151322" lon="4.8850912">
        <ele>82.92814594559228</ele>
      </trkpt>
      <trkpt lat="43.7152629" lon="4.8852718">
        <ele>84.87020738879274</ele>
      </trkpt>
      <trkpt lat="43.715278" lon="4.8852853">
        <ele>85.00079999999252</ele>
      </trkpt>
      <trkpt lat="43.7153161" lon="4.8853172">
        <ele>85.13796000000912</ele>
      </trkpt>
      <trkpt lat="43.715349" lon="4.8853834">
        <ele>85.25640000001204</ele>
      </trkpt>
      <trkpt lat="43.7153477" lon="4.885472">
        <ele>85.25172000000839</ele>
      </trkpt>
      <trkpt lat="43.715347" lon="4.8855166">
        <ele>85.24920000000475</ele>
      </trkpt>
      <trkpt lat="43.7152409" lon="4.8857903">
        <ele>85.84508000000005</ele>
      </trkpt>
      <trkpt lat="43.7151924" lon="4.8862478">
        <ele>86.3518057087999</ele>
      </trkpt>
      <trkpt lat="43.7151465" lon="4.8865158">
        <ele>86.45687999999927</ele>
      </trkpt>
      <trkpt lat="43.715105" lon="4.8868233">
        <ele>87.56387999999879</ele>
      </trkpt>
      <trkpt lat="43.7151449" lon="4.8871892">
        <ele>89.76223999999911</ele>
      </trkpt>
      <trkpt lat="43.7151411" lon="4.8874718">
        <ele>90.88417619842214</ele>
      </trkpt>
      <trkpt lat="43.7151725" lon="4.8881188">
        <ele>90.0</ele>
      </trkpt>
      <trkpt lat="43.7152308" lon="4.8887265">
        <ele>92.6616799999997</ele>
      </trkpt>
      <trkpt lat="43.7153037" lon="4.8891338">
        <ele>94.98604162239806</ele>
      </trkpt>
      <trkpt lat="43.715328" lon="4.8894595">
        <ele>94.94579999999996</ele>
      </trkpt>
      <trkpt lat="43.7153228" lon="4.889478">
        <ele>94.87919999999849</ele>
      </trkpt>
      <trkpt lat="43.7152619" lon="4.8896932">
        <ele>94.04732000000558</ele>
      </trkpt>
      <trkpt lat="43.7152151" lon="4.8901061">
        <ele>92.39240000000746</ele>
      </trkpt>
      <trkpt lat="43.7152134" lon="4.8901214">
        <ele>92.3312000000119</ele>
      </trkpt>
      <trkpt lat="43.7152608" lon="4.8904375">
        <ele>91.39902400000469</ele>
      </trkpt>
      <trkpt lat="43.7153159" lon="4.8908051">
        <ele>90.23888000000215</ele>
      </trkpt>
      <trkpt lat="43.7153482" lon="4.8911729">
        <ele>89.2282070112074</ele>
      </trkpt>
      <trkpt lat="43.7153501" lon="4.8912955">
        <ele>88.68409303200907</ele>
      </trkpt>
      <trkpt lat="43.715339" lon="4.8919563">
        <ele>88.00940667200032</ele>
      </trkpt>
      <trkpt lat="43.7152941" lon="4.8923388">
        <ele>88.05876000000444</ele>
      </trkpt>
      <trkpt lat="43.7151525" lon="4.8932992">
        <ele>88.42612000000872</ele>
      </trkpt>
      <trkpt lat="43.7149898" lon="4.8945133">
        <ele>87.68778215358769</ele>
      </trkpt>
      <trkpt lat="43.714977" lon="4.8947362">
        <ele>86.91303350399087</ele>
      </trkpt>
      <trkpt lat="43.7149971" lon="4.8948686">
        <ele>86.98405853758888</ele>
      </trkpt>
      <trkpt lat="43.7150628" lon="4.895">
        <ele>87.678239999982</ele>
      </trkpt>
      <trkpt lat="43.7152598" lon="4.8953135">
        <ele>88.87055999998847</ele>
      </trkpt>
      <trkpt lat="43.7152903" lon="4.8954636">
        <ele>89.07492656639668</ele>
      </trkpt>
      <trkpt lat="43.7152917" lon="4.8956156">
        <ele>88.83396000000494</ele>
      </trkpt>
      <trkpt lat="43.7152945" lon="4.895933">
        <ele>87.67980023999588</ele>
      </trkpt>
      <trkpt lat="43.7152949" lon="4.8959808">
        <ele>87.49803655680518</ele>
      </trkpt>
      <trkpt lat="43.7153155" lon="4.8960337">
        <ele>87.31652474400151</ele>
      </trkpt>
      <trkpt lat="43.7153623" lon="4.896065">
        <ele>87.2165104800011</ele>
      </trkpt>
      <trkpt lat="43.7157779" lon="4.8961856">
        <ele>86.46368000000075</ele>
      </trkpt>
      <trkpt lat="43.7158894" lon="4.8962376">
        <ele>86.29112000000578</ele>
      </trkpt>
      <trkpt lat="43.7159929" lon="4.8963138">
        <ele>86.11508000001413</ele>
      </trkpt>
      <trkpt lat="43.7160354" lon="4.8963729">
        <ele>85.84256000000823</ele>
      </trkpt>
      <trkpt lat="43.7160543" lon="4.8964001">
        <ele>85.75512000001117</ele>
      </trkpt>
      <trkpt lat="43.7160683" lon="4.8965522">
        <ele>85.25796000001128</ele>
      </trkpt>
      <trkpt lat="43.7160372" lon="4.896766">
        <ele>84.73392000000877</ele>
      </trkpt>
      <trkpt lat="43.7158978" lon="4.8970134">
        <ele>84.6709484607986</ele>
      </trkpt>
      <trkpt lat="43.7157946" lon="4.8973025">
        <ele>86.32929815999876</ele>
      </trkpt>
      <trkpt lat="43.7157356" lon="4.8977456">
        <ele>88.80907714560144</ele>
      </trkpt>
      <trkpt lat="43.7156941" lon="4.8979699">
        <ele>90.7299576335957</ele>
      </trkpt>
      <trkpt lat="43.7155661" lon="4.8986619">
        <ele>95.05184121278327</ele>
      </trkpt>
      <trkpt lat="43.7154668" lon="4.8990117">
        <ele>94.8030800000106</ele>
      </trkpt>
      <trkpt lat="43.7153526" lon="4.8992712">
        <ele>95.18999444481794</ele>
      </trkpt>
      <trkpt lat="43.7152537" lon="4.8996249">
        <ele>96.61927079519775</ele>
      </trkpt>
      <trkpt lat="43.7152481" lon="4.8997246">
        <ele>97.00855999999976</ele>
      </trkpt>
      <trkpt lat="43.7152114" lon="4.9003726">
        <ele>99.34135999999944</ele>
      </trkpt>
      <trkpt lat="43.7152798" lon="4.9012567">
        <ele>101.00381559359538</ele>
      </trkpt>
      <trkpt lat="43.715278" lon="4.9012916">
        <ele>101.00051980799515</ele>
      </trkpt>
      <trkpt lat="43.7152456" lon="4.9019116">
        <ele>104.89305692158864</ele>
      </trkpt>
      <trkpt lat="43.7152233" lon="4.9027785">
        <ele>108.19922991200775</ele>
      </trkpt>
      <trkpt lat="43.7151587" lon="4.9032846">
        <ele>110.68191999997498</ele>
      </trkpt>
      <trkpt lat="43.7151286" lon="4.9034008">
        <ele>111.44739627520003</ele>
      </trkpt>
      <trkpt lat="43.7149956" lon="4.9039134">
        <ele>114.94343999998591</ele>
      </trkpt>
      <trkpt lat="43.7148997" lon="4.9046636">
        <ele>115.37628232322795</ele>
      </trkpt>
      <trkpt lat="43.7148702" lon="4.9048946">
        <ele>116.88570472320234</ele>
      </trkpt>
      <trkpt lat="43.714856" lon="4.9054719">
        <ele>118.88067865601582</ele>
      </trkpt>
      <trkpt lat="43.7147671" lon="4.9061633">
        <ele>122.21823389280314</ele>
      </trkpt>
      <trkpt lat="43.7147414" lon="4.9066764">
        <ele>123.17553916161016</ele>
      </trkpt>
      <trkpt lat="43.7147204" lon="4.9069347">
        <ele>123.97171012480914</ele>
      </trkpt>
      <trkpt lat="43.7146907" lon="4.9073009">
        <ele>126.53433792479885</ele>
      </trkpt>
      <trkpt lat="43.7146524" lon="4.9074698">
        <ele>127.55852785919744</ele>
      </trkpt>
      <trkpt lat="43.7145922" lon="4.907735">
        <ele>129.22391999999263</ele>
      </trkpt>
      <trkpt lat="43.7145006" lon="4.9079872">
        <ele>129.35457246720608</ele>
      </trkpt>
      <trkpt lat="43.7144538" lon="4.9081159">
        <ele>129.07467664320913</ele>
      </trkpt>
      <trkpt lat="43.714332" lon="4.9088872">
        <ele>126.78806118398877</ele>
      </trkpt>
      <trkpt lat="43.7142181" lon="4.9092103">
        <ele>124.48464986554588</ele>
      </trkpt>
      <trkpt lat="43.7141839" lon="4.9094771">
        <ele>122.37953342244053</ele>
      </trkpt>
      <trkpt lat="43.7140466" lon="4.909775">
        <ele>120.97126880002865</ele>
      </trkpt>
      <trkpt lat="43.7137416" lon="4.9107143">
        <ele>118.1734153343835</ele>
      </trkpt>
      <trkpt lat="43.7136998" lon="4.9108951">
        <ele>117.44503510080959</ele>
      </trkpt>
      <trkpt lat="43.7136521" lon="4.9111017">
        <ele>115.91424066714346</ele>
      </trkpt>
      <trkpt lat="43.7136139" lon="4.9114773">
        <ele>114.38536446876293</ele>
      </trkpt>
      <trkpt lat="43.7136041" lon="4.9115434">
        <ele>114.49172050238</ele>
      </trkpt>
      <trkpt lat="43.7135396" lon="4.9119798">
        <ele>115.22767999996904</ele>
      </trkpt>
      <trkpt lat="43.7134805" lon="4.9123177">
        <ele>114.40729714402732</ele>
      </trkpt>
      <trkpt lat="43.7133119" lon="4.9128713">
        <ele>108.66332000000011</ele>
      </trkpt>
      <trkpt lat="43.7131539" lon="4.9135885">
        <ele>105.4354400000052</ele>
      </trkpt>
      <trkpt lat="43.7131478" lon="4.9138128">
        <ele>104.36215329281565</ele>
      </trkpt>
      <trkpt lat="43.7131419" lon="4.9140287">
        <ele>103.9325199999621</ele>
      </trkpt>
      <trkpt lat="43.7131463" lon="4.9141868">
        <ele>104.07619776638299</ele>
      </trkpt>
      <trkpt lat="43.7130951" lon="4.914389">
        <ele>104.3414249439557</ele>
      </trkpt>
      <trkpt lat="43.7128103" lon="4.9146469">
        <ele>101.99474741280883</ele>
      </trkpt>
      <trkpt lat="43.7126618" lon="4.914824">
        <ele>101.00227865599497</ele>
      </trkpt>
      <trkpt lat="43.7126284" lon="4.9148638">
        <ele>100.9068110335984</ele>
      </trkpt>
      <trkpt lat="43.7126274" lon="4.9149561">
        <ele>101.58812693122287</ele>
      </trkpt>
      <trkpt lat="43.7126103" lon="4.9154447">
        <ele>104.3930800000162</ele>
      </trkpt>
      <trkpt lat="43.712638" lon="4.9157831">
        <ele>105.89735868797635</ele>
      </trkpt>
      <trkpt lat="43.7125791" lon="4.9159786">
        <ele>105.43687617918587</ele>
      </trkpt>
      <trkpt lat="43.7123663" lon="4.9165485">
        <ele>103.94735352798938</ele>
      </trkpt>
      <trkpt lat="43.7122992" lon="4.9170775">
        <ele>105.82259999994676</ele>
      </trkpt>
      <trkpt lat="43.7122263" lon="4.9174647">
        <ele>107.81923999995615</ele>
      </trkpt>
      <trkpt lat="43.7122204" lon="4.9176937">
        <ele>110.08082558079866</ele>
      </trkpt>
      <trkpt lat="43.7121633" lon="4.9180591">
        <ele>111.59857334880004</ele>
      </trkpt>
      <trkpt lat="43.7121376" lon="4.9183945">
        <ele>113.15316172798381</ele>
      </trkpt>
      <trkpt lat="43.7120982" lon="4.9186699">
        <ele>113.31867999999986</ele>
      </trkpt>
      <trkpt lat="43.7119898" lon="4.919068">
        <ele>114.07664294398</ele>
      </trkpt>
      <trkpt lat="43.7118164" lon="4.9194852">
        <ele>114.37051205114899</ele>
      </trkpt>
      <trkpt lat="43.7118233" lon="4.9196774">
        <ele>115.45990767678943</ele>
      </trkpt>
      <trkpt lat="43.7118272" lon="4.9198683">
        <ele>116.5635565696249</ele>
      </trkpt>
      <trkpt lat="43.7117799" lon="4.920021">
        <ele>116.78176000004987</ele>
      </trkpt>
      <trkpt lat="43.711703" lon="4.9202964">
        <ele>117.65727999999854</ele>
      </trkpt>
      <trkpt lat="43.7115552" lon="4.9207599">
        <ele>118.13051999999152</ele>
      </trkpt>
      <trkpt lat="43.7114981" lon="4.9209535">
        <ele>117.74272101600093</ele>
      </trkpt>
      <trkpt lat="43.7114803" lon="4.9211798">
        <ele>117.97405490236414</ele>
      </trkpt>
      <trkpt lat="43.7114074" lon="4.9215643">
        <ele>117.98923817277563</ele>
      </trkpt>
      <trkpt lat="43.7114192" lon="4.9217415">
        <ele>118.54560000002994</ele>
      </trkpt>
      <trkpt lat="43.7114941" lon="4.9221069">
        <ele>119.67228600164827</ele>
      </trkpt>
      <trkpt lat="43.7115059" lon="4.9222378">
        <ele>119.69379372158306</ele>
      </trkpt>
      <trkpt lat="43.7115304" lon="4.9223582">
        <ele>120.02851786241045</ele>
      </trkpt>
      <trkpt lat="43.7114646" lon="4.9225132">
        <ele>119.62720794879547</ele>
      </trkpt>
      <trkpt lat="43.7113995" lon="4.9227068">
        <ele>120.53692086399717</ele>
      </trkpt>
      <trkpt lat="43.7114074" lon="4.9227968">
        <ele>121.20816350719872</ele>
      </trkpt>
      <trkpt lat="43.7113818" lon="4.9228704">
        <ele>121.64135999999189</ele>
      </trkpt>
      <trkpt lat="43.7113778" lon="4.9230204">
        <ele>122.70696000000726</ele>
      </trkpt>
      <trkpt lat="43.7113364" lon="4.9232085">
        <ele>123.25759862400295</ele>
      </trkpt>
      <trkpt lat="43.7112152" lon="4.9235575">
        <ele>123.55643999998665</ele>
      </trkpt>
      <trkpt lat="43.7111423" lon="4.9238357">
        <ele>124.93238062558619</ele>
      </trkpt>
      <trkpt lat="43.711093" lon="4.9241274">
        <ele>127.45473667198526</ele>
      </trkpt>
      <trkpt lat="43.7110221" lon="4.924231">
        <ele>128.05392000000484</ele>
      </trkpt>
      <trkpt lat="43.7109827" lon="4.9244437">
        <ele>130.06740000002083</ele>
      </trkpt>
      <trkpt lat="43.7108999" lon="4.9247518">
        <ele>133.584596867206</ele>
      </trkpt>
      <trkpt lat="43.7108132" lon="4.9251254">
        <ele>136.9753600000099</ele>
      </trkpt>
      <trkpt lat="43.710755" lon="4.9252645">
        <ele>138.18640000000323</ele>
      </trkpt>
      <trkpt lat="43.7106998" lon="4.9254853">
        <ele>140.3628237023999</ele>
      </trkpt>
      <trkpt lat="43.7106801" lon="4.9256735">
        <ele>142.03957365599808</ele>
      </trkpt>
      <trkpt lat="43.7106505" lon="4.9257825">
        <ele>142.91325060000258</ele>
      </trkpt>
      <trkpt lat="43.7106525" lon="4.9259652">
        <ele>144.4641172800128</ele>
      </trkpt>
      <trkpt lat="43.7106663" lon="4.9261997">
        <ele>146.11627999999791</ele>
      </trkpt>
      <trkpt lat="43.71069" lon="4.9263115">
        <ele>146.6893999999961</ele>
      </trkpt>
      <trkpt lat="43.7106683" lon="4.9264506">
        <ele>146.81176000001324</ele>
      </trkpt>
      <trkpt lat="43.7106032" lon="4.9265924">
        <ele>146.34304000000975</ele>
      </trkpt>
      <trkpt lat="43.7105678" lon="4.9267996">
        <ele>145.60959999999886</ele>
      </trkpt>
      <trkpt lat="43.7105165" lon="4.9270177">
        <ele>144.38092193597146</ele>
      </trkpt>
      <trkpt lat="43.7105106" lon="4.9272004">
        <ele>143.4566283007874</ele>
      </trkpt>
      <trkpt lat="43.7104879" lon="4.9275767">
        <ele>142.26931999996623</ele>
      </trkpt>
      <trkpt lat="43.7104525" lon="4.9277758">
        <ele>141.88700000002564</ele>
      </trkpt>
      <trkpt lat="43.7103736" lon="4.9280648">
        <ele>140.68991999997797</ele>
      </trkpt>
      <trkpt lat="43.7102849" lon="4.9284602">
        <ele>140.03956969918784</ele>
      </trkpt>
      <trkpt lat="43.7101627" lon="4.9287792">
        <ele>139.58571999999276</ele>
      </trkpt>
      <trkpt lat="43.7100937" lon="4.9290628">
        <ele>138.71124000000736</ele>
      </trkpt>
      <trkpt lat="43.7100641" lon="4.9291448">
        <ele>138.30947999998716</ele>
      </trkpt>
      <trkpt lat="43.7100415" lon="4.9292223">
        <ele>137.9790418320108</ele>
      </trkpt>
      <trkpt lat="43.7100356" lon="4.9294486">
        <ele>137.2582372735829</ele>
      </trkpt>
      <trkpt lat="43.7100435" lon="4.9296695">
        <ele>137.44007731997522</ele>
      </trkpt>
      <trkpt lat="43.7100573" lon="4.9299667">
        <ele>136.92027115363783</ele>
      </trkpt>
      <trkpt lat="43.7100868" lon="4.9301057">
        <ele>137.5115351103897</ele>
      </trkpt>
      <trkpt lat="43.7101361" lon="4.9301821">
        <ele>138.29420182239593</ele>
      </trkpt>
      <trkpt lat="43.7101361" lon="4.9303239">
        <ele>138.88664704159953</ele>
      </trkpt>
      <trkpt lat="43.7101229" lon="4.9303501">
        <ele>138.99320632161746</ele>
      </trkpt>
      <trkpt lat="43.7100868" lon="4.930422">
        <ele>139.33280038399272</ele>
      </trkpt>
      <trkpt lat="43.7100257" lon="4.930512">
        <ele>139.72914713602395</ele>
      </trkpt>
      <trkpt lat="43.7099469" lon="4.9306565">
        <ele>140.70787999999402</ele>
      </trkpt>
      <trkpt lat="43.7099055" lon="4.9308529">
        <ele>142.48299262397998</ele>
      </trkpt>
      <trkpt lat="43.7098188" lon="4.9310846">
        <ele>143.22891484161053</ele>
      </trkpt>
      <trkpt lat="43.7096986" lon="4.9314473">
        <ele>143.0402000000222</ele>
      </trkpt>
      <trkpt lat="43.7096177" lon="4.9316341">
        <ele>143.1302000000187</ele>
      </trkpt>
      <trkpt lat="43.709535" lon="4.9318767">
        <ele>143.1449902400323</ele>
      </trkpt>
      <trkpt lat="43.7094817" lon="4.9320949">
        <ele>143.54711524317295</ele>
      </trkpt>
      <trkpt lat="43.7094837" lon="4.9323512">
        <ele>144.95389770239856</ele>
      </trkpt>
      <trkpt lat="43.7095133" lon="4.9327902">
        <ele>148.84416519357615</ele>
      </trkpt>
      <trkpt lat="43.7095201" lon="4.9330505">
        <ele>151.04808304798556</ele>
      </trkpt>
      <trkpt lat="43.7095231" lon="4.9331637">
        <ele>151.52195999997684</ele>
      </trkpt>
      <trkpt lat="43.7094739" lon="4.9333955">
        <ele>151.44789175198497</ele>
      </trkpt>
      <trkpt lat="43.7094463" lon="4.9338863">
        <ele>151.03340000005892</ele>
      </trkpt>
      <trkpt lat="43.7093674" lon="4.9341672">
        <ele>151.17314746877707</ele>
      </trkpt>
      <trkpt lat="43.7092728" lon="4.9344276">
        <ele>152.3838706688138</ele>
      </trkpt>
      <trkpt lat="43.7091999" lon="4.9348011">
        <ele>154.4500800000219</ele>
      </trkpt>
      <trkpt lat="43.7091408" lon="4.9349784">
        <ele>155.2152410112063</ele>
      </trkpt>
      <trkpt lat="43.709125" lon="4.9351338">
        <ele>155.1722520000045</ele>
      </trkpt>
      <trkpt lat="43.7091368" lon="4.9354337">
        <ele>155.46240000005673</ele>
      </trkpt>
      <trkpt lat="43.7091881" lon="4.9357609">
        <ele>155.6264397583777</ele>
      </trkpt>
      <trkpt lat="43.7092216" lon="4.9358427">
        <ele>155.98879999998871</ele>
      </trkpt>
      <trkpt lat="43.7092393" lon="4.9360936">
        <ele>156.30740000000287</ele>
      </trkpt>
      <trkpt lat="43.7092255" lon="4.9362899">
        <ele>155.55168295204587</ele>
      </trkpt>
      <trkpt lat="43.7091782" lon="4.9367071">
        <ele>155.54023999992478</ele>
      </trkpt>
      <trkpt lat="43.7091384" lon="4.9369626">
        <ele>156.29433103361256</ele>
      </trkpt>
      <trkpt lat="43.7091267" lon="4.9370348">
        <ele>156.03964128637222</ele>
      </trkpt>
      <trkpt lat="43.7091107" lon="4.9371596">
        <ele>155.74569834872264</ele>
      </trkpt>
      <trkpt lat="43.7091111" lon="4.9373216">
        <ele>155.79976000002625</ele>
      </trkpt>
      <trkpt lat="43.7090798" lon="4.9380763">
        <ele>156.1983599999503</ele>
      </trkpt>
      <trkpt lat="43.7089511" lon="4.9385718">
        <ele>154.3437600000043</ele>
      </trkpt>
      <trkpt lat="43.7089221" lon="4.9387367">
        <ele>154.16948000004868</ele>
      </trkpt>
      <trkpt lat="43.7089185" lon="4.9389122">
        <ele>154.7145741280619</ele>
      </trkpt>
      <trkpt lat="43.7088652" lon="4.9392835">
        <ele>154.57359999996697</ele>
      </trkpt>
      <trkpt lat="43.7087248" lon="4.9399384">
        <ele>152.91540193277766</ele>
      </trkpt>
      <trkpt lat="43.7086462" lon="4.9403773">
        <ele>152.19225792955265</ele>
      </trkpt>
      <trkpt lat="43.7085881" lon="4.940549">
        <ele>150.77116995200026</ele>
      </trkpt>
      <trkpt lat="43.7084795" lon="4.9408762">
        <ele>149.88724000003003</ele>
      </trkpt>
      <trkpt lat="43.7084562" lon="4.9409674">
        <ele>150.29224000000522</ele>
      </trkpt>
      <trkpt lat="43.7084175" lon="4.9411391">
        <ele>150.9395302800334</ele>
      </trkpt>
      <trkpt lat="43.7083632" lon="4.9415522">
        <ele>150.36686684161086</ele>
      </trkpt>
      <trkpt lat="43.7083205" lon="4.9417345">
        <ele>149.61719999999286</ele>
      </trkpt>
      <trkpt lat="43.7081227" lon="4.9425875">
        <ele>144.33401819997002</ele>
      </trkpt>
      <trkpt lat="43.7080607" lon="4.9428933">
        <ele>142.6134579023852</ele>
      </trkpt>
      <trkpt lat="43.7080297" lon="4.9429952">
        <ele>141.93803999996953</ele>
      </trkpt>
      <trkpt lat="43.7079754" lon="4.9430971">
        <ele>140.8352000000241</ele>
      </trkpt>
      <trkpt lat="43.7079133" lon="4.9431883">
        <ele>139.5078800000133</ele>
      </trkpt>
      <trkpt lat="43.7078629" lon="4.9432956">
        <ele>138.19100000002345</ele>
      </trkpt>
      <trkpt lat="43.7078164" lon="4.9434404">
        <ele>137.41711999998643</ele>
      </trkpt>
      <trkpt lat="43.7077854" lon="4.9436175">
        <ele>137.08168887998733</ele>
      </trkpt>
      <trkpt lat="43.7077505" lon="4.9438642">
        <ele>136.89307198401204</ele>
      </trkpt>
      <trkpt lat="43.7077272" lon="4.9440091">
        <ele>137.17188305920286</ele>
      </trkpt>
      <trkpt lat="43.7076943" lon="4.9442022">
        <ele>137.27103999999918</ele>
      </trkpt>
      <trkpt lat="43.7076826" lon="4.9444677">
        <ele>136.14727999999013</ele>
      </trkpt>
      <trkpt lat="43.7076749" lon="4.9445723">
        <ele>135.3387200000052</ele>
      </trkpt>
      <trkpt lat="43.7076768" lon="4.9447252">
        <ele>134.25444613121326</ele>
      </trkpt>
      <trkpt lat="43.7076782" lon="4.9448808">
        <ele>133.30286187516225</ele>
      </trkpt>
      <trkpt lat="43.7076787" lon="4.9449398">
        <ele>132.9445993792303</ele>
      </trkpt>
      <trkpt lat="43.7077007" lon="4.9452945">
        <ele>133.2277599999643</ele>
      </trkpt>
      <trkpt lat="43.7077195" lon="4.9455969">
        <ele>134.2529866320323</ele>
      </trkpt>
      <trkpt lat="43.7077448" lon="4.9458515">
        <ele>133.70492428800318</ele>
      </trkpt>
      <trkpt lat="43.7077524" lon="4.9459858">
        <ele>133.31854567678423</ele>
      </trkpt>
      <trkpt lat="43.7077524" lon="4.9462112">
        <ele>133.26895999998715</ele>
      </trkpt>
      <trkpt lat="43.7077408" lon="4.946364">
        <ele>133.77728000001207</ele>
      </trkpt>
      <trkpt lat="43.7077307" lon="4.9464608">
        <ele>134.13327498239641</ele>
      </trkpt>
      <trkpt lat="43.7076628" lon="4.9464578">
        <ele>133.9368452736042</ele>
      </trkpt>
      <trkpt lat="43.7075094" lon="4.9464318">
        <ele>133.33757239679804</ele>
      </trkpt>
      <trkpt lat="43.7073432" lon="4.9464178">
        <ele>133.71388892160962</ele>
      </trkpt>
      <trkpt lat="43.7072445" lon="4.9463702">
        <ele>133.85251999999264</ele>
      </trkpt>
      <trkpt lat="43.7071368" lon="4.9463183">
        <ele>133.43836000000147</ele>
      </trkpt>
      <trkpt lat="43.7070786" lon="4.9462546">
        <ele>132.99952000000803</ele>
      </trkpt>
      <trkpt lat="43.7071606" lon="4.9471501">
        <ele>134.7781600000062</ele>
      </trkpt>
      <trkpt lat="43.7071574" lon="4.9472144">
        <ele>134.76663999999937</ele>
      </trkpt>
      <trkpt lat="43.7071541" lon="4.9472801">
        <ele>134.91202179358712</ele>
      </trkpt>
      <trkpt lat="43.7071314" lon="4.9473796">
        <ele>135.05435754240798</ele>
      </trkpt>
      <trkpt lat="43.707084" lon="4.9474757">
        <ele>134.96085004801293</ele>
      </trkpt>
      <trkpt lat="43.707025" lon="4.9475952">
        <ele>134.92272000001185</ele>
      </trkpt>
      <trkpt lat="43.7069014" lon="4.9478394">
        <ele>135.25434367359992</ele>
      </trkpt>
      <trkpt lat="43.7068875" lon="4.9478671">
        <ele>135.37220020000143</ele>
      </trkpt>
      <trkpt lat="43.7068042" lon="4.9480329">
        <ele>135.86829801280481</ele>
      </trkpt>
      <trkpt lat="43.7067015" lon="4.9482376">
        <ele>136.56152000000657</ele>
      </trkpt>
      <trkpt lat="43.7065459" lon="4.9485766">
        <ele>136.07646541761423</ele>
      </trkpt>
      <trkpt lat="43.7065181" lon="4.9486472">
        <ele>135.93031999997584</ele>
      </trkpt>
      <trkpt lat="43.706487" lon="4.9487048">
        <ele>135.70640000002004</ele>
      </trkpt>
      <trkpt lat="43.706452" lon="4.9487624">
        <ele>135.45439999999144</ele>
      </trkpt>
      <trkpt lat="43.7064204" lon="4.9488021">
        <ele>135.2268799999929</ele>
      </trkpt>
      <trkpt lat="43.7063725" lon="4.9488517">
        <ele>134.94100000000162</ele>
      </trkpt>
      <trkpt lat="43.7063474" lon="4.9488691">
        <ele>134.85063999999466</ele>
      </trkpt>
      <trkpt lat="43.7062965" lon="4.9489044">
        <ele>134.6674000000021</ele>
      </trkpt>
      <trkpt lat="43.7062085" lon="4.9489101">
        <ele>134.35060000000885</ele>
      </trkpt>
      <trkpt lat="43.70619" lon="4.9489785">
        <ele>134.28399999999783</ele>
      </trkpt>
      <trkpt lat="43.7060956" lon="4.949328">
        <ele>134.02340812800352</ele>
      </trkpt>
      <trkpt lat="43.7061155" lon="4.9498669">
        <ele>133.52083999999968</ele>
      </trkpt>
      <trkpt lat="43.7061181" lon="4.9499956">
        <ele>133.98416000000088</ele>
      </trkpt>
      <trkpt lat="43.7061221" lon="4.9501952">
        <ele>134.7027199999984</ele>
      </trkpt>
      <trkpt lat="43.7061288" lon="4.9503874">
        <ele>135.39464000000135</ele>
      </trkpt>
      <trkpt lat="43.706124" lon="4.9504321">
        <ele>135.55555999999842</ele>
      </trkpt>
      <trkpt lat="43.7061135" lon="4.9505296">
        <ele>135.90656000000126</ele>
      </trkpt>
      <trkpt lat="43.7059919" lon="4.9509627">
        <ele>136.93143999999847</ele>
      </trkpt>
      <trkpt lat="43.7059739" lon="4.9511076">
        <ele>137.97472000000198</ele>
      </trkpt>
      <trkpt lat="43.705965" lon="4.9512986">
        <ele>140.37990896000656</ele>
      </trkpt>
      <trkpt lat="43.7059585" lon="4.9515165">
        <ele>142.67520564000017</ele>
      </trkpt>
      <trkpt lat="43.7059817" lon="4.9515793">
        <ele>143.20296857759413</ele>
      </trkpt>
      <trkpt lat="43.7059669" lon="4.951658">
        <ele>143.9225977920014</ele>
      </trkpt>
      <trkpt lat="43.7059591" lon="4.9519739">
        <ele>145.0480106703999</ele>
      </trkpt>
      <trkpt lat="43.7059675" lon="4.9521959">
        <ele>145.43723092000002</ele>
      </trkpt>
      <trkpt lat="43.7059743" lon="4.9523986">
        <ele>145.5074800000043</ele>
      </trkpt>
      <trkpt lat="43.7060184" lon="4.952668">
        <ele>145.4651560960016</ele>
      </trkpt>
      <trkpt lat="43.7060689" lon="4.9529669">
        <ele>144.9450391071978</ele>
      </trkpt>
      <trkpt lat="43.7060848" lon="4.9530148">
        <ele>144.93307463679798</ele>
      </trkpt>
      <trkpt lat="43.7061405" lon="4.9531825">
        <ele>144.69715059998316</ele>
      </trkpt>
      <trkpt lat="43.7062066" lon="4.9534506">
        <ele>144.68752000001132</ele>
      </trkpt>
      <trkpt lat="43.7062198" lon="4.9536816">
        <ele>144.68326878719597</ele>
      </trkpt>
      <trkpt lat="43.7062285" lon="4.9539065">
        <ele>144.45920716000663</ele>
      </trkpt>
      <trkpt lat="43.7062645" lon="4.9540729">
        <ele>144.8488406320037</ele>
      </trkpt>
      <trkpt lat="43.7062715" lon="4.954222">
        <ele>145.31421807999772</ele>
      </trkpt>
      <trkpt lat="43.7062475" lon="4.9543732">
        <ele>146.10858832000943</ele>
      </trkpt>
      <trkpt lat="43.7062362" lon="4.9545474">
        <ele>147.02469339519865</ele>
      </trkpt>
      <trkpt lat="43.7062836" lon="4.9547611">
        <ele>148.13995999999952</ele>
      </trkpt>
      <trkpt lat="43.7062849" lon="4.9551049">
        <ele>149.0</ele>
      </trkpt>
      <trkpt lat="43.7062921" lon="4.9553381">
        <ele>149.0</ele>
      </trkpt>
      <trkpt lat="43.7063035" lon="4.9554937">
        <ele>149.0</ele>
      </trkpt>
      <trkpt lat="43.7064054" lon="4.9559084">
        <ele>149.05944000000454</ele>
      </trkpt>
      <trkpt lat="43.7064462" lon="4.9561022">
        <ele>149.2063200000075</ele>
      </trkpt>
      <trkpt lat="43.7065509" lon="4.9563278">
        <ele>150.03821385922254</ele>
      </trkpt>
      <trkpt lat="43.7065969" lon="4.9565009">
        <ele>150.49768000000677</ele>
      </trkpt>
      <trkpt lat="43.7066183" lon="4.9569282">
        <ele>151.59328000001733</ele>
      </trkpt>
      <trkpt lat="43.7067091" lon="4.9572029">
        <ele>151.2223199999903</ele>
      </trkpt>
      <trkpt lat="43.7068669" lon="4.9576801">
        <ele>150.539843822408</ele>
      </trkpt>
      <trkpt lat="43.7069208" lon="4.9578679">
        <ele>150.82975999999235</ele>
      </trkpt>
      <trkpt lat="43.7069442" lon="4.9580949">
        <ele>150.99824000001718</ele>
      </trkpt>
      <trkpt lat="43.7069702" lon="4.9588273">
        <ele>155.9274400000113</ele>
      </trkpt>
      <trkpt lat="43.7069972" lon="4.9590629">
        <ele>156.99762696966602</ele>
      </trkpt>
      <trkpt lat="43.7070434" lon="4.9592939">
        <ele>158.1374400000741</ele>
      </trkpt>
      <trkpt lat="43.7070473" lon="4.9594669">
        <ele>158.33245343518283</ele>
      </trkpt>
      <trkpt lat="43.707028" lon="4.9597745">
        <ele>159.31216832002627</ele>
      </trkpt>
      <trkpt lat="43.7070034" lon="4.9600424">
        <ele>160.00159999996777</ele>
      </trkpt>
      <trkpt lat="43.706988" lon="4.9604275">
        <ele>160.54268480003228</ele>
      </trkpt>
      <trkpt lat="43.7069849" lon="4.9606493">
        <ele>160.43692000002102</ele>
      </trkpt>
      <trkpt lat="43.7069264" lon="4.9608341">
        <ele>159.74292000000332</ele>
      </trkpt>
      <trkpt lat="43.706837" lon="4.9610035">
        <ele>159.06540000000405</ele>
      </trkpt>
      <trkpt lat="43.7067939" lon="4.9612007">
        <ele>159.18174587841233</ele>
      </trkpt>
      <trkpt lat="43.7066738" lon="4.9615888">
        <ele>159.7895213823744</ele>
      </trkpt>
      <trkpt lat="43.7064705" lon="4.9620508">
        <ele>160.3767701440214</ele>
      </trkpt>
      <trkpt lat="43.7064304" lon="4.962288">
        <ele>160.79917260802802</ele>
      </trkpt>
      <trkpt lat="43.7064212" lon="4.9624852">
        <ele>161.3018775296119</ele>
      </trkpt>
      <trkpt lat="43.706452" lon="4.9626269">
        <ele>161.78539404798528</ele>
      </trkpt>
      <trkpt lat="43.7064674" lon="4.9628209">
        <ele>162.08668296641574</ele>
      </trkpt>
      <trkpt lat="43.7064366" lon="4.9630396">
        <ele>161.5251458944394</ele>
      </trkpt>
      <trkpt lat="43.7064489" lon="4.9632337">
        <ele>161.50956922718348</ele>
      </trkpt>
      <trkpt lat="43.706492" lon="4.9634308">
        <ele>161.74239999998008</ele>
      </trkpt>
      <trkpt lat="43.706492" lon="4.963591">
        <ele>161.74239999998008</ele>
      </trkpt>
      <trkpt lat="43.7064489" lon="4.963819">
        <ele>162.92887999998584</ele>
      </trkpt>
      <trkpt lat="43.7063226" lon="4.9642748">
        <ele>164.3769777792</ele>
      </trkpt>
      <trkpt lat="43.7062364" lon="4.9644843">
        <ele>164.1102752192108</ele>
      </trkpt>
      <trkpt lat="43.7060454" lon="4.9649094">
        <ele>163.56819640961103</ele>
      </trkpt>
      <trkpt lat="43.7059222" lon="4.9652575">
        <ele>161.30303416004975</ele>
      </trkpt>
      <trkpt lat="43.705802" lon="4.9656271">
        <ele>162.26046723198712</ele>
      </trkpt>
      <trkpt lat="43.7057004" lon="4.965889">
        <ele>162.86062342397722</ele>
      </trkpt>
      <trkpt lat="43.7055957" lon="4.96612">
        <ele>163.3256646400257</ele>
      </trkpt>
      <trkpt lat="43.7055125" lon="4.9663787">
        <ele>163.49831999997332</ele>
      </trkpt>
      <trkpt lat="43.705457" lon="4.9665143">
        <ele>163.22689489603283</ele>
      </trkpt>
      <trkpt lat="43.7053461" lon="4.9669147">
        <ele>161.98383999999714</ele>
      </trkpt>
      <trkpt lat="43.7050812" lon="4.9675616">
        <ele>159.55735464962072</ele>
      </trkpt>
      <trkpt lat="43.7049673" lon="4.9677864">
        <ele>157.79194597119735</ele>
      </trkpt>
      <trkpt lat="43.7049241" lon="4.9680729">
        <ele>158.2427199999952</ele>
      </trkpt>
      <trkpt lat="43.7048102" lon="4.968384">
        <ele>158.31495999997242</ele>
      </trkpt>
      <trkpt lat="43.7043882" lon="4.9689539">
        <ele>159.45225158078372</ele>
      </trkpt>
      <trkpt lat="43.7043635" lon="4.9689939">
        <ele>159.73255914399755</ele>
      </trkpt>
      <trkpt lat="43.7042988" lon="4.9691572">
        <ele>160.86698882557388</ele>
      </trkpt>
      <trkpt lat="43.7042126" lon="4.9695238">
        <ele>163.9965600895845</ele>
      </trkpt>
      <trkpt lat="43.7041941" lon="4.9697271">
        <ele>165.44772000003286</ele>
      </trkpt>
      <trkpt lat="43.7041941" lon="4.9699951">
        <ele>168.3421200000348</ele>
      </trkpt>
      <trkpt lat="43.7042126" lon="4.9701029">
        <ele>169.46357595836938</ele>
      </trkpt>
      <trkpt lat="43.7042095" lon="4.9702723">
        <ele>170.72851917595784</ele>
      </trkpt>
      <trkpt lat="43.704114" lon="4.970605">
        <ele>169.43119999996816</ele>
      </trkpt>
      <trkpt lat="43.7040401" lon="4.9707744">
        <ele>168.63308000000234</ele>
      </trkpt>
      <trkpt lat="43.7040154" lon="4.9709438">
        <ele>168.54743937923556</ele>
      </trkpt>
      <trkpt lat="43.7040031" lon="4.9711188">
        <ele>168.64464000001863</ele>
      </trkpt>
      <trkpt lat="43.7040124" lon="4.9712796">
        <ele>168.77856000004977</ele>
      </trkpt>
      <trkpt lat="43.7040093" lon="4.971603">
        <ele>168.73392000003878</ele>
      </trkpt>
      <trkpt lat="43.7039846" lon="4.9717447">
        <ele>168.194113795174</ele>
      </trkpt>
      <trkpt lat="43.7039701" lon="4.971776">
        <ele>167.8909128959891</ele>
      </trkpt>
      <trkpt lat="43.7039446" lon="4.9718309">
        <ele>167.32957909439816</ele>
      </trkpt>
      <trkpt lat="43.7038799" lon="4.9719264">
        <ele>165.99813789437687</ele>
      </trkpt>
      <trkpt lat="43.7035996" lon="4.972216">
        <ele>163.9576317439885</ele>
      </trkpt>
      <trkpt lat="43.7035164" lon="4.9723669">
        <ele>164.17987999999286</ele>
      </trkpt>
      <trkpt lat="43.7033963" lon="4.9727427">
        <ele>163.74906969921355</ele>
      </trkpt>
      <trkpt lat="43.703387" lon="4.9729553">
        <ele>164.2186799999913</ele>
      </trkpt>
      <trkpt lat="43.7033686" lon="4.9731031">
        <ele>164.57377047357272</ele>
      </trkpt>
      <trkpt lat="43.7033008" lon="4.9732941">
        <ele>164.406822028814</ele>
      </trkpt>
      <trkpt lat="43.7031499" lon="4.973519">
        <ele>163.02695999999378</ele>
      </trkpt>
      <trkpt lat="43.7029312" lon="4.973827">
        <ele>160.5572168960213</ele>
      </trkpt>
      <trkpt lat="43.7028418" lon="4.9740303">
        <ele>159.92610551682253</ele>
      </trkpt>
      <trkpt lat="43.7025553" lon="4.9747357">
        <ele>158.08278063840436</ele>
      </trkpt>
      <trkpt lat="43.7024814" lon="4.9754996">
        <ele>161.5841915776406</ele>
      </trkpt>
      <trkpt lat="43.7024753" lon="4.9757214">
        <ele>162.27719120324295</ele>
      </trkpt>
      <trkpt lat="43.7022904" lon="4.9760634">
        <ele>161.01328322564495</ele>
      </trkpt>
      <trkpt lat="43.7021333" lon="4.9764022">
        <ele>159.39939999999842</ele>
      </trkpt>
      <trkpt lat="43.7019855" lon="4.9766671">
        <ele>156.740790567988</ele>
      </trkpt>
      <trkpt lat="43.7018746" lon="4.9768396">
        <ele>155.46026351354098</ele>
      </trkpt>
      <trkpt lat="43.7017883" lon="4.9770121">
        <ele>154.92007999994075</ele>
      </trkpt>
      <trkpt lat="43.7016559" lon="4.977354">
        <ele>156.2885322559831</ele>
      </trkpt>
      <trkpt lat="43.701545" lon="4.9777021">
        <ele>158.1120087200518</ele>
      </trkpt>
      <trkpt lat="43.7013694" lon="4.977967">
        <ele>157.24444700798094</ele>
      </trkpt>
      <trkpt lat="43.7012216" lon="4.9781765">
        <ele>157.83950470397042</ele>
      </trkpt>
      <trkpt lat="43.7011908" lon="4.9783058">
        <ele>158.63396445439244</ele>
      </trkpt>
      <trkpt lat="43.7011723" lon="4.9784722">
        <ele>159.38100475524382</ele>
      </trkpt>
      <trkpt lat="43.7011723" lon="4.9786385">
        <ele>160.27688039205378</ele>
      </trkpt>
      <trkpt lat="43.7011476" lon="4.9787679">
        <ele>160.7115351615831</ele>
      </trkpt>
      <trkpt lat="43.7010749" lon="4.9788738">
        <ele>160.50736115521772</ele>
      </trkpt>
      <trkpt lat="43.7010398" lon="4.978925">
        <ele>160.29309279996093</ele>
      </trkpt>
      <trkpt lat="43.7010152" lon="4.9790174">
        <ele>160.10731932160718</ele>
      </trkpt>
      <trkpt lat="43.7009875" lon="4.9792423">
        <ele>159.7749999999378</ele>
      </trkpt>
      <trkpt lat="43.7009659" lon="4.9793285">
        <ele>159.38619999999855</ele>
      </trkpt>
      <trkpt lat="43.7008612" lon="4.9795133">
        <ele>157.52646732157137</ele>
      </trkpt>
      <trkpt lat="43.7005162" lon="4.9799015">
        <ele>153.1289197280373</ele>
      </trkpt>
      <trkpt lat="43.7004207" lon="4.9801479">
        <ele>152.6059820576414</ele>
      </trkpt>
      <trkpt lat="43.7003591" lon="4.9803543">
        <ele>152.03204000000187</ele>
      </trkpt>
      <trkpt lat="43.7002975" lon="4.9807486">
        <ele>151.32731567996393</ele>
      </trkpt>
      <trkpt lat="43.7002328" lon="4.9810135">
        <ele>150.5142400000218</ele>
      </trkpt>
      <trkpt lat="43.7001527" lon="4.9812691">
        <ele>149.90526125277043</ele>
      </trkpt>
      <trkpt lat="43.7001034" lon="4.9815125">
        <ele>149.91012680002822</ele>
      </trkpt>
      <trkpt lat="43.7000757" lon="4.9817558">
        <ele>149.67157243519137</ele>
      </trkpt>
      <trkpt lat="43.7000233" lon="4.9819591">
        <ele>148.37106550876348</ele>
      </trkpt>
      <trkpt lat="43.6998354" lon="4.9825228">
        <ele>144.23480267515737</ele>
      </trkpt>
      <trkpt lat="43.6995828" lon="4.983065">
        <ele>145.07738528002378</ele>
      </trkpt>
      <trkpt lat="43.6994688" lon="4.9833915">
        <ele>146.49080019197908</ele>
      </trkpt>
      <trkpt lat="43.6993764" lon="4.9836133">
        <ele>145.7732697151727</ele>
      </trkpt>
      <trkpt lat="43.6992902" lon="4.9838536">
        <ele>143.73886277120286</ele>
      </trkpt>
      <trkpt lat="43.6992255" lon="4.9840846">
        <ele>142.82613419194732</ele>
      </trkpt>
      <trkpt lat="43.6992162" lon="4.9843187">
        <ele>142.79400189763425</ele>
      </trkpt>
      <trkpt lat="43.6990129" lon="4.9847777">
        <ele>139.3393199999964</ele>
      </trkpt>
      <trkpt lat="43.6989267" lon="4.9850426">
        <ele>138.42923536321462</ele>
      </trkpt>
      <trkpt lat="43.6988374" lon="4.9855108">
        <ele>137.94194520323788</ele>
      </trkpt>
      <trkpt lat="43.6987326" lon="4.9857757">
        <ele>136.18679999999267</ele>
      </trkpt>
      <trkpt lat="43.698671" lon="4.9859975">
        <ele>134.02341959994757</ele>
      </trkpt>
      <trkpt lat="43.6986247" lon="4.9862082">
        <ele>131.59448000007433</ele>
      </trkpt>
      <trkpt lat="43.6985446" lon="4.9864165">
        <ele>129.83615966399205</ele>
      </trkpt>
      <trkpt lat="43.6983655" lon="4.9866358">
        <ele>129.2187323040087</ele>
      </trkpt>
      <trkpt lat="43.6983337" lon="4.9867197">
        <ele>129.38447999999516</ele>
      </trkpt>
      <trkpt lat="43.698326" lon="4.9869524">
        <ele>130.92080000001715</ele>
      </trkpt>
      <trkpt lat="43.6983445" lon="4.9872204">
        <ele>131.12033628797252</ele>
      </trkpt>
      <trkpt lat="43.6983468" lon="4.9874362">
        <ele>130.37512000003153</ele>
      </trkpt>
      <trkpt lat="43.6983631" lon="4.9875465">
        <ele>130.1540800000189</ele>
      </trkpt>
      <trkpt lat="43.6983722" lon="4.9876116">
        <ele>130.01800000001458</ele>
      </trkpt>
      <trkpt lat="43.6983599" lon="4.9878488">
        <ele>129.28691999999864</ele>
      </trkpt>
      <trkpt lat="43.6981874" lon="4.9881876">
        <ele>128.42464000001291</ele>
      </trkpt>
      <trkpt lat="43.6980149" lon="4.988508">
        <ele>128.87284883197327</ele>
      </trkpt>
      <trkpt lat="43.6979009" lon="4.9888252">
        <ele>128.32972000000564</ele>
      </trkpt>
      <trkpt lat="43.6978178" lon="4.9891887">
        <ele>128.4322400000301</ele>
      </trkpt>
      <trkpt lat="43.69775" lon="4.9894506">
        <ele>127.59999999998763</ele>
      </trkpt>
      <trkpt lat="43.6975621" lon="4.990082">
        <ele>126.19508508799076</ele>
      </trkpt>
      <trkpt lat="43.6975621" lon="4.990387">
        <ele>127.53502379199116</ele>
      </trkpt>
      <trkpt lat="43.6975929" lon="4.9907843">
        <ele>127.45524465115254</ele>
      </trkpt>
      <trkpt lat="43.697636" lon="4.9910123">
        <ele>127.3141200000382</ele>
      </trkpt>
      <trkpt lat="43.6976052" lon="4.9913665">
        <ele>125.81848966398611</ele>
      </trkpt>
      <trkpt lat="43.697596" lon="4.9915791">
        <ele>125.24309305597336</ele>
      </trkpt>
      <trkpt lat="43.6975467" lon="4.9919302">
        <ele>124.50435999996398</ele>
      </trkpt>
      <trkpt lat="43.697519" lon="4.9922814">
        <ele>125.2051999999976</ele>
      </trkpt>
      <trkpt lat="43.6975251" lon="4.9926449">
        <ele>125.74558460960071</ele>
      </trkpt>
      <trkpt lat="43.6975067" lon="4.9929683">
        <ele>126.73411999998734</ele>
      </trkpt>
      <trkpt lat="43.6974789" lon="4.9933164">
        <ele>127.78712000000178</ele>
      </trkpt>
      <trkpt lat="43.6974776" lon="4.9938586">
        <ele>129.81031999999823</ele>
      </trkpt>
      <trkpt lat="43.6974268" lon="4.9944631">
        <ele>129.49065800321665</ele>
      </trkpt>
      <trkpt lat="43.6973711" lon="4.9947857">
        <ele>129.53595999999288</ele>
      </trkpt>
      <trkpt lat="43.6971617" lon="4.9951985">
        <ele>129.27884000001632</ele>
      </trkpt>
      <trkpt lat="43.6969953" lon="4.9955435">
        <ele>129.32275999998274</ele>
      </trkpt>
      <trkpt lat="43.6968813" lon="4.996024">
        <ele>128.70139244800563</ele>
      </trkpt>
      <trkpt lat="43.6967212" lon="4.9964892">
        <ele>128.55743999999686</ele>
      </trkpt>
      <trkpt lat="43.696598" lon="4.996865">
        <ele>128.258400000017</ele>
      </trkpt>
      <trkpt lat="43.6964008" lon="4.9971484">
        <ele>125.39439999999013</ele>
      </trkpt>
      <trkpt lat="43.696179" lon="4.9975118">
        <ele>124.48880000000554</ele>
      </trkpt>
      <trkpt lat="43.6960805" lon="4.9978661">
        <ele>123.81463919200465</ele>
      </trkpt>
      <trkpt lat="43.6959696" lon="4.9981464">
        <ele>123.49055999999291</ele>
      </trkpt>
      <trkpt lat="43.6958279" lon="4.9983959">
        <ele>122.98043999999118</ele>
      </trkpt>
      <trkpt lat="43.6957539" lon="4.9987101">
        <ele>122.71403999999893</ele>
      </trkpt>
      <trkpt lat="43.6957328" lon="4.9987325">
        <ele>122.63808000000654</ele>
      </trkpt>
      <trkpt lat="43.6956385" lon="4.9988326">
        <ele>122.29860000000417</ele>
      </trkpt>
      <trkpt lat="43.6955537" lon="4.9989226">
        <ele>121.98663999998462</ele>
      </trkpt>
      <trkpt lat="43.695412" lon="4.9991321">
        <ele>120.96639999998206</ele>
      </trkpt>
      <trkpt lat="43.6953134" lon="4.9994186">
        <ele>120.14017144961328</ele>
      </trkpt>
      <trkpt lat="43.6952426" lon="4.9997174">
        <ele>118.88852152960162</ele>
      </trkpt>
      <trkpt lat="43.695104" lon="4.9999546">
        <ele>117.85104806400518</ele>
      </trkpt>
      <trkpt lat="43.6950732" lon="5.0001825">
        <ele>117.35390736001443</ele>
      </trkpt>
      <trkpt lat="43.6950732" lon="5.000469">
        <ele>116.5751200000115</ele>
      </trkpt>
      <trkpt lat="43.6949962" lon="5.0007154">
        <ele>115.39719999998972</ele>
      </trkpt>
      <trkpt lat="43.6948884" lon="5.0009372">
        <ele>113.97278609922022</ele>
      </trkpt>
      <trkpt lat="43.6948021" lon="5.001085">
        <ele>113.31459063998803</ele>
      </trkpt>
      <trkpt lat="43.6946666" lon="5.0013654">
        <ele>113.69826770559229</ele>
      </trkpt>
      <trkpt lat="43.6946448" lon="5.0014492">
        <ele>113.8778843135945</ele>
      </trkpt>
      <trkpt lat="43.6945893" lon="5.0016622">
        <ele>114.03457460157843</ele>
      </trkpt>
      <trkpt lat="43.6945711" lon="5.0017319">
        <ele>113.80484235358317</ele>
      </trkpt>
      <trkpt lat="43.6943863" lon="5.0019968">
        <ele>112.79067999999234</ele>
      </trkpt>
      <trkpt lat="43.694223" lon="5.0026529">
        <ele>112.20280000000321</ele>
      </trkpt>
      <trkpt lat="43.6941505" lon="5.0029621">
        <ele>111.88359999999466</ele>
      </trkpt>
      <trkpt lat="43.6941152" lon="5.0030749">
        <ele>111.64234289919159</ele>
      </trkpt>
      <trkpt lat="43.6940443" lon="5.0034138">
        <ele>111.72155016640686</ele>
      </trkpt>
      <trkpt lat="43.6940043" lon="5.0038789">
        <ele>112.79500000002344</ele>
      </trkpt>
      <trkpt lat="43.6937517" lon="5.0048123">
        <ele>112.50612000000001</ele>
      </trkpt>
      <trkpt lat="43.6935884" lon="5.0052435">
        <ele>111.91824000001088</ele>
      </trkpt>
      <trkpt lat="43.693456" lon="5.0056655">
        <ele>111.0</ele>
      </trkpt>
      <trkpt lat="43.6933759" lon="5.0060783">
        <ele>110.11811999999847</ele>
      </trkpt>
      <trkpt lat="43.6932866" lon="5.0064787">
        <ele>109.50844000000238</ele>
      </trkpt>
      <trkpt lat="43.6930432" lon="5.0073227">
        <ele>106.02839069440415</ele>
      </trkpt>
      <trkpt lat="43.6929702" lon="5.0075516">
        <ele>106.0</ele>
      </trkpt>
      <trkpt lat="43.692883" lon="5.0078248">
        <ele>105.83072000000053</ele>
      </trkpt>
      <trkpt lat="43.6928122" lon="5.0079203">
        <ele>105.48691999999883</ele>
      </trkpt>
      <trkpt lat="43.6927506" lon="5.0079203">
        <ele>105.38907999998665</ele>
      </trkpt>
      <trkpt lat="43.6927401" lon="5.0082468">
        <ele>104.1758800000056</ele>
      </trkpt>
      <trkpt lat="43.6927357" lon="5.0084054">
        <ele>103.58908000000044</ele>
      </trkpt>
      <trkpt lat="43.6927356" lon="5.0084643">
        <ele>103.37667999999599</ele>
      </trkpt>
      <trkpt lat="43.6927324" lon="5.0085628">
        <ele>103.0105599999896</ele>
      </trkpt>
      <trkpt lat="43.6927269" lon="5.0087281">
        <ele>102.7397003343832</ele>
      </trkpt>
      <trkpt lat="43.6926755" lon="5.0102839">
        <ele>98.62368487199996</ele>
      </trkpt>
      <trkpt lat="43.6926435" lon="5.0112535">
        <ele>97.51660000000948</ele>
      </trkpt>
      <trkpt lat="43.6926268" lon="5.011479">
        <ele>97.45647999999755</ele>
      </trkpt>
      <trkpt lat="43.6926848" lon="5.0115049">
        <ele>97.66528000000744</ele>
      </trkpt>
      <trkpt lat="43.6927043" lon="5.0115359">
        <ele>97.73548000000937</ele>
      </trkpt>
      <trkpt lat="43.6927201" lon="5.011561">
        <ele>97.79236000000901</ele>
      </trkpt>
      <trkpt lat="43.6929122" lon="5.0122338">
        <ele>97.97848978560079</ele>
      </trkpt>
      <trkpt lat="43.693058" lon="5.012981">
        <ele>100.49196192000699</ele>
      </trkpt>
      <trkpt lat="43.693085" lon="5.013053">
        <ele>101.300575200039</ele>
      </trkpt>
      <trkpt lat="43.69313" lon="5.013089">
        <ele>101.92439999996155</ele>
      </trkpt>
      <trkpt lat="43.6930978" lon="5.0132282">
        <ele>102.0777599999667</ele>
      </trkpt>
      <trkpt lat="43.693086" lon="5.01338">
        <ele>102.47838720000878</ele>
      </trkpt>
      <trkpt lat="43.6930655" lon="5.0136436">
        <ele>103.1927471680223</ele>
      </trkpt>
      <trkpt lat="43.6929993" lon="5.0139921">
        <ele>103.76399999996609</ele>
      </trkpt>
      <trkpt lat="43.6929884" lon="5.0140427">
        <ele>103.8284399999706</ele>
      </trkpt>
      <trkpt lat="43.6929234" lon="5.014345">
        <ele>105.83528207996757</ele>
      </trkpt>
      <trkpt lat="43.6928604" lon="5.0144902">
        <ele>106.61718863361114</ele>
      </trkpt>
      <trkpt lat="43.6928022" lon="5.0145974">
        <ele>106.54978453765408</ele>
      </trkpt>
      <trkpt lat="43.6927715" lon="5.0146398">
        <ele>106.33875999999336</ele>
      </trkpt>
      <trkpt lat="43.6927683" lon="5.0146689">
        <ele>106.51371999997343</ele>
      </trkpt>
      <trkpt lat="43.6927441" lon="5.0148342">
        <ele>107.44251999998747</ele>
      </trkpt>
      <trkpt lat="43.6927134" lon="5.0149369">
        <ele>107.85040000002817</ele>
      </trkpt>
      <trkpt lat="43.6926569" lon="5.0151045">
        <ele>108.70819842403962</ele>
      </trkpt>
      <trkpt lat="43.6926229" lon="5.0152608">
        <ele>109.51239420167356</ele>
      </trkpt>
      <trkpt lat="43.692602" lon="5.0154306">
        <ele>110.65166124801736</ele>
      </trkpt>
      <trkpt lat="43.6925519" lon="5.0155914">
        <ele>110.95830983356417</ele>
      </trkpt>
      <trkpt lat="43.6923775" lon="5.0160984">
        <ele>111.04666015999268</ele>
      </trkpt>
      <trkpt lat="43.6920205" lon="5.0169651">
        <ele>113.26427976797525</ele>
      </trkpt>
      <trkpt lat="43.6918929" lon="5.0172466">
        <ele>114.14919525439666</ele>
      </trkpt>
      <trkpt lat="43.6918073" lon="5.0173985">
        <ele>115.73136528799941</ele>
      </trkpt>
      <trkpt lat="43.6917169" lon="5.0175347">
        <ele>116.55437159842413</ele>
      </trkpt>
      <trkpt lat="43.6915957" lon="5.0176665">
        <ele>115.67982528800673</ele>
      </trkpt>
      <trkpt lat="43.6914988" lon="5.0178018">
        <ele>114.56467681277</ele>
      </trkpt>
      <trkpt lat="43.6913454" lon="5.0181358">
        <ele>111.32853294724552</ele>
      </trkpt>
      <trkpt lat="43.6912372" lon="5.0184217">
        <ele>109.41400103046283</ele>
      </trkpt>
      <trkpt lat="43.6910724" lon="5.0187556">
        <ele>107.33790100485703</ele>
      </trkpt>
      <trkpt lat="43.6910305" lon="5.0188818">
        <ele>107.22257180792721</ele>
      </trkpt>
      <trkpt lat="43.6909585" lon="5.0190596">
        <ele>106.93272000001645</ele>
      </trkpt>
      <trkpt lat="43.6909545" lon="5.0190694">
        <ele>106.91687999992863</ele>
      </trkpt>
      <trkpt lat="43.6909392" lon="5.0192213">
        <ele>107.40844131845259</ele>
      </trkpt>
      <trkpt lat="43.6909134" lon="5.0194056">
        <ele>107.34166748158943</ele>
      </trkpt>
      <trkpt lat="43.6908722" lon="5.0196167">
        <ele>106.61283280961813</ele>
      </trkpt>
      <trkpt lat="43.6907874" lon="5.0198602">
        <ele>105.00783999995383</ele>
      </trkpt>
      <trkpt lat="43.6906547" lon="5.0202304">
        <ele>102.37887255045008</ele>
      </trkpt>
      <trkpt lat="43.6905884" lon="5.0204172">
        <ele>102.29875893762438</ele>
      </trkpt>
      <trkpt lat="43.6905556" lon="5.0205993">
        <ele>103.15764000001103</ele>
      </trkpt>
      <trkpt lat="43.6905442" lon="5.0206851">
        <ele>103.38459999998426</ele>
      </trkpt>
      <trkpt lat="43.6905334" lon="5.020766">
        <ele>103.59807999999734</ele>
      </trkpt>
      <trkpt lat="43.6905418" lon="5.0209556">
        <ele>103.90095999998812</ele>
      </trkpt>
      <trkpt lat="43.6905695" lon="5.0212201">
        <ele>104.0</ele>
      </trkpt>
      <trkpt lat="43.6906821" lon="5.0216236">
        <ele>102.77011002241125</ele>
      </trkpt>
      <trkpt lat="43.6906985" lon="5.0217653">
        <ele>101.77523999998624</ele>
      </trkpt>
      <trkpt lat="43.6906873" lon="5.0219279">
        <ele>100.64484000000067</ele>
      </trkpt>
      <trkpt lat="43.6906054" lon="5.0224163">
        <ele>98.301320000001</ele>
      </trkpt>
      <trkpt lat="43.6904576" lon="5.0229253">
        <ele>95.59828005121824</ele>
      </trkpt>
      <trkpt lat="43.6901774" lon="5.0227212">
        <ele>93.76871819521307</ele>
      </trkpt>
      <trkpt lat="43.6900018" lon="5.0225933">
        <ele>93.0107834975849</ele>
      </trkpt>
      <trkpt lat="43.6897236" lon="5.0223819">
        <ele>91.16096638080612</ele>
      </trkpt>
      <trkpt lat="43.6896459" lon="5.0223196">
        <ele>89.95896026882316</ele>
      </trkpt>
      <trkpt lat="43.6895682" lon="5.0222466">
        <ele>88.96923767037242</ele>
      </trkpt>
      <trkpt lat="43.6894882" lon="5.022154">
        <ele>88.0694399999952</ele>
      </trkpt>
      <trkpt lat="43.6893464" lon="5.0219776">
        <ele>86.72427069439124</ele>
      </trkpt>
      <trkpt lat="43.6892903" lon="5.0217159">
        <ele>86.90164597920162</ele>
      </trkpt>
      <trkpt lat="43.6892551" lon="5.0214934">
        <ele>88.24752000000163</ele>
      </trkpt>
      <trkpt lat="43.6892186" lon="5.0213395">
        <ele>89.35560000000112</ele>
      </trkpt>
      <trkpt lat="43.689206" lon="5.0212941">
        <ele>89.68247999999693</ele>
      </trkpt>
      <trkpt lat="43.6891986" lon="5.0212675">
        <ele>89.87399999999684</ele>
      </trkpt>
      <trkpt lat="43.6891871" lon="5.021226">
        <ele>90.17279999999704</ele>
      </trkpt>
      <trkpt lat="43.689148" lon="5.0211359">
        <ele>90.62591692803068</ele>
      </trkpt>
      <trkpt lat="43.6891217" lon="5.0211416">
        <ele>90.31260794881163</ele>
      </trkpt>
      <trkpt lat="43.6890948" lon="5.0211358">
        <ele>90.06907503359578</ele>
      </trkpt>
      <trkpt lat="43.6890706" lon="5.0211188">
        <ele>89.91669285120965</ele>
      </trkpt>
      <trkpt lat="43.6890261" lon="5.0211677">
        <ele>89.17753046879373</ele>
      </trkpt>
      <trkpt lat="43.6889981" lon="5.0212109">
        <ele>88.67900120159275</ele>
      </trkpt>
      <trkpt lat="43.6889613" lon="5.0212679">
        <ele>88.0704617808239</ele>
      </trkpt>
      <trkpt lat="43.6889384" lon="5.0213682">
        <ele>87.44423531518174</ele>
      </trkpt>
      <trkpt lat="43.6889324" lon="5.0213886">
        <ele>87.31448290559175</ele>
      </trkpt>
      <trkpt lat="43.6889205" lon="5.0214676">
        <ele>86.91199363201005</ele>
      </trkpt>
      <trkpt lat="43.6889199" lon="5.0214713">
        <ele>86.89347864481186</ele>
      </trkpt>
      <trkpt lat="43.6888611" lon="5.0219485">
        <ele>84.89995999998882</ele>
      </trkpt>
      <trkpt lat="43.6887666" lon="5.0227672">
        <ele>84.9832356607996</ele>
      </trkpt>
      <trkpt lat="43.6887531" lon="5.0228844">
        <ele>85.19620365439874</ele>
      </trkpt>
      <trkpt lat="43.6885956" lon="5.0241274">
        <ele>85.86653354240121</ele>
      </trkpt>
      <trkpt lat="43.6885446" lon="5.0245303">
        <ele>86.0</ele>
      </trkpt>
      <trkpt lat="43.6885244" lon="5.0246897">
        <ele>86.0</ele>
      </trkpt>
      <trkpt lat="43.6885094" lon="5.0248081">
        <ele>86.0</ele>
      </trkpt>
      <trkpt lat="43.6883301" lon="5.0262227">
        <ele>86.59828000000024</ele>
      </trkpt>
      <trkpt lat="43.6883133" lon="5.0263554">
        <ele>86.1205600000003</ele>
      </trkpt>
      <trkpt lat="43.6881713" lon="5.0274763">
        <ele>85.79780886240314</ele>
      </trkpt>
      <trkpt lat="43.6881298" lon="5.0277683">
        <ele>86.24227959359524</ele>
      </trkpt>
      <trkpt lat="43.6880361" lon="5.0284276">
        <ele>87.0</ele>
      </trkpt>
      <trkpt lat="43.6880253" lon="5.0285039">
        <ele>87.0</ele>
      </trkpt>
      <trkpt lat="43.6879848" lon="5.0287885">
        <ele>87.47593580800586</ele>
      </trkpt>
      <trkpt lat="43.6879788" lon="5.0288382">
        <ele>87.59162287360981</ele>
      </trkpt>
      <trkpt lat="43.6879585" lon="5.0290062">
        <ele>88.22047860800335</ele>
      </trkpt>
      <trkpt lat="43.6879576" lon="5.0290827">
        <ele>88.59112398079704</ele>
      </trkpt>
      <trkpt lat="43.6879509" lon="5.0291614">
        <ele>88.97389663039762</ele>
      </trkpt>
      <trkpt lat="43.6879322" lon="5.0292589">
        <ele>89.14745232320192</ele>
      </trkpt>
      <trkpt lat="43.687846" lon="5.0293618">
        <ele>89.52995091199949</ele>
      </trkpt>
      <trkpt lat="43.687832" lon="5.0293422">
        <ele>89.50856921600027</ele>
      </trkpt>
      <trkpt lat="43.6878236" lon="5.0293173">
        <ele>89.45282549119631</ele>
      </trkpt>
      <trkpt lat="43.6878216" lon="5.0292899">
        <ele>89.37365135360139</ele>
      </trkpt>
      <trkpt lat="43.6878264" lon="5.0292632">
        <ele>89.28669009920135</ele>
      </trkpt>
      <trkpt lat="43.6878374" lon="5.0292403">
        <ele>89.20818322879961</ele>
      </trkpt>
      <trkpt lat="43.6878522" lon="5.0292246">
        <ele>89.15268260479874</ele>
      </trkpt>
      <trkpt lat="43.6878697" lon="5.0292161">
        <ele>89.11906947680032</ele>
      </trkpt>
      <trkpt lat="43.6878883" lon="5.0292156">
        <ele>89.10606945920098</ele>
      </trkpt>
      <trkpt lat="43.6879061" lon="5.0292232">
        <ele>89.1095019007999</ele>
      </trkpt>
      <trkpt lat="43.6879212" lon="5.0292382">
        <ele>89.1245572736017</ele>
      </trkpt>
      <trkpt lat="43.6879322" lon="5.0292589">
        <ele>89.14745232320192</ele>
      </trkpt>
      <trkpt lat="43.6879379" lon="5.0292834">
        <ele>89.17799685439738</ele>
      </trkpt>
      <trkpt lat="43.6879379" lon="5.0293091">
        <ele>89.21718462559708</ele>
      </trkpt>
      <trkpt lat="43.6879319" lon="5.0293335">
        <ele>89.26736309599478</ele>
      </trkpt>
      <trkpt lat="43.6879198" lon="5.0293553">
        <ele>89.33187997759204</ele>
      </trkpt>
      <trkpt lat="43.6879031" lon="5.0293703">
        <ele>89.40234362720075</ele>
      </trkpt>
      <trkpt lat="43.6878838" lon="5.0293767">
        <ele>89.46752411839613</ele>
      </trkpt>
      <trkpt lat="43.687864" lon="5.0293737">
        <ele>89.51397267200615</ele>
      </trkpt>
      <trkpt lat="43.687846" lon="5.0293618">
        <ele>89.52995091199949</ele>
      </trkpt>
      <trkpt lat="43.6879319" lon="5.0293335">
        <ele>89.26736309599478</ele>
      </trkpt>
      <trkpt lat="43.6879347" lon="5.0293801">
        <ele>89.33429806880123</ele>
      </trkpt>
      <trkpt lat="43.687939" lon="5.029453">
        <ele>89.45040000000034</ele>
      </trkpt>
      <trkpt lat="43.6879407" lon="5.0294637">
        <ele>89.48280000000464</ele>
      </trkpt>
      <trkpt lat="43.6879544" lon="5.0295474">
        <ele>89.73479999999225</ele>
      </trkpt>
      <trkpt lat="43.6879792" lon="5.029594">
        <ele>89.81327999999799</ele>
      </trkpt>
      <trkpt lat="43.6880342" lon="5.0296973">
        <ele>89.98716000000907</ele>
      </trkpt>
      <trkpt lat="43.6880844" lon="5.0298244">
        <ele>90.26399999999565</ele>
      </trkpt>
      <trkpt lat="43.688096" lon="5.0299451">
        <ele>90.65675999999407</ele>
      </trkpt>
      <trkpt lat="43.6880913" lon="5.0300763">
        <ele>91.14599999998806</ele>
      </trkpt>
      <trkpt lat="43.6880755" lon="5.0302222">
        <ele>91.72812000001208</ele>
      </trkpt>
      <trkpt lat="43.6880657" lon="5.030314">
        <ele>92.08911779198763</ele>
      </trkpt>
      <trkpt lat="43.6880618" lon="5.0303501">
        <ele>92.23202710719946</ele>
      </trkpt>
      <trkpt lat="43.6880443" lon="5.0305132">
        <ele>92.88803999999388</ele>
      </trkpt>
      <trkpt lat="43.6880418" lon="5.0306736">
        <ele>93.07056401919682</ele>
      </trkpt>
      <trkpt lat="43.6880411" lon="5.030722">
        <ele>93.08322236800295</ele>
      </trkpt>
      <trkpt lat="43.6880228" lon="5.0307249">
        <ele>93.18980874880684</ele>
      </trkpt>
      <trkpt lat="43.6877067" lon="5.0307753">
        <ele>95.04696000000169</ele>
      </trkpt>
      <trkpt lat="43.6875573" lon="5.0316737">
        <ele>94.51147999998962</ele>
      </trkpt>
      <trkpt lat="43.6875219" lon="5.0321759">
        <ele>90.24153264159678</ele>
      </trkpt>
      <trkpt lat="43.687482" lon="5.0323122">
        <ele>89.6970700159975</ele>
      </trkpt>
      <trkpt lat="43.6873785" lon="5.0324149">
        <ele>89.60975813599697</ele>
      </trkpt>
      <trkpt lat="43.6873542" lon="5.0326515">
        <ele>90.07027999999468</ele>
      </trkpt>
      <trkpt lat="43.6873438" lon="5.0328021">
        <ele>90.6006432607969</ele>
      </trkpt>
      <trkpt lat="43.6874179" lon="5.0328967">
        <ele>90.59714485280084</ele>
      </trkpt>
      <trkpt lat="43.6874917" lon="5.0329758">
        <ele>90.72145914559741</ele>
      </trkpt>
      <trkpt lat="43.6874714" lon="5.033209">
        <ele>91.0</ele>
      </trkpt>
      <trkpt lat="43.6874038" lon="5.0334828">
        <ele>90.81365213439724</ele>
      </trkpt>
      <trkpt lat="43.6872772" lon="5.0343873">
        <ele>89.04071610239791</ele>
      </trkpt>
      <trkpt lat="43.6872487" lon="5.0345336">
        <ele>88.70963390719876</ele>
      </trkpt>
      <trkpt lat="43.6871983" lon="5.0348608">
        <ele>87.95703645439764</ele>
      </trkpt>
      <trkpt lat="43.6871284" lon="5.0351934">
        <ele>87.66223999999602</ele>
      </trkpt>
      <trkpt lat="43.6870121" lon="5.0355904">
        <ele>88.18977566720409</ele>
      </trkpt>
      <trkpt lat="43.6869228" lon="5.0358693">
        <ele>90.2752309184144</ele>
      </trkpt>
      <trkpt lat="43.6868065" lon="5.0361161">
        <ele>91.49659999998948</ele>
      </trkpt>
      <trkpt lat="43.6865621" lon="5.036497">
        <ele>91.52738089600281</ele>
      </trkpt>
      <trkpt lat="43.6863526" lon="5.0368081">
        <ele>91.4267166623987</ele>
      </trkpt>
      <trkpt lat="43.6861586" lon="5.037012">
        <ele>91.0</ele>
      </trkpt>
      <trkpt lat="43.6859336" lon="5.0372212">
        <ele>90.99764833280065</ele>
      </trkpt>
      <trkpt lat="43.6857591" lon="5.0373499">
        <ele>90.8555941935967</ele>
      </trkpt>
      <trkpt lat="43.6855884" lon="5.0374572">
        <ele>90.86413841920148</ele>
      </trkpt>
      <trkpt lat="43.6851601" lon="5.0376498">
        <ele>90.57635999999047</ele>
      </trkpt>
      <trkpt lat="43.6844774" lon="5.0379395">
        <ele>89.0</ele>
      </trkpt>
      <trkpt lat="43.6836705" lon="5.038256">
        <ele>88.72159999999866</ele>
      </trkpt>
      <trkpt lat="43.6834043" lon="5.0383634">
        <ele>89.10823999999897</ele>
      </trkpt>
      <trkpt lat="43.6829732" lon="5.0385373">
        <ele>90.73427999999919</ele>
      </trkpt>
      <trkpt lat="43.6819653" lon="5.0389527">
        <ele>94.15463999999503</ele>
      </trkpt>
      <trkpt lat="43.6818742" lon="5.0389871">
        <ele>94.10068000001024</ele>
      </trkpt>
      <trkpt lat="43.6818159" lon="5.0390113">
        <ele>93.97791999998893</ele>
      </trkpt>
      <trkpt lat="43.6807863" lon="5.0394382">
        <ele>92.1655136863961</ele>
      </trkpt>
      <trkpt lat="43.6800414" lon="5.0397901">
        <ele>89.11262058560072</ele>
      </trkpt>
      <trkpt lat="43.679719" lon="5.040013">
        <ele>90.0110571200046</ele>
      </trkpt>
      <trkpt lat="43.6794083" lon="5.0402278">
        <ele>90.07321119039501</ele>
      </trkpt>
      <trkpt lat="43.6769749" lon="5.0418672">
        <ele>89.64276869120755</ele>
      </trkpt>
      <trkpt lat="43.6761493" lon="5.042468">
        <ele>88.37432230398997</ele>
      </trkpt>
      <trkpt lat="43.6755347" lon="5.0431289">
        <ele>87.16913587680092</ele>
      </trkpt>
      <trkpt lat="43.674945" lon="5.0438756">
        <ele>86.81147232000374</ele>
      </trkpt>
      <trkpt lat="43.6747026" lon="5.0441864">
        <ele>85.07104000000027</ele>
      </trkpt>
      <trkpt lat="43.674659" lon="5.0442883">
        <ele>85.43787999999941</ele>
      </trkpt>
      <trkpt lat="43.6742981" lon="5.0447309">
        <ele>86.52683999999499</ele>
      </trkpt>
      <trkpt lat="43.6738665" lon="5.045152">
        <ele>87.54719999999949</ele>
      </trkpt>
      <trkpt lat="43.6735299" lon="5.0454202">
        <ele>87.85753881919683</ele>
      </trkpt>
      <trkpt lat="43.6734898" lon="5.0454793">
        <ele>87.88011162559906</ele>
      </trkpt>
      <trkpt lat="43.673494" lon="5.0455262">
        <ele>87.95544531199972</ele>
      </trkpt>
      <trkpt lat="43.6737229" lon="5.046127">
        <ele>88.0</ele>
      </trkpt>
      <trkpt lat="43.6737278" lon="5.0461873">
        <ele>88.0</ele>
      </trkpt>
      <trkpt lat="43.6737084" lon="5.0462343">
        <ele>88.0</ele>
      </trkpt>
      <trkpt lat="43.6721777" lon="5.0474507">
        <ele>88.0</ele>
      </trkpt>
      <trkpt lat="43.6716684" lon="5.0478014">
        <ele>85.92120000000517</ele>
      </trkpt>
      <trkpt lat="43.6704142" lon="5.0487234">
        <ele>86.20570965119532</ele>
      </trkpt>
      <trkpt lat="43.6702468" lon="5.0488628">
        <ele>86.90608000000074</ele>
      </trkpt>
      <trkpt lat="43.6702284" lon="5.0488803">
        <ele>86.96908000000155</ele>
      </trkpt>
      <trkpt lat="43.6696503" lon="5.0474329">
        <ele>84.24156000000158</ele>
      </trkpt>
      <trkpt lat="43.6695789" lon="5.0474601">
        <ele>84.14363999999878</ele>
      </trkpt>
      <trkpt lat="43.6694639" lon="5.0475152">
        <ele>83.9491125887983</ele>
      </trkpt>
      <trkpt lat="43.6691874" lon="5.0476232">
        <ele>84.99678433280663</ele>
      </trkpt>
      <trkpt lat="43.6668127" lon="5.0483213">
        <ele>84.49705419039638</ele>
      </trkpt>
      <trkpt lat="43.6667708" lon="5.0483333">
        <ele>84.62516498559286</ele>
      </trkpt>
      <trkpt lat="43.6633295" lon="5.0493169">
        <ele>82.54084</ele>
      </trkpt>
      <trkpt lat="43.6599641" lon="5.0502868">
        <ele>81.12504228478818</ele>
      </trkpt>
      <trkpt lat="43.6574009" lon="5.051077">
        <ele>79.95618987199987</ele>
      </trkpt>
      <trkpt lat="43.6571096" lon="5.0511908">
        <ele>79.59455999999409</ele>
      </trkpt>
      <trkpt lat="43.657036" lon="5.0512319">
        <ele>79.32959999999275</ele>
      </trkpt>
      <trkpt lat="43.6564796" lon="5.0515227">
        <ele>77.00215048318681</ele>
      </trkpt>
      <trkpt lat="43.6561274" lon="5.0517651">
        <ele>76.94135999999071</ele>
      </trkpt>
      <trkpt lat="43.6557993" lon="5.0520352">
        <ele>76.95997026559807</ele>
      </trkpt>
      <trkpt lat="43.6554599" lon="5.0523746">
        <ele>75.46673787838128</ele>
      </trkpt>
      <trkpt lat="43.6550937" lon="5.052792">
        <ele>75.05120000000062</ele>
      </trkpt>
      <trkpt lat="43.6547988" lon="5.0532122">
        <ele>78.01255999998665</ele>
      </trkpt>
      <trkpt lat="43.6547419" lon="5.0533159">
        <ele>78.79556000001776</ele>
      </trkpt>
      <trkpt lat="43.6544848" lon="5.0537451">
        <ele>79.0</ele>
      </trkpt>
      <trkpt lat="43.654364" lon="5.053953">
        <ele>78.71040000000357</ele>
      </trkpt>
      <trkpt lat="43.6542519" lon="5.0541796">
        <ele>78.32482705919527</ele>
      </trkpt>
      <trkpt lat="43.6539679" lon="5.0548403">
        <ele>78.59465024481075</ele>
      </trkpt>
      <trkpt lat="43.6538792" lon="5.0550783">
        <ele>79.0348800000047</ele>
      </trkpt>
      <trkpt lat="43.6540526" lon="5.0552938">
        <ele>77.76359999999909</ele>
      </trkpt>
      <trkpt lat="43.6541233" lon="5.0553211">
        <ele>77.15627999998719</ele>
      </trkpt>
      <trkpt lat="43.6541844" lon="5.0554085">
        <ele>76.46556000000461</ele>
      </trkpt>
      <trkpt lat="43.6554061" lon="5.0607886">
        <ele>76.53803999999855</ele>
      </trkpt>
      <trkpt lat="43.6559886" lon="5.0634688">
        <ele>78.95335999999833</ele>
      </trkpt>
      <trkpt lat="43.6562541" lon="5.0646652">
        <ele>80.79472000000112</ele>
      </trkpt>
      <trkpt lat="43.6565131" lon="5.0658877">
        <ele>80.19572000000079</ele>
      </trkpt>
      <trkpt lat="43.6565725" lon="5.0660829">
        <ele>80.8984399999986</ele>
      </trkpt>
      <trkpt lat="43.656585" lon="5.0661237">
        <ele>81.04532000000123</ele>
      </trkpt>
      <trkpt lat="43.6555316" lon="5.0661134">
        <ele>79.90552000001264</ele>
      </trkpt>
      <trkpt lat="43.6552225" lon="5.0661083">
        <ele>78.8091061200033</ele>
      </trkpt>
      <trkpt lat="43.6546434" lon="5.0660988">
        <ele>77.31550375680861</ele>
      </trkpt>
      <trkpt lat="43.6541855" lon="5.0660669">
        <ele>78.0</ele>
      </trkpt>
      <trkpt lat="43.6530707" lon="5.0659953">
        <ele>78.97726952159898</ele>
      </trkpt>
      <trkpt lat="43.6519852" lon="5.065888">
        <ele>78.88215449600396</ele>
      </trkpt>
      <trkpt lat="43.6519407" lon="5.0658836">
        <ele>79.00243934080176</ele>
      </trkpt>
      <trkpt lat="43.6519351" lon="5.0659163">
        <ele>79.01004759519685</ele>
      </trkpt>
      <trkpt lat="43.6509289" lon="5.0718063">
        <ele>80.0</ele>
      </trkpt>
      <trkpt lat="43.6509192" lon="5.0718633">
        <ele>80.0</ele>
      </trkpt>
      <trkpt lat="43.6504809" lon="5.0745315">
        <ele>78.77082938400234</ele>
      </trkpt>
      <trkpt lat="43.6504497" lon="5.0747217">
        <ele>78.38224356959067</ele>
      </trkpt>
      <trkpt lat="43.6503031" lon="5.0753072">
        <ele>78.09626433279962</ele>
      </trkpt>
      <trkpt lat="43.6502249" lon="5.0755542">
        <ele>78.99512000000004</ele>
      </trkpt>
      <trkpt lat="43.6501392" lon="5.0757975">
        <ele>79.43452448000596</ele>
      </trkpt>
      <trkpt lat="43.6499392" lon="5.076271">
        <ele>80.12598732800298</ele>
      </trkpt>
      <trkpt lat="43.6497337" lon="5.0767383">
        <ele>80.70080000000536</ele>
      </trkpt>
      <trkpt lat="43.649265" lon="5.0777812">
        <ele>82.2884025600008</ele>
      </trkpt>
      <trkpt lat="43.6491827" lon="5.0779687">
        <ele>82.27658422080779</ele>
      </trkpt>
      <trkpt lat="43.6484743" lon="5.0795035">
        <ele>80.60041024801022</ele>
      </trkpt>
      <trkpt lat="43.6483567" lon="5.0797581">
        <ele>81.01086493920043</ele>
      </trkpt>
      <trkpt lat="43.6483433" lon="5.0797872">
        <ele>81.00839304960043</ele>
      </trkpt>
      <trkpt lat="43.6475227" lon="5.0816187">
        <ele>81.90904000001126</ele>
      </trkpt>
      <trkpt lat="43.6474131" lon="5.0818693">
        <ele>82.72948000000054</ele>
      </trkpt>
      <trkpt lat="43.6473403" lon="5.0820122">
        <ele>82.85976551360223</ele>
      </trkpt>
      <trkpt lat="43.6470604" lon="5.0826008">
        <ele>81.0</ele>
      </trkpt>
      <trkpt lat="43.6469355" lon="5.0828531">
        <ele>81.00873135200216</ele>
      </trkpt>
      <trkpt lat="43.6467427" lon="5.0831796">
        <ele>81.8485124032057</ele>
      </trkpt>
      <trkpt lat="43.6465688" lon="5.0834218">
        <ele>82.20627312639681</ele>
      </trkpt>
      <trkpt lat="43.6462522" lon="5.0837684">
        <ele>81.50791999999728</ele>
      </trkpt>
      <trkpt lat="43.6461032" lon="5.0839004">
        <ele>81.0</ele>
      </trkpt>
      <trkpt lat="43.6448921" lon="5.084527">
        <ele>81.61155999999937</ele>
      </trkpt>
      <trkpt lat="43.6443297" lon="5.0848101">
        <ele>81.0</ele>
      </trkpt>
      <trkpt lat="43.6442375" lon="5.0848565">
        <ele>81.0</ele>
      </trkpt>
      <trkpt lat="43.6442535" lon="5.0849612">
        <ele>81.0</ele>
      </trkpt>
      <trkpt lat="43.6444025" lon="5.085905">
        <ele>80.8489999999938</ele>
      </trkpt>
      <trkpt lat="43.6443632" lon="5.0859228">
        <ele>80.70752000000266</ele>
      </trkpt>
      <trkpt lat="43.6439146" lon="5.0861262">
        <ele>79.95070785920105</ele>
      </trkpt>
      <trkpt lat="43.6434055" lon="5.0863563">
        <ele>80.74019999999973</ele>
      </trkpt>
      <trkpt lat="43.6427966" lon="5.0866346">
        <ele>80.00782221439873</ele>
      </trkpt>
      <trkpt lat="43.6426946" lon="5.0866787">
        <ele>79.98702825919956</ele>
      </trkpt>
      <trkpt lat="43.6424987" lon="5.0867679">
        <ele>79.63258557919433</ele>
      </trkpt>
      <trkpt lat="43.6424225" lon="5.0868018">
        <ele>79.37024792000416</ele>
      </trkpt>
      <trkpt lat="43.6414464" lon="5.0872171">
        <ele>79.01843999999943</ele>
      </trkpt>
      <trkpt lat="43.6412522" lon="5.0872814">
        <ele>78.29487999998753</ele>
      </trkpt>
      <trkpt lat="43.6412589" lon="5.0873221">
        <ele>78.1724799999896</ele>
      </trkpt>
      <trkpt lat="43.6411941" lon="5.0873702">
        <ele>77.76604000000106</ele>
      </trkpt>
      <trkpt lat="43.6410081" lon="5.0874107">
        <ele>77.06985764319927</ele>
      </trkpt>
      <trkpt lat="43.6409716" lon="5.0874635">
        <ele>76.69515433600026</ele>
      </trkpt>
      <trkpt lat="43.6410251" lon="5.0876534">
        <ele>76.69036000000096</ele>
      </trkpt>
      <trkpt lat="43.6410022" lon="5.0876625">
        <ele>76.60792000000947</ele>
      </trkpt>
      <trkpt lat="43.6410309" lon="5.0877971">
        <ele>76.78079999999062</ele>
      </trkpt>
      <trkpt lat="43.6409959" lon="5.0878125">
        <ele>76.71024000000057</ele>
      </trkpt>
      <trkpt lat="43.6409663" lon="5.0878534">
        <ele>76.75092000000905</ele>
      </trkpt>
      <trkpt lat="43.64096" lon="5.087883">
        <ele>76.83479999999815</ele>
      </trkpt>
      <trkpt lat="43.640946" lon="5.0878863">
        <ele>76.79627999999855</ele>
      </trkpt>
      <trkpt lat="43.6409376" lon="5.0878977">
        <ele>76.80708000000345</ele>
      </trkpt>
      <trkpt lat="43.6408712" lon="5.0879893">
        <ele>76.89779999999877</ele>
      </trkpt>
      <trkpt lat="43.6408455" lon="5.0880218">
        <ele>76.92227999999102</ele>
      </trkpt>
      <trkpt lat="43.6408402" lon="5.0880311">
        <ele>76.93667999999946</ele>
      </trkpt>
      <trkpt lat="43.6408164" lon="5.088013">
        <ele>76.85613907200121</ele>
      </trkpt>
      <trkpt lat="43.6407873" lon="5.088009">
        <ele>76.86017467199898</ele>
      </trkpt>
      <trkpt lat="43.6407669" lon="5.0880177">
        <ele>76.8963127247986</ele>
      </trkpt>
      <trkpt lat="43.6405815" lon="5.0882196">
        <ele>78.12596169599595</ele>
      </trkpt>
      <trkpt lat="43.6405723" lon="5.088237">
        <ele>78.26702510399693</ele>
      </trkpt>
      <trkpt lat="43.6405592" lon="5.0882725">
        <ele>78.55175328000762</ele>
      </trkpt>
      <trkpt lat="43.6405563" lon="5.0883202">
        <ele>78.90288671039997</ele>
      </trkpt>
      <trkpt lat="43.6405611" lon="5.088408">
        <ele>79.24884000000316</ele>
      </trkpt>
      <trkpt lat="43.6405568" lon="5.0885743">
        <ele>79.86300000000523</ele>
      </trkpt>
      <trkpt lat="43.6405381" lon="5.0885733">
        <ele>79.87243378080034</ele>
      </trkpt>
      <trkpt lat="43.6405005" lon="5.0885726">
        <ele>79.88883844799915</ele>
      </trkpt>
      <trkpt lat="43.6405007" lon="5.0905954">
        <ele>77.97167346879857</ele>
      </trkpt>
      <trkpt lat="43.6405007" lon="5.0906671">
        <ele>77.92069993119543</ele>
      </trkpt>
      <trkpt lat="43.6405007" lon="5.0907572">
        <ele>77.85664531839214</ele>
      </trkpt>
      <trkpt lat="43.6405018" lon="5.0925857">
        <ele>77.0</ele>
      </trkpt>
      <trkpt lat="43.6405008" lon="5.0929101">
        <ele>77.0</ele>
      </trkpt>
      <trkpt lat="43.6405009" lon="5.0935692">
        <ele>76.19676000000254</ele>
      </trkpt>
      <trkpt lat="43.6405009" lon="5.0943093">
        <ele>79.31671999999719</ele>
      </trkpt>
      <trkpt lat="43.640501" lon="5.0944314">
        <ele>79.75664000000296</ele>
      </trkpt>
      <trkpt lat="43.640501" lon="5.0945442">
        <ele>79.80360000000155</ele>
      </trkpt>
      <trkpt lat="43.640501" lon="5.0949939">
        <ele>78.82556000000011</ele>
      </trkpt>
      <trkpt lat="43.640501" lon="5.0951122">
        <ele>78.47900988800099</ele>
      </trkpt>
      <trkpt lat="43.6404909" lon="5.0951553">
        <ele>78.3382914608049</ele>
      </trkpt>
      <trkpt lat="43.640522" lon="5.0952911">
        <ele>78.0</ele>
      </trkpt>
      <trkpt lat="43.6405863" lon="5.0956022">
        <ele>78.16792000000032</ele>
      </trkpt>
      <trkpt lat="43.6405944" lon="5.09564">
        <ele>78.3040000000014</ele>
      </trkpt>
      <trkpt lat="43.6406234" lon="5.0956711">
        <ele>78.41595999999885</ele>
      </trkpt>
      <trkpt lat="43.6405606" lon="5.0956896">
        <ele>78.48256000000015</ele>
      </trkpt>
      <trkpt lat="43.6403058" lon="5.095783">
        <ele>78.08260054400033</ele>
      </trkpt>
      <trkpt lat="43.6398978" lon="5.0959188">
        <ele>77.93975999999896</ele>
      </trkpt>
      <trkpt lat="43.6398619" lon="5.0959054">
        <ele>77.76228000000003</ele>
      </trkpt>
      <trkpt lat="43.6398294" lon="5.0958726">
        <ele>77.52720000001216</ele>
      </trkpt>
      <trkpt lat="43.6397687" lon="5.0958746">
        <ele>77.31587999999192</ele>
      </trkpt>
      <trkpt lat="43.6395809" lon="5.0959343">
        <ele>76.66979591519241</ele>
      </trkpt>
      <trkpt lat="43.6393921" lon="5.0960047">
        <ele>76.11625240479542</ele>
      </trkpt>
      <trkpt lat="43.6391515" lon="5.0961119">
        <ele>76.94539999998915</ele>
      </trkpt>
      <trkpt lat="43.6390199" lon="5.0961911">
        <ele>76.47164000000339</ele>
      </trkpt>
      <trkpt lat="43.6389398" lon="5.0962702">
        <ele>76.1832800000102</ele>
      </trkpt>
      <trkpt lat="43.6388571" lon="5.0964083">
        <ele>76.0</ele>
      </trkpt>
      <trkpt lat="43.6388361" lon="5.0964447">
        <ele>76.0</ele>
      </trkpt>
      <trkpt lat="43.6387602" lon="5.0965736">
        <ele>76.0</ele>
      </trkpt>
      <trkpt lat="43.6385428" lon="5.0969307">
        <ele>76.23375187838836</ele>
      </trkpt>
      <trkpt lat="43.6383721" lon="5.0971976">
        <ele>77.7718000000084</ele>
      </trkpt>
      <trkpt lat="43.6382939" lon="5.0972667">
        <ele>78.2010106351992</ele>
      </trkpt>
      <trkpt lat="43.6382352" lon="5.0972982">
        <ele>78.29038914559192</ele>
      </trkpt>
      <trkpt lat="43.6380878" lon="5.097331">
        <ele>78.2454230719981</ele>
      </trkpt>
      <trkpt lat="43.6378238" lon="5.0973808">
        <ele>77.04399999999549</ele>
      </trkpt>
      <trkpt lat="43.6377861" lon="5.0974245">
        <ele>77.2445199999948</ele>
      </trkpt>
      <trkpt lat="43.6377829" lon="5.0974567">
        <ele>77.56923999998764</ele>
      </trkpt>
      <trkpt lat="43.6377728" lon="5.097486">
        <ele>77.8317831680011</ele>
      </trkpt>
      <trkpt lat="43.6377567" lon="5.0975097">
        <ele>78.05585081118602</ele>
      </trkpt>
      <trkpt lat="43.6377363" lon="5.0975256">
        <ele>78.1780360064011</ele>
      </trkpt>
      <trkpt lat="43.6377133" lon="5.0975323">
        <ele>78.15202725920875</ele>
      </trkpt>
      <trkpt lat="43.6376912" lon="5.0977019">
        <ele>79.91605552638553</ele>
      </trkpt>
      <trkpt lat="43.637773" lon="5.0980218">
        <ele>82.80968000003986</ele>
      </trkpt>
      <trkpt lat="43.6378394" lon="5.0982819">
        <ele>84.70219999995851</ele>
      </trkpt>
      <trkpt lat="43.6379829" lon="5.0988431">
        <ele>85.38015999997077</ele>
      </trkpt>
      <trkpt lat="43.6380164" lon="5.0989744">
        <ele>85.26927999997639</ele>
      </trkpt>
      <trkpt lat="43.6380328" lon="5.0990523">
        <ele>85.16595999997406</ele>
      </trkpt>
      <trkpt lat="43.6380694" lon="5.0991897">
        <ele>84.96691999999638</ele>
      </trkpt>
      <trkpt lat="43.6380701" lon="5.0992355">
        <ele>84.80456000000129</ele>
      </trkpt>
      <trkpt lat="43.6380771" lon="5.0994913">
        <ele>83.92196282078508</ele>
      </trkpt>
      <trkpt lat="43.6380799" lon="5.0995928">
        <ele>83.60036677120613</ele>
      </trkpt>
      <trkpt lat="43.6380943" lon="5.0998325">
        <ele>83.27895999999146</ele>
      </trkpt>
      <trkpt lat="43.6380996" lon="5.0999348">
        <ele>83.31711999997697</ele>
      </trkpt>
      <trkpt lat="43.6381282" lon="5.1004867">
        <ele>83.816945577598</ele>
      </trkpt>
      <trkpt lat="43.6381648" lon="5.1013109">
        <ele>84.43637729280333</ele>
      </trkpt>
      <trkpt lat="43.6381727" lon="5.101478">
        <ele>84.71356777600441</ele>
      </trkpt>
      <trkpt lat="43.6381752" lon="5.1015312">
        <ele>84.78994647040165</ele>
      </trkpt>
      <trkpt lat="43.6381856" lon="5.1017568">
        <ele>85.64896000000306</ele>
      </trkpt>
      <trkpt lat="43.638191" lon="5.1018751">
        <ele>86.50072</ele>
      </trkpt>
      <trkpt lat="43.6382014" lon="5.1020994">
        <ele>88.67352000000187</ele>
      </trkpt>
      <trkpt lat="43.6382078" lon="5.1022379">
        <ele>90.11288000000309</ele>
      </trkpt>
      <trkpt lat="43.6381367" lon="5.1022649">
        <ele>90.3072799999984</ele>
      </trkpt>
      <trkpt lat="43.6380837" lon="5.1022876">
        <ele>90.47072000000264</ele>
      </trkpt>
      <trkpt lat="43.637805" lon="5.1024071">
        <ele>90.4291199999991</ele>
      </trkpt>
      <trkpt lat="43.6377482" lon="5.1024241">
        <ele>90.16317459517533</ele>
      </trkpt>
      <trkpt lat="43.6371908" lon="5.1026322">
        <ele>88.52975607040334</ele>
      </trkpt>
      <trkpt lat="43.6370089" lon="5.1027196">
        <ele>89.39767845760811</ele>
      </trkpt>
      <trkpt lat="43.6369539" lon="5.102746">
        <ele>89.74105417599282</ele>
      </trkpt>
      <trkpt lat="43.6368601" lon="5.1027993">
        <ele>89.89837205439993</ele>
      </trkpt>
      <trkpt lat="43.6365964" lon="5.1029491">
        <ele>91.11713560960995</ele>
      </trkpt>
      <trkpt lat="43.6363403" lon="5.1030919">
        <ele>92.98115346719472</ele>
      </trkpt>
      <trkpt lat="43.63622" lon="5.1031391">
        <ele>94.53693791998911</ele>
      </trkpt>
      <trkpt lat="43.6361483" lon="5.1031551">
        <ele>95.21365723679342</ele>
      </trkpt>
      <trkpt lat="43.636032" lon="5.1033515">
        <ele>98.17757407999605</ele>
      </trkpt>
      <trkpt lat="43.6359528" lon="5.1034202">
        <ele>98.75993461760166</ele>
      </trkpt>
      <trkpt lat="43.6358908" lon="5.1034751">
        <ele>99.12630327679591</ele>
      </trkpt>
      <trkpt lat="43.6358066" lon="5.1035482">
        <ele>99.37635643521152</ele>
      </trkpt>
      <trkpt lat="43.6357769" lon="5.1036173">
        <ele>99.61596000002288</ele>
      </trkpt>
      <trkpt lat="43.6355838" lon="5.1041056">
        <ele>100.76367999999104</ele>
      </trkpt>
      <trkpt lat="43.635516" lon="5.1042243">
        <ele>100.9582148480318</ele>
      </trkpt>
      <trkpt lat="43.6354488" lon="5.1043018">
        <ele>100.63303600638696</ele>
      </trkpt>
      <trkpt lat="43.6353245" lon="5.1044453">
        <ele>99.67947805604278</ele>
      </trkpt>
      <trkpt lat="43.6352339" lon="5.1044976">
        <ele>99.03657277442423</ele>
      </trkpt>
      <trkpt lat="43.6349767" lon="5.1046515">
        <ele>97.57764000002106</ele>
      </trkpt>
      <trkpt lat="43.6348932" lon="5.1047258">
        <ele>97.25680000000159</ele>
      </trkpt>
      <trkpt lat="43.6348534" lon="5.1047927">
        <ele>97.45191999997985</ele>
      </trkpt>
      <trkpt lat="43.6348135" lon="5.1048853">
        <ele>97.83136000000172</ele>
      </trkpt>
      <trkpt lat="43.6347499" lon="5.1049883">
        <ele>98.11504000001685</ele>
      </trkpt>
      <trkpt lat="43.6346752" lon="5.1050629">
        <ele>98.11431999997671</ele>
      </trkpt>
      <trkpt lat="43.6346074" lon="5.10512">
        <ele>98.0372800000032</ele>
      </trkpt>
      <trkpt lat="43.6345637" lon="5.1051572">
        <ele>97.99048000000653</ele>
      </trkpt>
      <trkpt lat="43.6344626" lon="5.1052435">
        <ele>97.88391999999567</ele>
      </trkpt>
      <trkpt lat="43.6343593" lon="5.10531">
        <ele>97.61896000000058</ele>
      </trkpt>
      <trkpt lat="43.6342738" lon="5.1053464">
        <ele>97.26544000002013</ele>
      </trkpt>
      <trkpt lat="43.634221" lon="5.105369">
        <ele>97.0479999999726</ele>
      </trkpt>
      <trkpt lat="43.634115" lon="5.1053871">
        <ele>96.48832216000577</ele>
      </trkpt>
      <trkpt lat="43.6339387" lon="5.1053986">
        <ele>95.58552297280897</ele>
      </trkpt>
      <trkpt lat="43.6339008" lon="5.1054004">
        <ele>95.39115105279284</ele>
      </trkpt>
      <trkpt lat="43.6338533" lon="5.1054027">
        <ele>95.092919999988</ele>
      </trkpt>
      <trkpt lat="43.6337088" lon="5.105404">
        <ele>94.06656000000646</ele>
      </trkpt>
      <trkpt lat="43.6336119" lon="5.1054551">
        <ele>93.92075999999133</ele>
      </trkpt>
      <trkpt lat="43.633531" lon="5.1055002">
        <ele>93.42201529597185</ele>
      </trkpt>
      <trkpt lat="43.6334571" lon="5.1055472">
        <ele>93.21308488961405</ele>
      </trkpt>
      <trkpt lat="43.6334448" lon="5.105555">
        <ele>93.19544511999224</ele>
      </trkpt>
      <trkpt lat="43.6333202" lon="5.105698">
        <ele>92.7661651840034</ele>
      </trkpt>
      <trkpt lat="43.6332534" lon="5.1057988">
        <ele>92.2767856768148</ele>
      </trkpt>
      <trkpt lat="43.6331808" lon="5.1059421">
        <ele>92.07598685437098</ele>
      </trkpt>
      <trkpt lat="43.6330581" lon="5.1062768">
        <ele>93.21497624319463</ele>
      </trkpt>
      <trkpt lat="43.6329716" lon="5.1065125">
        <ele>92.7910399999655</ele>
      </trkpt>
      <trkpt lat="43.6329192" lon="5.1066217">
        <ele>92.03648000004978</ele>
      </trkpt>
      <trkpt lat="43.6328581" lon="5.1067">
        <ele>90.91663999999912</ele>
      </trkpt>
      <trkpt lat="43.6326873" lon="5.1068117">
        <ele>88.47438492640453</ele>
      </trkpt>
      <trkpt lat="43.6324541" lon="5.1069916">
        <ele>86.35805114238038</ele>
      </trkpt>
      <trkpt lat="43.6323288" lon="5.1071454">
        <ele>84.76635054081417</ele>
      </trkpt>
      <trkpt lat="43.6322314" lon="5.1073368">
        <ele>83.63418833921114</ele>
      </trkpt>
      <trkpt lat="43.6321281" lon="5.1075816">
        <ele>82.32232000001932</ele>
      </trkpt>
      <trkpt lat="43.6320655" lon="5.107684">
        <ele>81.87160000002223</ele>
      </trkpt>
      <trkpt lat="43.6318721" lon="5.1078579">
        <ele>81.21331868640247</ele>
      </trkpt>
      <trkpt lat="43.6318042" lon="5.1079189">
        <ele>81.25154076479515</ele>
      </trkpt>
      <trkpt lat="43.6315453" lon="5.1081642">
        <ele>81.22023184959882</ele>
      </trkpt>
      <trkpt lat="43.631364" lon="5.1084303">
        <ele>81.25947999999278</ele>
      </trkpt>
      <trkpt lat="43.6313147" lon="5.1085322">
        <ele>81.44883999998979</ele>
      </trkpt>
      <trkpt lat="43.6312737" lon="5.1086169">
        <ele>81.60616000000596</ele>
      </trkpt>
      <trkpt lat="43.6310566" lon="5.1090657">
        <ele>82.11912931520894</ele>
      </trkpt>
      <trkpt lat="43.6309996" lon="5.1092365">
        <ele>81.64520201602654</ele>
      </trkpt>
      <trkpt lat="43.6309707" lon="5.1095867">
        <ele>80.73017358238953</ele>
      </trkpt>
      <trkpt lat="43.6309303" lon="5.1098978">
        <ele>80.04724000002989</ele>
      </trkpt>
      <trkpt lat="43.6308844" lon="5.1100726">
        <ele>79.50347157759442</ele>
      </trkpt>
      <trkpt lat="43.630781" lon="5.1103596">
        <ele>78.86709510399729</ele>
      </trkpt>
      <trkpt lat="43.6306898" lon="5.1105572">
        <ele>78.9912189824017</ele>
      </trkpt>
      <trkpt lat="43.6302867" lon="5.11105">
        <ele>75.47211999999968</ele>
      </trkpt>
      <trkpt lat="43.6300792" lon="5.1111692">
        <ele>74.07599999999059</ele>
      </trkpt>
      <trkpt lat="43.6299183" lon="5.1112196">
        <ele>73.43019150719951</ele>
      </trkpt>
      <trkpt lat="43.6298076" lon="5.1111209">
        <ele>73.29652863359759</ele>
      </trkpt>
      <trkpt lat="43.6297602" lon="5.111073">
        <ele>73.27391999999833</ele>
      </trkpt>
      <trkpt lat="43.6296081" lon="5.1108693">
        <ele>73.87051999999977</ele>
      </trkpt>
      <trkpt lat="43.629412" lon="5.1103691">
        <ele>73.88320000000749</ele>
      </trkpt>
      <trkpt lat="43.6292291" lon="5.1099859">
        <ele>73.98859118239925</ele>
      </trkpt>
      <trkpt lat="43.6291778" lon="5.1099225">
        <ele>73.98881767999913</ele>
      </trkpt>
      <trkpt lat="43.6291314" lon="5.1098652">
        <ele>73.87303999999494</ele>
      </trkpt>
      <trkpt lat="43.629003" lon="5.1097931">
        <ele>73.41079999999056</ele>
      </trkpt>
      <trkpt lat="43.6288996" lon="5.1097973">
        <ele>73.03855999998905</ele>
      </trkpt>
      <trkpt lat="43.6287811" lon="5.109823">
        <ele>72.08313908798063</ele>
      </trkpt>
      <trkpt lat="43.6286352" lon="5.1098786">
        <ele>70.65929989118062</ele>
      </trkpt>
      <trkpt lat="43.6285767" lon="5.1098952">
        <ele>70.2066625536161</ele>
      </trkpt>
      <trkpt lat="43.6285134" lon="5.1099131">
        <ele>69.85103540161315</ele>
      </trkpt>
      <trkpt lat="43.6282889" lon="5.1098507">
        <ele>68.59410469921048</ele>
      </trkpt>
      <trkpt lat="43.6282633" lon="5.1093879">
        <ele>67.2922000000026</ele>
      </trkpt>
      <trkpt lat="43.6282343" lon="5.1091547">
        <ele>66.31468111841806</ele>
      </trkpt>
      <trkpt lat="43.6281989" lon="5.1089291">
        <ele>66.4734180496101</ele>
      </trkpt>
      <trkpt lat="43.6282284" lon="5.1087587">
        <ele>66.86671999997452</ele>
      </trkpt>
      <trkpt lat="43.628291" lon="5.1083502">
        <ele>66.88981254398956</ele>
      </trkpt>
      <trkpt lat="43.6282874" lon="5.1078023">
        <ele>66.0</ele>
      </trkpt>
      <trkpt lat="43.6282465" lon="5.1068599">
        <ele>69.01647999997783</ele>
      </trkpt>
      <trkpt lat="43.6282453" lon="5.1068329">
        <ele>68.83071999997446</ele>
      </trkpt>
      <trkpt lat="43.6282315" lon="5.1061441">
        <ele>64.3373200000176</ele>
      </trkpt>
      <trkpt lat="43.6282381" lon="5.1059647">
        <ele>64.19419178561867</ele>
      </trkpt>
      <trkpt lat="43.628263" lon="5.1057935">
        <ele>64.46738224000852</ele>
      </trkpt>
      <trkpt lat="43.6283295" lon="5.1055655">
        <ele>65.9155880799987</ele>
      </trkpt>
      <trkpt lat="43.6283614" lon="5.105431">
        <ele>66.94210633600265</ele>
      </trkpt>
      <trkpt lat="43.6283719" lon="5.1053352">
        <ele>67.69669899519438</ele>
      </trkpt>
      <trkpt lat="43.6283604" lon="5.105262">
        <ele>68.15423999999456</ele>
      </trkpt>
      <trkpt lat="43.6283311" lon="5.1052079">
        <ele>68.23547999997817</ele>
      </trkpt>
      <trkpt lat="43.6282876" lon="5.1052016">
        <ele>67.94496000000095</ele>
      </trkpt>
      <trkpt lat="43.6282398" lon="5.1052161">
        <ele>67.54860000002202</ele>
      </trkpt>
      <trkpt lat="43.6281748" lon="5.105235">
        <ele>67.01255999997363</ele>
      </trkpt>
      <trkpt lat="43.6281292" lon="5.1052877">
        <ele>66.48504991357565</ele>
      </trkpt>
      <trkpt lat="43.6280703" lon="5.105321">
        <ele>65.94230075198264</ele>
      </trkpt>
      <trkpt lat="43.6280067" lon="5.105327">
        <ele>65.50220593600223</ele>
      </trkpt>
      <trkpt lat="43.627945" lon="5.105305">
        <ele>65.14500399997804</ele>
      </trkpt>
      <trkpt lat="43.6279686" lon="5.1054661">
        <ele>64.90818859841232</ele>
      </trkpt>
      <trkpt lat="43.6279845" lon="5.105638">
        <ele>64.82012143999134</ele>
      </trkpt>
      <trkpt lat="43.6279913" lon="5.106229">
        <ele>66.98194779200375</ele>
      </trkpt>
      <trkpt lat="43.6279665" lon="5.1064239">
        <ele>68.12604000000084</ele>
      </trkpt>
      <trkpt lat="43.6279318" lon="5.1066126">
        <ele>68.80536000000018</ele>
      </trkpt>
      <trkpt lat="43.6278655" lon="5.1067622">
        <ele>69.21721987199726</ele>
      </trkpt>
      <trkpt lat="43.6278399" lon="5.1067728">
        <ele>69.17089674239405</ele>
      </trkpt>
      <trkpt lat="43.627459" lon="5.1069171">
        <ele>66.75396000000768</ele>
      </trkpt>
      <trkpt lat="43.6273102" lon="5.1069747">
        <ele>66.24772571518987</ele>
      </trkpt>
      <trkpt lat="43.6265243" lon="5.1072737">
        <ele>63.48747999999932</ele>
      </trkpt>
      <trkpt lat="43.6264795" lon="5.1072905">
        <ele>63.3262000000077</ele>
      </trkpt>
      <trkpt lat="43.6264475" lon="5.1073066">
        <ele>63.210999999991145</ele>
      </trkpt>
      <trkpt lat="43.6264255" lon="5.1073187">
        <ele>63.13180000001239</ele>
      </trkpt>
      <trkpt lat="43.6263437" lon="5.1073996">
        <ele>62.89611905919923</ele>
      </trkpt>
      <trkpt lat="43.6262704" lon="5.1074972">
        <ele>62.57773972480991</ele>
      </trkpt>
      <trkpt lat="43.6262333" lon="5.1075867">
        <ele>62.43988000000945</ele>
      </trkpt>
      <trkpt lat="43.6260159" lon="5.1080548">
        <ele>61.99906769279958</ele>
      </trkpt>
      <trkpt lat="43.6260102" lon="5.1080719">
        <ele>62.037464604799894</ele>
      </trkpt>
      <trkpt lat="43.625912" lon="5.1083034">
        <ele>62.252682367998254</ele>
      </trkpt>
      <trkpt lat="43.6255562" lon="5.1091469">
        <ele>65.92436509121066</ele>
      </trkpt>
      <trkpt lat="43.625528" lon="5.1092269">
        <ele>65.9008000000099</ele>
      </trkpt>
      <trkpt lat="43.6253569" lon="5.1096805">
        <ele>65.28483999999935</ele>
      </trkpt>
      <trkpt lat="43.6251916" lon="5.1102267">
        <ele>65.37952000000587</ele>
      </trkpt>
      <trkpt lat="43.6251722" lon="5.1102934">
        <ele>65.26121569921047</ele>
      </trkpt>
      <trkpt lat="43.6251627" lon="5.1103311">
        <ele>65.25096518878085</ele>
      </trkpt>
      <trkpt lat="43.6251429" lon="5.1104201">
        <ele>65.27766152160088</ele>
      </trkpt>
      <trkpt lat="43.6250103" lon="5.1111039">
        <ele>65.03707999999824</ele>
      </trkpt>
      <trkpt lat="43.6249935" lon="5.1112002">
        <ele>65.0</ele>
      </trkpt>
      <trkpt lat="43.6248898" lon="5.1115312">
        <ele>65.10582481919371</ele>
      </trkpt>
      <trkpt lat="43.6248718" lon="5.1115647">
        <ele>65.04870952320474</ele>
      </trkpt>
      <trkpt lat="43.6248623" lon="5.1115942">
        <ele>65.00632686718201</ele>
      </trkpt>
      <trkpt lat="43.6248584" lon="5.1116399">
        <ele>64.98236094720508</ele>
      </trkpt>
      <trkpt lat="43.624867" lon="5.1116865">
        <ele>65.042400000013</ele>
      </trkpt>
      <trkpt lat="43.6248861" lon="5.1117259">
        <ele>65.17991999998321</ele>
      </trkpt>
      <trkpt lat="43.6249058" lon="5.1117451">
        <ele>65.32176000000345</ele>
      </trkpt>
      <trkpt lat="43.6249304" lon="5.1117609">
        <ele>65.49887999997554</ele>
      </trkpt>
      <trkpt lat="43.6249199" lon="5.1119082">
        <ele>65.42328000001362</ele>
      </trkpt>
      <trkpt lat="43.6249046" lon="5.1120124">
        <ele>65.55776000000611</ele>
      </trkpt>
      <trkpt lat="43.6248722" lon="5.1121702">
        <ele>65.89255999999193</ele>
      </trkpt>
      <trkpt lat="43.6248306" lon="5.1124756">
        <ele>65.4244316544111</ele>
      </trkpt>
      <trkpt lat="43.6246031" lon="5.114149">
        <ele>63.49243999999311</ele>
      </trkpt>
      <trkpt lat="43.624516" lon="5.114789">
        <ele>65.25759999999946</ele>
      </trkpt>
      <trkpt lat="43.6244367" lon="5.1153463">
        <ele>65.02788000001146</ele>
      </trkpt>
      <trkpt lat="43.6243415" lon="5.1159249">
        <ele>65.0</ele>
      </trkpt>
      <trkpt lat="43.6242665" lon="5.116416">
        <ele>65.73820000000956</ele>
      </trkpt>
      <trkpt lat="43.6242506" lon="5.1165156">
        <ele>66.15399999998613</ele>
      </trkpt>
      <trkpt lat="43.6241894" lon="5.1168206">
        <ele>66.96351245440178</ele>
      </trkpt>
      <trkpt lat="43.6241786" lon="5.1168816">
        <ele>66.99028072959966</ele>
      </trkpt>
      <trkpt lat="43.6241318" lon="5.1170896">
        <ele>66.53736826879933</ele>
      </trkpt>
      <trkpt lat="43.6241195" lon="5.1171537">
        <ele>66.28856626399978</ele>
      </trkpt>
      <trkpt lat="43.6240626" lon="5.1173877">
        <ele>65.40427999999963</ele>
      </trkpt>
      <trkpt lat="43.6239866" lon="5.1177441">
        <ele>64.43035261760559</ele>
      </trkpt>
      <trkpt lat="43.6236478" lon="5.1188971">
        <ele>67.02955999999949</ele>
      </trkpt>
      <trkpt lat="43.6236187" lon="5.1189927">
        <ele>67.37371999999903</ele>
      </trkpt>
      <trkpt lat="43.6235244" lon="5.1191901">
        <ele>67.68784000000323</ele>
      </trkpt>
      <trkpt lat="43.6234957" lon="5.1192095">
        <ele>67.58451999999807</ele>
      </trkpt>
      <trkpt lat="43.6234795" lon="5.1192303">
        <ele>67.52620000000707</ele>
      </trkpt>
      <trkpt lat="43.6234672" lon="5.1192568">
        <ele>67.48192000000108</ele>
      </trkpt>
      <trkpt lat="43.6234592" lon="5.11929">
        <ele>67.4531199999974</ele>
      </trkpt>
      <trkpt lat="43.6234597" lon="5.1193382">
        <ele>67.45491999999285</ele>
      </trkpt>
      <trkpt lat="43.6234668" lon="5.1193729">
        <ele>67.48048000001017</ele>
      </trkpt>
      <trkpt lat="43.6234264" lon="5.1196406">
        <ele>67.0984481535992</ele>
      </trkpt>
      <trkpt lat="43.6232612" lon="5.1201215">
        <ele>66.82227999999458</ele>
      </trkpt>
      <trkpt lat="43.6230831" lon="5.1209105">
        <ele>66.0</ele>
      </trkpt>
      <trkpt lat="43.6230509" lon="5.121177">
        <ele>66.23720000000111</ele>
      </trkpt>
      <trkpt lat="43.6230657" lon="5.121315">
        <ele>66.73400000000021</ele>
      </trkpt>
      <trkpt lat="43.6231172" lon="5.1214738">
        <ele>67.54352349439944</ele>
      </trkpt>
      <trkpt lat="43.6231456" lon="5.1216658">
        <ele>68.6706113791954</ele>
      </trkpt>
      <trkpt lat="43.6231427" lon="5.1218637">
        <ele>69.6181278703953</ele>
      </trkpt>
      <trkpt lat="43.6231018" lon="5.1220342">
        <ele>70.05379301760061</ele>
      </trkpt>
      <trkpt lat="43.6229596" lon="5.1222771">
        <ele>69.52524512640481</ele>
      </trkpt>
      <trkpt lat="43.6225751" lon="5.1227186">
        <ele>68.78723749440344</ele>
      </trkpt>
      <trkpt lat="43.6224502" lon="5.1228744">
        <ele>69.29619924478263</ele>
      </trkpt>
      <trkpt lat="43.6223191" lon="5.1229964">
        <ele>69.7899280704065</ele>
      </trkpt>
      <trkpt lat="43.6221136" lon="5.1231518">
        <ele>69.60895999999548</ele>
      </trkpt>
      <trkpt lat="43.6207893" lon="5.124127">
        <ele>71.87983665599975</ele>
      </trkpt>
      <trkpt lat="43.620503" lon="5.1244263">
        <ele>72.5562799999937</ele>
      </trkpt>
      <trkpt lat="43.6203895" lon="5.1245427">
        <ele>72.01585381600997</ele>
      </trkpt>
      <trkpt lat="43.6199421" lon="5.1248922">
        <ele>72.03125720958894</ele>
      </trkpt>
      <trkpt lat="43.6194573" lon="5.1252622">
        <ele>71.05867538240052</ele>
      </trkpt>
      <trkpt lat="43.6191028" lon="5.1255375">
        <ele>70.29491999999857</ele>
      </trkpt>
      <trkpt lat="43.6187242" lon="5.1258074">
        <ele>72.55487127679007</ele>
      </trkpt>
      <trkpt lat="43.6184563" lon="5.1260791">
        <ele>73.88476000000037</ele>
      </trkpt>
      <trkpt lat="43.6180387" lon="5.126484">
        <ele>73.2210399999957</ele>
      </trkpt>
      <trkpt lat="43.6177363" lon="5.1267378">
        <ele>71.59027786557128</ele>
      </trkpt>
      <trkpt lat="43.617576" lon="5.126897">
        <ele>70.42313087999595</ele>
      </trkpt>
      <trkpt lat="43.6173525" lon="5.1271842">
        <ele>70.79043672000303</ele>
      </trkpt>
      <trkpt lat="43.6172008" lon="5.1273922">
        <ele>71.76616000000644</ele>
      </trkpt>
      <trkpt lat="43.6171423" lon="5.1274924">
        <ele>72.54808000001833</ele>
      </trkpt>
      <trkpt lat="43.6171012" lon="5.1276106">
        <ele>72.64667034879638</ele>
      </trkpt>
      <trkpt lat="43.6170709" lon="5.1277213">
        <ele>72.72683939678384</ele>
      </trkpt>
      <trkpt lat="43.6170416" lon="5.1278634">
        <ele>73.05853002239719</ele>
      </trkpt>
      <trkpt lat="43.6170145" lon="5.1280579">
        <ele>73.49978286397535</ele>
      </trkpt>
      <trkpt lat="43.6169853" lon="5.1282539">
        <ele>74.20983799355992</ele>
      </trkpt>
      <trkpt lat="43.6169582" lon="5.1284379">
        <ele>74.08632261761174</ele>
      </trkpt>
      <trkpt lat="43.6169257" lon="5.1285516">
        <ele>73.61646308477161</ele>
      </trkpt>
      <trkpt lat="43.6168694" lon="5.1287192">
        <ele>72.92711534081262</ele>
      </trkpt>
      <trkpt lat="43.6167817" lon="5.1289302">
        <ele>71.93590792641895</ele>
      </trkpt>
      <trkpt lat="43.6167633" lon="5.1289693">
        <ele>71.82598430238777</ele>
      </trkpt>
      <trkpt lat="43.6166679" lon="5.1291725">
        <ele>70.95355999998799</ele>
      </trkpt>
      <trkpt lat="43.6163614" lon="5.1300388">
        <ele>67.86031999999875</ele>
      </trkpt>
      <trkpt lat="43.6162771" lon="5.1302848">
        <ele>66.98982631679968</ele>
      </trkpt>
      <trkpt lat="43.6161296" lon="5.130715">
        <ele>66.06656000000248</ele>
      </trkpt>
      <trkpt lat="43.615588" lon="5.1322006">
        <ele>69.00008000001782</ele>
      </trkpt>
      <trkpt lat="43.6155274" lon="5.1323622">
        <ele>70.00784000000147</ele>
      </trkpt>
      <trkpt lat="43.6154808" lon="5.1324654">
        <ele>70.7508800000005</ele>
      </trkpt>
      <trkpt lat="43.6154126" lon="5.1325657">
        <ele>71.11479734719892</ele>
      </trkpt>
      <trkpt lat="43.6152165" lon="5.1327497">
        <ele>71.1983017519917</ele>
      </trkpt>
      <trkpt lat="43.6150313" lon="5.1329262">
        <ele>71.88732000000618</ele>
      </trkpt>
      <trkpt lat="43.6149501" lon="5.1330519">
        <ele>72.0</ele>
      </trkpt>
      <trkpt lat="43.6149067" lon="5.1331432">
        <ele>71.79045685760103</ele>
      </trkpt>
      <trkpt lat="43.6148688" lon="5.1332539">
        <ele>71.62321537279136</ele>
      </trkpt>
      <trkpt lat="43.6148526" lon="5.1333825">
        <ele>71.35364000000453</ele>
      </trkpt>
      <trkpt lat="43.614858" lon="5.1335381">
        <ele>70.77404000000678</ele>
      </trkpt>
      <trkpt lat="43.6148872" lon="5.1339436">
        <ele>70.59391999999389</ele>
      </trkpt>
      <trkpt lat="43.6148851" lon="5.1341141">
        <ele>70.58636000000797</ele>
      </trkpt>
      <trkpt lat="43.6148688" lon="5.1342413">
        <ele>70.38590293760899</ele>
      </trkpt>
      <trkpt lat="43.6148352" lon="5.1343864">
        <ele>70.08498821120081</ele>
      </trkpt>
      <trkpt lat="43.6147475" lon="5.1346408">
        <ele>70.0</ele>
      </trkpt>
      <trkpt lat="43.6145904" lon="5.1350612">
        <ele>70.3360849407978</ele>
      </trkpt>
      <trkpt lat="43.6144962" lon="5.1353158">
        <ele>71.48558348159003</ele>
      </trkpt>
      <trkpt lat="43.6141946" lon="5.1361174">
        <ele>74.09828332159148</ele>
      </trkpt>
      <trkpt lat="43.6139333" lon="5.1368448">
        <ele>73.46124784639707</ele>
      </trkpt>
      <trkpt lat="43.6137176" lon="5.1374535">
        <ele>73.0</ele>
      </trkpt>
      <trkpt lat="43.6137" lon="5.1375356">
        <ele>72.87184000000127</ele>
      </trkpt>
      <trkpt lat="43.6136875" lon="5.1376088">
        <ele>72.6083200000009</ele>
      </trkpt>
      <trkpt lat="43.6136341" lon="5.1382839">
        <ele>71.0</ele>
      </trkpt>
      <trkpt lat="43.6136032" lon="5.1384115">
        <ele>71.30186572800042</ele>
      </trkpt>
      <trkpt lat="43.6135334" lon="5.1387001">
        <ele>72.32036000000119</ele>
      </trkpt>
      <trkpt lat="43.6130143" lon="5.1404841">
        <ele>72.48392528482064</ele>
      </trkpt>
      <trkpt lat="43.6126542" lon="5.1417115">
        <ele>74.01779273600192</ele>
      </trkpt>
      <trkpt lat="43.6125778" lon="5.1420206">
        <ele>73.83431999997867</ele>
      </trkpt>
      <trkpt lat="43.612509" lon="5.1423367">
        <ele>74.0781526880243</ele>
      </trkpt>
      <trkpt lat="43.6124384" lon="5.1427469">
        <ele>74.469970841613</ele>
      </trkpt>
      <trkpt lat="43.6123844" lon="5.1432183">
        <ele>74.75356000002421</ele>
      </trkpt>
      <trkpt lat="43.6123807" lon="5.1434347">
        <ele>75.29776584161709</ele>
      </trkpt>
      <trkpt lat="43.6123863" lon="5.1436481">
        <ele>75.64518505119123</ele>
      </trkpt>
      <trkpt lat="43.6124347" lon="5.144112">
        <ele>76.0</ele>
      </trkpt>
      <trkpt lat="43.6125304" lon="5.1448589">
        <ele>76.43819114240513</ele>
      </trkpt>
      <trkpt lat="43.6125493" lon="5.1450084">
        <ele>76.79228000000774</ele>
      </trkpt>
      <trkpt lat="43.6125487" lon="5.1451272">
        <ele>76.3667600000075</ele>
      </trkpt>
      <trkpt lat="43.6125518" lon="5.1452923">
        <ele>75.77098917440378</ele>
      </trkpt>
      <trkpt lat="43.61254" lon="5.1454962">
        <ele>75.18291007999738</ele>
      </trkpt>
      <trkpt lat="43.6125033" lon="5.1456946">
        <ele>75.0</ele>
      </trkpt>
      <trkpt lat="43.612445" lon="5.1459306">
        <ele>75.12866831999769</ele>
      </trkpt>
      <trkpt lat="43.6123703" lon="5.1461503">
        <ele>75.0</ele>
      </trkpt>
      <trkpt lat="43.6122605" lon="5.1464362">
        <ele>74.8296799999996</ele>
      </trkpt>
      <trkpt lat="43.6121651" lon="5.1466735">
        <ele>74.0</ele>
      </trkpt>
      <trkpt lat="43.6121439" lon="5.1467364">
        <ele>74.0</ele>
      </trkpt>
      <trkpt lat="43.6120709" lon="5.1469535">
        <ele>74.01775917600092</ele>
      </trkpt>
      <trkpt lat="43.6120355" lon="5.1471253">
        <ele>74.43765597600566</ele>
      </trkpt>
      <trkpt lat="43.612021" lon="5.1473414">
        <ele>74.72440000000506</ele>
      </trkpt>
      <trkpt lat="43.6119696" lon="5.1481057">
        <ele>75.07361210879297</ele>
      </trkpt>
      <trkpt lat="43.6118301" lon="5.1500767">
        <ele>76.66082203681071</ele>
      </trkpt>
      <trkpt lat="43.6113105" lon="5.1568563">
        <ele>75.91045229600242</ele>
      </trkpt>
      <trkpt lat="43.6111708" lon="5.1585952">
        <ele>74.05728000000101</ele>
      </trkpt>
      <trkpt lat="43.6111184" lon="5.1592253">
        <ele>75.23178126080705</ele>
      </trkpt>
      <trkpt lat="43.6109925" lon="5.1608832">
        <ele>79.10286496000076</ele>
      </trkpt>
      <trkpt lat="43.610953" lon="5.1615329">
        <ele>80.60338395201896</ele>
      </trkpt>
      <trkpt lat="43.6109323" lon="5.1620647">
        <ele>84.21335926241798</ele>
      </trkpt>
      <trkpt lat="43.6108546" lon="5.1629445">
        <ele>87.0306086880047</ele>
      </trkpt>
      <trkpt lat="43.6107109" lon="5.1640549">
        <ele>89.77498419359867</ele>
      </trkpt>
      <trkpt lat="43.6104895" lon="5.1651278">
        <ele>91.07959297600185</ele>
      </trkpt>
      <trkpt lat="43.6102932" lon="5.1659478">
        <ele>94.24551999998812</ele>
      </trkpt>
      <trkpt lat="43.6100495" lon="5.1669499">
        <ele>90.99650015200005</ele>
      </trkpt>
      <trkpt lat="43.6098751" lon="5.1676448">
        <ele>90.2152516608065</ele>
      </trkpt>
      <trkpt lat="43.6096051" lon="5.1686587">
        <ele>89.77104463517934</ele>
      </trkpt>
      <trkpt lat="43.6094496" lon="5.1692759">
        <ele>89.59549853440572</ele>
      </trkpt>
      <trkpt lat="43.609372" lon="5.1696672">
        <ele>89.5215999999964</ele>
      </trkpt>
      <trkpt lat="43.6090591" lon="5.1707031">
        <ele>91.7744799999773</ele>
      </trkpt>
      <trkpt lat="43.6089533" lon="5.1710474">
        <ele>92.35754399676904</ele>
      </trkpt>
      <trkpt lat="43.6086951" lon="5.1719782">
        <ele>93.61286278720505</ele>
      </trkpt>
      <trkpt lat="43.6085552" lon="5.1725361">
        <ele>94.33124000000862</ele>
      </trkpt>
      <trkpt lat="43.6084887" lon="5.1727886">
        <ele>95.4017199999929</ele>
      </trkpt>
      <trkpt lat="43.6081823" lon="5.1738235">
        <ele>94.54371999998966</ele>
      </trkpt>
      <trkpt lat="43.6077939" lon="5.1751324">
        <ele>95.36056000001975</ele>
      </trkpt>
      <trkpt lat="43.6074366" lon="5.1764199">
        <ele>96.11163999999985</ele>
      </trkpt>
      <trkpt lat="43.6070792" lon="5.177643">
        <ele>97.00007999999684</ele>
      </trkpt>
      <trkpt lat="43.6067017" lon="5.178894">
        <ele>97.73400121598593</ele>
      </trkpt>
      <trkpt lat="43.6064728" lon="5.1794928">
        <ele>98.3432539136088</ele>
      </trkpt>
      <trkpt lat="43.6062247" lon="5.1805827">
        <ele>101.67552000001524</ele>
      </trkpt>
      <trkpt lat="43.606077" lon="5.1811674">
        <ele>103.71872419201236</ele>
      </trkpt>
      <trkpt lat="43.6061077" lon="5.1816708">
        <ele>104.04651999995406</ele>
      </trkpt>
      <trkpt lat="43.6061621" lon="5.1819229">
        <ele>102.14552308642102</ele>
      </trkpt>
      <trkpt lat="43.6061504" lon="5.1824164">
        <ele>102.67455221762442</ele>
      </trkpt>
      <trkpt lat="43.6061466" lon="5.182926">
        <ele>102.67630726397842</ele>
      </trkpt>
      <trkpt lat="43.606166" lon="5.1831192">
        <ele>102.59104588797999</ele>
      </trkpt>
      <trkpt lat="43.6061" lon="5.1834196">
        <ele>103.79701760002186</ele>
      </trkpt>
      <trkpt lat="43.6059213" lon="5.1839185">
        <ele>102.29379808800999</ele>
      </trkpt>
      <trkpt lat="43.6057504" lon="5.1844603">
        <ele>102.492800000035</ele>
      </trkpt>
      <trkpt lat="43.6056804" lon="5.1848572">
        <ele>103.75280000005296</ele>
      </trkpt>
      <trkpt lat="43.6055173" lon="5.1858175">
        <ele>105.37186007997154</ele>
      </trkpt>
      <trkpt lat="43.605358" lon="5.1866972">
        <ele>107.94550489597292</ele>
      </trkpt>
      <trkpt lat="43.6051638" lon="5.1876736">
        <ele>104.59948641280225</ele>
      </trkpt>
      <trkpt lat="43.6050356" lon="5.1883012">
        <ele>105.87183999999706</ele>
      </trkpt>
      <trkpt lat="43.6050019" lon="5.1884758">
        <ele>105.4837880992041</ele>
      </trkpt>
      <trkpt lat="43.6048492" lon="5.1887464">
        <ele>106.08576000002358</ele>
      </trkpt>
      <trkpt lat="43.6047757" lon="5.1890273">
        <ele>106.11668000001634</ele>
      </trkpt>
      <trkpt lat="43.6046054" lon="5.189239">
        <ele>106.16016000001196</ele>
      </trkpt>
      <trkpt lat="43.6039155" lon="5.1901145">
        <ele>106.39620000000457</ele>
      </trkpt>
      <trkpt lat="43.6036374" lon="5.1905197">
        <ele>107.02222386881259</ele>
      </trkpt>
      <trkpt lat="43.6036001" lon="5.1905741">
        <ele>107.07663363359113</ele>
      </trkpt>
      <trkpt lat="43.6033499" lon="5.1909385">
        <ele>107.9177802960108</ele>
      </trkpt>
      <trkpt lat="43.6026041" lon="5.1921144">
        <ele>112.89473315838842</ele>
      </trkpt>
      <trkpt lat="43.6025003" lon="5.1922949">
        <ele>112.73483742876788</ele>
      </trkpt>
      <trkpt lat="43.6024363" lon="5.1924062">
        <ele>113.02563999999245</ele>
      </trkpt>
      <trkpt lat="43.6021877" lon="5.1930242">
        <ele>111.81910254716983</ele>
      </trkpt>
      <trkpt lat="43.6017464" lon="5.1943116">
        <ele>113.67104599034958</ele>
      </trkpt>
      <trkpt lat="43.6012926" lon="5.1956935">
        <ele>114.69327999999496</ele>
      </trkpt>
      <trkpt lat="43.6011245" lon="5.1962289">
        <ele>115.90360000001874</ele>
      </trkpt>
      <trkpt lat="43.6005141" lon="5.1980698">
        <ele>115.29848000001402</ele>
      </trkpt>
      <trkpt lat="43.5996455" lon="5.2007403">
        <ele>116.75758490399764</ele>
      </trkpt>
      <trkpt lat="43.5992601" lon="5.2019506">
        <ele>120.68579999999201</ele>
      </trkpt>
      <trkpt lat="43.5983743" lon="5.2049851">
        <ele>125.85251999998854</ele>
      </trkpt>
      <trkpt lat="43.5980256" lon="5.206277">
        <ele>130.42376409600007</ele>
      </trkpt>
      <trkpt lat="43.5979902" lon="5.2064363">
        <ele>130.40596000000676</ele>
      </trkpt>
      <trkpt lat="43.5977206" lon="5.2088332">
        <ele>135.37041319678457</ele>
      </trkpt>
      <trkpt lat="43.5973955" lon="5.2118289">
        <ele>135.9721158480233</ele>
      </trkpt>
      <trkpt lat="43.5972609" lon="5.2135774">
        <ele>140.98211999999228</ele>
      </trkpt>
      <trkpt lat="43.5981966" lon="5.2142669">
        <ele>134.49223999999504</ele>
      </trkpt>
      <trkpt lat="43.5990104" lon="5.2148456">
        <ele>133.88159999999175</ele>
      </trkpt>
      <trkpt lat="43.5992801" lon="5.2150519">
        <ele>135.89301798241033</ele>
      </trkpt>
      <trkpt lat="43.5993759" lon="5.2151327">
        <ele>136.8663178127838</ele>
      </trkpt>
      <trkpt lat="43.5994783" lon="5.2151955">
        <ele>137.82568000000458</ele>
      </trkpt>
      <trkpt lat="43.5996293" lon="5.2151932">
        <ele>138.36099999998737</ele>
      </trkpt>
      <trkpt lat="43.5997284" lon="5.2151775">
        <ele>138.6692686399839</ele>
      </trkpt>
      <trkpt lat="43.5998275" lon="5.2151327">
        <ele>139.05466412001888</ele>
      </trkpt>
      <trkpt lat="43.5999526" lon="5.2150721">
        <ele>139.70301131841086</ele>
      </trkpt>
      <trkpt lat="43.6001069" lon="5.2150228">
        <ele>141.15452000000187</ele>
      </trkpt>
      <trkpt lat="43.6002953" lon="5.215034">
        <ele>143.18923999999015</ele>
      </trkpt>
      <trkpt lat="43.6004464" lon="5.2150295">
        <ele>144.82112000002962</ele>
      </trkpt>
      <trkpt lat="43.6006072" lon="5.2149712">
        <ele>145.89631999999972</ele>
      </trkpt>
      <trkpt lat="43.6007388" lon="5.2149375">
        <ele>145.77499999999839</ele>
      </trkpt>
      <trkpt lat="43.6009109" lon="5.2149353">
        <ele>145.7670799999986</ele>
      </trkpt>
      <trkpt lat="43.6010945" lon="5.2149712">
        <ele>145.89631999999972</ele>
      </trkpt>
      <trkpt lat="43.6012033" lon="5.2150497">
        <ele>146.68972000000463</ele>
      </trkpt>
      <trkpt lat="43.601317" lon="5.215173">
        <ele>147.98680000000627</ele>
      </trkpt>
      <trkpt lat="43.601447" lon="5.2153368">
        <ele>149.25693081600124</ele>
      </trkpt>
      <trkpt lat="43.6015639" lon="5.2154826">
        <ele>150.20192629440362</ele>
      </trkpt>
      <trkpt lat="43.6016939" lon="5.2155813">
        <ele>150.90032634719387</ele>
      </trkpt>
      <trkpt lat="43.6018271" lon="5.2156486">
        <ele>150.13069949758514</ele>
      </trkpt>
      <trkpt lat="43.6019635" lon="5.2157046">
        <ele>149.39886396803334</ele>
      </trkpt>
      <trkpt lat="43.6020418" lon="5.2157057">
        <ele>148.54171710077742</ele>
      </trkpt>
      <trkpt lat="43.6021275" lon="5.2157069">
        <ele>147.5984208799803</ele>
      </trkpt>
      <trkpt lat="43.6023696" lon="5.2157181">
        <ele>146.27469751039405</ele>
      </trkpt>
      <trkpt lat="43.6028244" lon="5.2158504">
        <ele>147.40743208962124</ele>
      </trkpt>
      <trkpt lat="43.6032824" lon="5.216003">
        <ele>153.98696371195953</ele>
      </trkpt>
      <trkpt lat="43.6036394" lon="5.2161575">
        <ele>159.2688399999937</ele>
      </trkpt>
      <trkpt lat="43.6037746" lon="5.2162161">
        <ele>159.96652000000313</ele>
      </trkpt>
      <trkpt lat="43.6040133" lon="5.2162878">
        <ele>161.36884751038951</ele>
      </trkpt>
      <trkpt lat="43.6043073" lon="5.2164471">
        <ele>165.6348639632371</ele>
      </trkpt>
      <trkpt lat="43.6046165" lon="5.2165798">
        <ele>170.47759999998198</ele>
      </trkpt>
      <trkpt lat="43.6046792" lon="5.2166138">
        <ele>171.38047999999435</ele>
      </trkpt>
      <trkpt lat="43.6047081" lon="5.2166446">
        <ele>171.7966400000496</ele>
      </trkpt>
      <trkpt lat="43.6047345" lon="5.2166854">
        <ele>172.04121915199767</ele>
      </trkpt>
      <trkpt lat="43.604766" lon="5.2167682">
        <ele>172.09999404799524</ele>
      </trkpt>
      <trkpt lat="43.6048315" lon="5.2169888">
        <ele>172.0340437759967</ele>
      </trkpt>
      <trkpt lat="43.6048795" lon="5.2171196">
        <ele>171.9165138559876</ele>
      </trkpt>
      <trkpt lat="43.6049201" lon="5.2171643">
        <ele>171.66384261439308</ele>
      </trkpt>
      <trkpt lat="43.6049422" lon="5.2172478">
        <ele>171.4161599999743</ele>
      </trkpt>
      <trkpt lat="43.6049487" lon="5.21726">
        <ele>171.3693599999906</ele>
      </trkpt>
      <trkpt lat="43.6049848" lon="5.21738">
        <ele>171.109440000022</ele>
      </trkpt>
      <trkpt lat="43.6049993" lon="5.217402">
        <ele>171.0050399999791</ele>
      </trkpt>
      <trkpt lat="43.6050258" lon="5.2174456">
        <ele>170.9071200000003</ele>
      </trkpt>
      <trkpt lat="43.6050839" lon="5.2175483">
        <ele>170.75047871520914</ele>
      </trkpt>
      <trkpt lat="43.605189" lon="5.2176372">
        <ele>170.65566316799584</ele>
      </trkpt>
      <trkpt lat="43.6049665" lon="5.2185879">
        <ele>173.0</ele>
      </trkpt>
      <trkpt lat="43.6049178" lon="5.21902">
        <ele>174.13967423999597</ele>
      </trkpt>
      <trkpt lat="43.6048587" lon="5.2192099">
        <ele>174.42950904479633</ele>
      </trkpt>
      <trkpt lat="43.6046753" lon="5.219626">
        <ele>174.3378400000238</ele>
      </trkpt>
      <trkpt lat="43.6044236" lon="5.22045">
        <ele>174.0750400000111</ele>
      </trkpt>
      <trkpt lat="43.6042847" lon="5.2208351">
        <ele>175.57778249119752</ele>
      </trkpt>
      <trkpt lat="43.6042294" lon="5.2210654">
        <ele>175.96283576959894</ele>
      </trkpt>
      <trkpt lat="43.6042155" lon="5.2214111">
        <ele>177.0140569680007</ele>
      </trkpt>
      <trkpt lat="43.6041599" lon="5.2216031">
        <ele>176.9812145423976</ele>
      </trkpt>
      <trkpt lat="43.6037983" lon="5.2223329">
        <ele>177.8038192528019</ele>
      </trkpt>
      <trkpt lat="43.6036106" lon="5.2231779">
        <ele>179.4404399999985</ele>
      </trkpt>
      <trkpt lat="43.6029083" lon="5.2242246">
        <ele>181.20856000000117</ele>
      </trkpt>
      <trkpt lat="43.6020043" lon="5.2257898">
        <ele>182.14793994879375</ele>
      </trkpt>
      <trkpt lat="43.6014063" lon="5.2276623">
        <ele>185.5842800000015</ele>
      </trkpt>
      <trkpt lat="43.6012803" lon="5.2279957">
        <ele>186.17115088319468</ele>
      </trkpt>
      <trkpt lat="43.6009125" lon="5.2289683">
        <ele>184.57087999999897</ele>
      </trkpt>
      <trkpt lat="43.6007665" lon="5.2295829">
        <ele>183.75939999999582</ele>
      </trkpt>
      <trkpt lat="43.6004675" lon="5.2304471">
        <ele>185.09932948000395</ele>
      </trkpt>
      <trkpt lat="43.6001407" lon="5.2311385">
        <ele>184.40791999998942</ele>
      </trkpt>
      <trkpt lat="43.5998277" lon="5.2319067">
        <ele>183.86411999999882</ele>
      </trkpt>
      <trkpt lat="43.5992575" lon="5.2330398">
        <ele>185.32700000000068</ele>
      </trkpt>
      <trkpt lat="43.599028" lon="5.2333951">
        <ele>185.33371788799812</ele>
      </trkpt>
      <trkpt lat="43.5987012" lon="5.2342401">
        <ele>185.99873723520585</ele>
      </trkpt>
      <trkpt lat="43.5986873" lon="5.2345666">
        <ele>187.58174262721514</ele>
      </trkpt>
      <trkpt lat="43.5988194" lon="5.2357381">
        <ele>190.49967999997443</ele>
      </trkpt>
      <trkpt lat="43.5988959" lon="5.2359878">
        <ele>191.606560000017</ele>
      </trkpt>
      <trkpt lat="43.5988303" lon="5.236369">
        <ele>192.49145812802183</ele>
      </trkpt>
      <trkpt lat="43.5987121" lon="5.2367946">
        <ele>192.3635600000007</ele>
      </trkpt>
      <trkpt lat="43.5986107" lon="5.2369695">
        <ele>191.99852000000647</ele>
      </trkpt>
      <trkpt lat="43.5985854" lon="5.2371794">
        <ele>191.90743999999086</ele>
      </trkpt>
      <trkpt lat="43.597855" lon="5.2388058">
        <ele>193.48491536000134</ele>
      </trkpt>
      <trkpt lat="43.5976102" lon="5.2394355">
        <ele>194.39671999999382</ele>
      </trkpt>
      <trkpt lat="43.5972555" lon="5.2404556">
        <ele>192.92330883199344</ele>
      </trkpt>
      <trkpt lat="43.5968891" lon="5.2417752">
        <ele>194.28864705279082</ele>
      </trkpt>
      <trkpt lat="43.5965927" lon="5.2430265">
        <ele>193.62912000000802</ele>
      </trkpt>
      <trkpt lat="43.5962803" lon="5.2448454">
        <ele>191.94806956478044</ele>
      </trkpt>
      <trkpt lat="43.5961198" lon="5.2455683">
        <ele>190.04444487360198</ele>
      </trkpt>
      <trkpt lat="43.5961198" lon="5.2457199">
        <ele>190.57313350080722</ele>
      </trkpt>
      <trkpt lat="43.5961494" lon="5.245854">
        <ele>190.87241529599444</ele>
      </trkpt>
      <trkpt lat="43.5962507" lon="5.2460463">
        <ele>190.88275203360058</ele>
      </trkpt>
      <trkpt lat="43.5962803" lon="5.2461921">
        <ele>191.29156000000012</ele>
      </trkpt>
      <trkpt lat="43.5960864" lon="5.2485095">
        <ele>197.03406156797303</ele>
      </trkpt>
      <trkpt lat="43.595989" lon="5.2485088">
        <ele>196.10647347202683</ele>
      </trkpt>
      <trkpt lat="43.5956039" lon="5.2487582">
        <ele>193.0516400000056</ele>
      </trkpt>
      <trkpt lat="43.5951854" lon="5.2490734">
        <ele>190.6674399999938</ele>
      </trkpt>
      <trkpt lat="43.5947432" lon="5.2495133">
        <ele>191.24788000000103</ele>
      </trkpt>
      <trkpt lat="43.594244" lon="5.2499335">
        <ele>187.8352000000359</ele>
      </trkpt>
      <trkpt lat="43.5939777" lon="5.2501501">
        <ele>184.95916000003808</ele>
      </trkpt>
      <trkpt lat="43.5938017" lon="5.2503865">
        <ele>183.7636400000025</ele>
      </trkpt>
      <trkpt lat="43.5936638" lon="5.2505506">
        <ele>183.36152000001312</ele>
      </trkpt>
      <trkpt lat="43.5935783" lon="5.2515814">
        <ele>186.26795999999035</ele>
      </trkpt>
      <trkpt lat="43.5934546" lon="5.2520738">
        <ele>187.17417726080657</ele>
      </trkpt>
      <trkpt lat="43.593312" lon="5.252297">
        <ele>185.92319999999063</ele>
      </trkpt>
      <trkpt lat="43.5931455" lon="5.2525597">
        <ele>185.39339109599345</ele>
      </trkpt>
      <trkpt lat="43.5931027" lon="5.2526581">
        <ele>185.266317835216</ele>
      </trkpt>
      <trkpt lat="43.5930599" lon="5.2531309">
        <ele>186.0198821936007</ele>
      </trkpt>
      <trkpt lat="43.5931741" lon="5.2537611">
        <ele>186.85351999999148</ele>
      </trkpt>
      <trkpt lat="43.5932502" lon="5.2542404">
        <ele>188.40143999999964</ele>
      </trkpt>
      <trkpt lat="43.5932865" lon="5.2545734">
        <ele>189.1270399999844</ele>
      </trkpt>
      <trkpt lat="43.5935911" lon="5.2546507">
        <ele>190.67047999999136</ele>
      </trkpt>
      <trkpt lat="43.5937804" lon="5.2546658">
        <ele>191.40631999999914</ele>
      </trkpt>
      <trkpt lat="43.594249" lon="5.2546709">
        <ele>193.11163999999133</ele>
      </trkpt>
      <trkpt lat="43.5942292" lon="5.2547885">
        <ele>193.22512000000324</ele>
      </trkpt>
      <trkpt lat="43.5942575" lon="5.2548666">
        <ele>193.32699999999159</ele>
      </trkpt>
      <trkpt lat="43.5944669" lon="5.2551128">
        <ele>194.48692000000153</ele>
      </trkpt>
      <trkpt lat="43.5944783" lon="5.2551675">
        <ele>194.7248799999943</ele>
      </trkpt>
      <trkpt lat="43.5943721" lon="5.2557899">
        <ele>194.51984239840678</ele>
      </trkpt>
      <trkpt lat="43.5943452" lon="5.2559803">
        <ele>193.9453897023963</ele>
      </trkpt>
      <trkpt lat="43.5943397" lon="5.2560622">
        <ele>193.7326037535967</ele>
      </trkpt>
      <trkpt lat="43.5943436" lon="5.2561454">
        <ele>193.7604000000082</ele>
      </trkpt>
      <trkpt lat="43.5943572" lon="5.2562218">
        <ele>194.0843999999894</ele>
      </trkpt>
      <trkpt lat="43.5943834" lon="5.2562875">
        <ele>194.41523999999322</ele>
      </trkpt>
      <trkpt lat="43.5944086" lon="5.2563345">
        <ele>194.67516000000603</ele>
      </trkpt>
      <trkpt lat="43.5944514" lon="5.2563854">
        <ele>195.03751999997849</ele>
      </trkpt>
      <trkpt lat="43.594498" lon="5.2564257">
        <ele>195.38560000001053</ele>
      </trkpt>
      <trkpt lat="43.594565" lon="5.256482">
        <ele>195.8680000000204</ele>
      </trkpt>
      <trkpt lat="43.5986588" lon="5.2601714">
        <ele>202.1455334271871</ele>
      </trkpt>
      <trkpt lat="43.5987093" lon="5.2601875">
        <ele>201.85663899998633</ele>
      </trkpt>
      <trkpt lat="43.5987598" lon="5.2601821">
        <ele>201.6247881567838</ele>
      </trkpt>
      <trkpt lat="43.5988142" lon="5.2601607">
        <ele>201.38220754240191</ele>
      </trkpt>
      <trkpt lat="43.5974384" lon="5.2625728">
        <ele>204.0</ele>
      </trkpt>
      <trkpt lat="43.5965079" lon="5.2642992">
        <ele>205.57156000000396</ele>
      </trkpt>
      <trkpt lat="43.594261" lon="5.2684916">
        <ele>207.0554695040158</ele>
      </trkpt>
      <trkpt lat="43.5942066" lon="5.268556">
        <ele>206.9738819839996</ele>
      </trkpt>
      <trkpt lat="43.5941684" lon="5.2685839">
        <ele>206.90889127040487</ele>
      </trkpt>
      <trkpt lat="43.5941435" lon="5.2685359">
        <ele>206.56244000000856</ele>
      </trkpt>
      <trkpt lat="43.594003" lon="5.2682632">
        <ele>204.7178812160039</ele>
      </trkpt>
      <trkpt lat="43.593932" lon="5.2681379">
        <ele>204.20120748801088</ele>
      </trkpt>
      <trkpt lat="43.5938717" lon="5.2680198">
        <ele>204.12871999999913</ele>
      </trkpt>
      <trkpt lat="43.5937584" lon="5.2677659">
        <ele>205.04276000000118</ele>
      </trkpt>
      <trkpt lat="43.5936452" lon="5.2674811">
        <ele>206.07638986879797</ele>
      </trkpt>
      <trkpt lat="43.5935616" lon="5.2671926">
        <ele>206.82176000000345</ele>
      </trkpt>
      <trkpt lat="43.5934686" lon="5.266973">
        <ele>206.48696000000473</ele>
      </trkpt>
      <trkpt lat="43.5933392" lon="5.2667143">
        <ele>205.21009834241835</ele>
      </trkpt>
      <trkpt lat="43.5932462" lon="5.266504">
        <ele>204.28441100800515</ele>
      </trkpt>
      <trkpt lat="43.5930736" lon="5.2663681">
        <ele>204.0</ele>
      </trkpt>
      <trkpt lat="43.5930157" lon="5.2662899">
        <ele>204.0</ele>
      </trkpt>
      <trkpt lat="43.5929779" lon="5.266115">
        <ele>204.0</ele>
      </trkpt>
      <trkpt lat="43.592986" lon="5.2659084">
        <ele>204.54702809600917</ele>
      </trkpt>
      <trkpt lat="43.5929321" lon="5.2655771">
        <ele>204.55555999999524</ele>
      </trkpt>
      <trkpt lat="43.5928337" lon="5.2653649">
        <ele>203.65313799519888</ele>
      </trkpt>
      <trkpt lat="43.5927366" lon="5.2651453">
        <ele>202.78106137921097</ele>
      </trkpt>
      <trkpt lat="43.5926261" lon="5.264935">
        <ele>201.67391999997824</ele>
      </trkpt>
      <trkpt lat="43.5925196" lon="5.264773">
        <ele>200.32392000001994</ele>
      </trkpt>
      <trkpt lat="43.5924536" lon="5.2645999">
        <ele>200.0</ele>
      </trkpt>
      <trkpt lat="43.5923888" lon="5.2643747">
        <ele>200.0</ele>
      </trkpt>
      <trkpt lat="43.5922447" lon="5.2640526">
        <ele>199.62258898880393</ele>
      </trkpt>
      <trkpt lat="43.5922337" lon="5.2640279">
        <ele>199.52108181920352</ele>
      </trkpt>
      <trkpt lat="43.591945" lon="5.263746">
        <ele>198.0030288000144</ele>
      </trkpt>
      <trkpt lat="43.5917127" lon="5.2635029">
        <ele>197.16572000000815</ele>
      </trkpt>
      <trkpt lat="43.5916164" lon="5.2634349">
        <ele>196.81903999999804</ele>
      </trkpt>
      <trkpt lat="43.5914193" lon="5.2635289">
        <ele>196.1094799999937</ele>
      </trkpt>
      <trkpt lat="43.5912714" lon="5.2635969">
        <ele>195.5554013663861</ele>
      </trkpt>
      <trkpt lat="43.59114" lon="5.2634867">
        <ele>194.7026995200137</ele>
      </trkpt>
      <trkpt lat="43.5909804" lon="5.2633474">
        <ele>193.58007999999722</ele>
      </trkpt>
      <trkpt lat="43.5908283" lon="5.2632863">
        <ele>192.9818799999939</ele>
      </trkpt>
      <trkpt lat="43.5907125" lon="5.2640737">
        <ele>195.7953200000154</ele>
      </trkpt>
      <trkpt lat="43.5902859" lon="5.2639739">
        <ele>193.6323713903935</ele>
      </trkpt>
      <trkpt lat="43.5900574" lon="5.2639489">
        <ele>194.05404250560198</ele>
      </trkpt>
      <trkpt lat="43.5898206" lon="5.2638778">
        <ele>195.29167999997844</ele>
      </trkpt>
      <trkpt lat="43.5891702" lon="5.2637355">
        <ele>198.43508000000713</ele>
      </trkpt>
      <trkpt lat="43.5889934" lon="5.2636232">
        <ele>199.2910400000012</ele>
      </trkpt>
      <trkpt lat="43.5888291" lon="5.2634739">
        <ele>199.83020004961094</ele>
      </trkpt>
      <trkpt lat="43.5887013" lon="5.2634118">
        <ele>200.14856439361546</ele>
      </trkpt>
      <trkpt lat="43.588558" lon="5.2634099">
        <ele>200.79518236800496</ele>
      </trkpt>
      <trkpt lat="43.5883419" lon="5.2634167">
        <ele>201.86026429918127</ele>
      </trkpt>
      <trkpt lat="43.5881607" lon="5.2632807">
        <ele>201.8639999999789</ele>
      </trkpt>
      <trkpt lat="43.588009" lon="5.2631529">
        <ele>201.97734625600063</ele>
      </trkpt>
      <trkpt lat="43.5878829" lon="5.2631529">
        <ele>202.72618051361732</ele>
      </trkpt>
      <trkpt lat="43.5877411" lon="5.2631991">
        <ele>203.64879999998982</ele>
      </trkpt>
      <trkpt lat="43.5874295" lon="5.2631554">
        <ele>204.77581412800558</ele>
      </trkpt>
      <trkpt lat="43.5871865" lon="5.2631118">
        <ele>206.28323892798895</ele>
      </trkpt>
      <trkpt lat="43.5868408" lon="5.263018">
        <ele>208.931885824021</ele>
      </trkpt>
      <trkpt lat="43.5867468" lon="5.2630025">
        <ele>209.74994031999887</ele>
      </trkpt>
      <trkpt lat="43.5866528" lon="5.2630284">
        <ele>210.25032017919096</ele>
      </trkpt>
      <trkpt lat="43.5862303" lon="5.263314">
        <ele>209.21867206399844</ele>
      </trkpt>
      <trkpt lat="43.586011" lon="5.2634208">
        <ele>209.60731724800598</ele>
      </trkpt>
      <trkpt lat="43.5858635" lon="5.2635455">
        <ele>210.10194867998976</ele>
      </trkpt>
      <trkpt lat="43.5857105" lon="5.2637491">
        <ele>210.8844000000172</ele>
      </trkpt>
      <trkpt lat="43.5855207" lon="5.264057">
        <ele>211.59622049602</ele>
      </trkpt>
      <trkpt lat="43.5854101" lon="5.2643598">
        <ele>212.74256000002163</ele>
      </trkpt>
      <trkpt lat="43.5852239" lon="5.2645532">
        <ele>214.70350078078457</ele>
      </trkpt>
      <trkpt lat="43.5850898" lon="5.2648589">
        <ele>214.8517066912018</ele>
      </trkpt>
      <trkpt lat="43.5849407" lon="5.2650622">
        <ele>214.03736244161257</ele>
      </trkpt>
      <trkpt lat="43.5847862" lon="5.2652152">
        <ele>214.5912464895779</ele>
      </trkpt>
      <trkpt lat="43.5847462" lon="5.2653106">
        <ele>214.81716042881652</ele>
      </trkpt>
      <trkpt lat="43.5846971" lon="5.2653533">
        <ele>215.20546882720302</ele>
      </trkpt>
      <trkpt lat="43.5845972" lon="5.2653181">
        <ele>215.96549361281967</ele>
      </trkpt>
      <trkpt lat="43.5844263" lon="5.2651977">
        <ele>217.40008955041935</ele>
      </trkpt>
      <trkpt lat="43.5844026" lon="5.2651844">
        <ele>217.58680085761748</ele>
      </trkpt>
      <trkpt lat="43.5842154" lon="5.2650797">
        <ele>218.77422275520922</ele>
      </trkpt>
      <trkpt lat="43.5839704" lon="5.2650422">
        <ele>219.706560000006</ele>
      </trkpt>
      <trkpt lat="43.5831041" lon="5.2651998">
        <ele>224.0</ele>
      </trkpt>
      <trkpt lat="43.582434" lon="5.2653274">
        <ele>226.41624000000388</ele>
      </trkpt>
      <trkpt lat="43.5820008" lon="5.2654949">
        <ele>227.9556991231978</ele>
      </trkpt>
      <trkpt lat="43.5814735" lon="5.2655631">
        <ele>229.7686070639912</ele>
      </trkpt>
      <trkpt lat="43.5813082" lon="5.2655052">
        <ele>230.7389346431802</ele>
      </trkpt>
      <trkpt lat="43.5811312" lon="5.2654797">
        <ele>232.61535256318192</ele>
      </trkpt>
      <trkpt lat="43.5809901" lon="5.2655309">
        <ele>234.44447999998124</ele>
      </trkpt>
      <trkpt lat="43.5808723" lon="5.2656385">
        <ele>236.3823752159533</ele>
      </trkpt>
      <trkpt lat="43.580744" lon="5.265813">
        <ele>238.3099411199587</ele>
      </trkpt>
      <trkpt lat="43.5806623" lon="5.2660197">
        <ele>239.8232445503995</ele>
      </trkpt>
      <trkpt lat="43.5806336" lon="5.266254">
        <ele>240.65892582399772</ele>
      </trkpt>
      <trkpt lat="43.5804951" lon="5.2665519">
        <ele>241.8944001423974</ele>
      </trkpt>
      <trkpt lat="43.5805316" lon="5.2667445">
        <ele>242.34227555199786</ele>
      </trkpt>
      <trkpt lat="43.5805242" lon="5.2669855">
        <ele>243.1477999999987</ele>
      </trkpt>
      <trkpt lat="43.5803316" lon="5.2672507">
        <ele>244.1223842752001</ele>
      </trkpt>
      <trkpt lat="43.5802022" lon="5.2676698">
        <ele>246.15543999998465</ele>
      </trkpt>
      <trkpt lat="43.5801095" lon="5.2681155">
        <ele>248.4750683600022</ele>
      </trkpt>
      <trkpt lat="43.5800839" lon="5.2685346">
        <ele>248.21884610239513</ele>
      </trkpt>
      <trkpt lat="43.580004" lon="5.2687728">
        <ele>248.0227819520137</ele>
      </trkpt>
      <trkpt lat="43.5797387" lon="5.2689273">
        <ele>248.95708553919962</ele>
      </trkpt>
      <trkpt lat="43.5795693" lon="5.2690773">
        <ele>250.2781532943759</ele>
      </trkpt>
      <trkpt lat="43.5794703" lon="5.2691876">
        <ele>250.82085450882096</ele>
      </trkpt>
      <trkpt lat="43.5794461" lon="5.2693432">
        <ele>250.99186769920811</ele>
      </trkpt>
      <trkpt lat="43.5794076" lon="5.2696584">
        <ele>252.0355199999767</ele>
      </trkpt>
      <trkpt lat="43.579286" lon="5.2701947">
        <ele>256.70295523201014</ele>
      </trkpt>
      <trkpt lat="43.579114" lon="5.270731">
        <ele>260.1434486399907</ele>
      </trkpt>
      <trkpt lat="43.5789067" lon="5.2709027">
        <ele>260.3138399999899</ele>
      </trkpt>
      <trkpt lat="43.5785812" lon="5.2712654">
        <ele>262.66311999999186</ele>
      </trkpt>
      <trkpt lat="43.5782676" lon="5.2716323">
        <ele>264.90555710080224</ele>
      </trkpt>
      <trkpt lat="43.5778794" lon="5.2720569">
        <ele>265.63415999999825</ele>
      </trkpt>
      <trkpt lat="43.5777181" lon="5.2722973">
        <ele>266.05806695520147</ele>
      </trkpt>
      <trkpt lat="43.5776166" lon="5.2724485">
        <ele>266.47266350400383</ele>
      </trkpt>
      <trkpt lat="43.5773299" lon="5.2728813">
        <ele>267.0</ele>
      </trkpt>
      <trkpt lat="43.5771985" lon="5.2731905">
        <ele>267.5297126799975</ele>
      </trkpt>
      <trkpt lat="43.5771627" lon="5.2738501">
        <ele>269.0</ele>
      </trkpt>
      <trkpt lat="43.5771001" lon="5.2746318">
        <ele>267.62204838719384</ele>
      </trkpt>
      <trkpt lat="43.5769021" lon="5.2753095">
        <ele>266.4399113520207</ele>
      </trkpt>
      <trkpt lat="43.5766086" lon="5.2759957">
        <ele>268.41807999999946</ele>
      </trkpt>
      <trkpt lat="43.5765158" lon="5.2765868">
        <ele>269.0862399999796</ele>
      </trkpt>
      <trkpt lat="43.5764497" lon="5.2770387">
        <ele>269.78108000000793</ele>
      </trkpt>
      <trkpt lat="43.5764498" lon="5.2772355">
        <ele>269.75388316800394</ele>
      </trkpt>
      <trkpt lat="43.5763521" lon="5.2775514">
        <ele>269.1079333023965</ele>
      </trkpt>
      <trkpt lat="43.5763054" lon="5.2778694">
        <ele>269.0991367103972</ele>
      </trkpt>
      <trkpt lat="43.5762991" lon="5.2782948">
        <ele>269.32324000000017</ele>
      </trkpt>
      <trkpt lat="43.5763832" lon="5.2786944">
        <ele>269.02047999999195</ele>
      </trkpt>
      <trkpt lat="43.5764364" lon="5.2791697">
        <ele>268.8270922432051</ele>
      </trkpt>
      <trkpt lat="43.5764417" lon="5.2792217">
        <ele>268.77221342561455</ele>
      </trkpt>
      <trkpt lat="43.576471" lon="5.2795131">
        <ele>268.4088000000147</ele>
      </trkpt>
      <trkpt lat="43.5762575" lon="5.2793868">
        <ele>269.47300000001087</ele>
      </trkpt>
      <trkpt lat="43.5761718" lon="5.2793361">
        <ele>269.78152000000955</ele>
      </trkpt>
      <trkpt lat="43.5747309" lon="5.2783679">
        <ele>272.8482075056038</ele>
      </trkpt>
      <trkpt lat="43.5746111" lon="5.2785664">
        <ele>272.4966095616048</ele>
      </trkpt>
      <trkpt lat="43.5745275" lon="5.2789812">
        <ele>273.3323199999985</ele>
      </trkpt>
      <trkpt lat="43.5743354" lon="5.279738">
        <ele>274.60744000000886</ele>
      </trkpt>
      <trkpt lat="43.5741341" lon="5.2806317">
        <ele>275.27411999999936</ele>
      </trkpt>
      <trkpt lat="43.5739885" lon="5.2812645">
        <ele>277.19360000000427</ele>
      </trkpt>
      <trkpt lat="43.5738798" lon="5.281722">
        <ele>277.0</ele>
      </trkpt>
      <trkpt lat="43.5736229" lon="5.2828039">
        <ele>276.0</ele>
      </trkpt>
      <trkpt lat="43.5734804" lon="5.2834752">
        <ele>275.50063119360004</ele>
      </trkpt>
      <trkpt lat="43.5733589" lon="5.2839197">
        <ele>276.0</ele>
      </trkpt>
      <trkpt lat="43.5733472" lon="5.2839627">
        <ele>276.0</ele>
      </trkpt>
      <trkpt lat="43.5732792" lon="5.2842175">
        <ele>276.0475430399938</ele>
      </trkpt>
      <trkpt lat="43.5732626" lon="5.2843019">
        <ele>275.8917689376022</ele>
      </trkpt>
      <trkpt lat="43.5732452" lon="5.2844039">
        <ele>275.73420981118426</ele>
      </trkpt>
      <trkpt lat="43.5728451" lon="5.2858444">
        <ele>274.9601599999992</ele>
      </trkpt>
      <trkpt lat="43.5727538" lon="5.2861805">
        <ele>273.7501999999986</ele>
      </trkpt>
      <trkpt lat="43.5726732" lon="5.2863412">
        <ele>273.1716800000006</ele>
      </trkpt>
      <trkpt lat="43.572585" lon="5.286304">
        <ele>273.3055999999988</ele>
      </trkpt>
      <trkpt lat="43.5721937" lon="5.2861158">
        <ele>273.8821732383986</ele>
      </trkpt>
      <trkpt lat="43.5718156" lon="5.2860976">
        <ele>272.5848000000037</ele>
      </trkpt>
      <trkpt lat="43.5716419" lon="5.2861211">
        <ele>271.9640400000003</ele>
      </trkpt>
      <trkpt lat="43.5714682" lon="5.286128">
        <ele>271.93920000000094</ele>
      </trkpt>
      <trkpt lat="43.571134" lon="5.2861704">
        <ele>271.0648125440021</ele>
      </trkpt>
      <trkpt lat="43.5707999" lon="5.2863282">
        <ele>269.90593625279234</ele>
      </trkpt>
      <trkpt lat="43.5704393" lon="5.2865042">
        <ele>268.8262639775946</ele>
      </trkpt>
      <trkpt lat="43.570048" lon="5.2866863">
        <ele>267.23126649600056</ele>
      </trkpt>
      <trkpt lat="43.569705" lon="5.2869412">
        <ele>269.1130441600079</ele>
      </trkpt>
      <trkpt lat="43.5691554" lon="5.287451">
        <ele>270.18355478400053</ele>
      </trkpt>
      <trkpt lat="43.56883" lon="5.2877726">
        <ele>269.23459168000494</ele>
      </trkpt>
      <trkpt lat="43.5687321" lon="5.2878893">
        <ele>269.564440000006</ele>
      </trkpt>
      <trkpt lat="43.5685607" lon="5.2880336">
        <ele>270.5444400000101</ele>
      </trkpt>
      <trkpt lat="43.5684982" lon="5.2880533">
        <ele>271.21943999999485</ele>
      </trkpt>
      <trkpt lat="43.568443" lon="5.2880396">
        <ele>271.8155999999781</ele>
      </trkpt>
      <trkpt lat="43.5683549" lon="5.2879858">
        <ele>272.76707999997006</ele>
      </trkpt>
      <trkpt lat="43.5682306" lon="5.2879646">
        <ele>273.7396800000024</ele>
      </trkpt>
      <trkpt lat="43.5681454" lon="5.2880121">
        <ele>274.35312000000886</ele>
      </trkpt>
      <trkpt lat="43.5679857" lon="5.2881064">
        <ele>274.86299089919856</ele>
      </trkpt>
      <trkpt lat="43.567823" lon="5.2880943">
        <ele>274.97729265600145</ele>
      </trkpt>
      <trkpt lat="43.5676735" lon="5.2881307">
        <ele>275.0</ele>
      </trkpt>
      <trkpt lat="43.567546" lon="5.2883188">
        <ele>275.0</ele>
      </trkpt>
      <trkpt lat="43.5673701" lon="5.2884098">
        <ele>274.5323599999929</ele>
      </trkpt>
      <trkpt lat="43.566882" lon="5.2884827">
        <ele>273.67127945599833</ele>
      </trkpt>
      <trkpt lat="43.5667859" lon="5.2885161">
        <ele>273.23401724959615</ele>
      </trkpt>
      <trkpt lat="43.5667327" lon="5.2885527">
        <ele>273.07742776161336</ele>
      </trkpt>
      <trkpt lat="43.5665962" lon="5.2885737">
        <ele>272.39212562239453</ele>
      </trkpt>
      <trkpt lat="43.5665174" lon="5.2885918">
        <ele>271.8931172672151</ele>
      </trkpt>
      <trkpt lat="43.5661853" lon="5.2886681">
        <ele>270.1167141328041</ele>
      </trkpt>
      <trkpt lat="43.5664205" lon="5.2887592">
        <ele>271.2275999999965</ele>
      </trkpt>
      <trkpt lat="43.566506" lon="5.2888248">
        <ele>271.8431999999775</ele>
      </trkpt>
      <trkpt lat="43.5665677" lon="5.2889076">
        <ele>272.2200800000021</ele>
      </trkpt>
      <trkpt lat="43.5667035" lon="5.2891107">
        <ele>272.3340800000092</ele>
      </trkpt>
      <trkpt lat="43.5667969" lon="5.2893684">
        <ele>272.0830903615999</ele>
      </trkpt>
      <trkpt lat="43.5668648" lon="5.2898058">
        <ele>271.7132799999913</ele>
      </trkpt>
      <trkpt lat="43.5670261" lon="5.290087">
        <ele>271.7060400000014</ele>
      </trkpt>
      <trkpt lat="43.5671534" lon="5.2903955">
        <ele>271.1427593119956</ele>
      </trkpt>
      <trkpt lat="43.5673796" lon="5.2905861">
        <ele>270.43343999999115</ele>
      </trkpt>
      <trkpt lat="43.5676715" lon="5.2908129">
        <ele>269.9545840559986</ele>
      </trkpt>
      <trkpt lat="43.567782" lon="5.2909224">
        <ele>270.0</ele>
      </trkpt>
      <trkpt lat="43.568037" lon="5.2911766">
        <ele>269.9842512319973</ele>
      </trkpt>
      <trkpt lat="43.5681985" lon="5.2913761">
        <ele>270.51460000000407</ele>
      </trkpt>
      <trkpt lat="43.5682215" lon="5.291471">
        <ele>270.4783914400001</ele>
      </trkpt>
      <trkpt lat="43.5682524" lon="5.291599">
        <ele>270.48825529599196</ele>
      </trkpt>
      <trkpt lat="43.568292" lon="5.291904">
        <ele>269.97513471999906</ele>
      </trkpt>
      <trkpt lat="43.5683034" lon="5.2921582">
        <ele>269.03979652478466</ele>
      </trkpt>
      <trkpt lat="43.5683147" lon="5.2925688">
        <ele>267.6347743744132</ele>
      </trkpt>
      <trkpt lat="43.5682807" lon="5.293042">
        <ele>268.53268662401643</ele>
      </trkpt>
      <trkpt lat="43.5682407" lon="5.2933884">
        <ele>271.59427999997115</ele>
      </trkpt>
      <trkpt lat="43.5682382" lon="5.2934096">
        <ele>271.796240000039</ele>
      </trkpt>
      <trkpt lat="43.5682099" lon="5.2938554">
        <ele>274.93714795839514</ele>
      </trkpt>
      <trkpt lat="43.5681763" lon="5.2942499">
        <ele>275.90371248479164</ele>
      </trkpt>
      <trkpt lat="43.5681005" lon="5.2945326">
        <ele>277.6347200000009</ele>
      </trkpt>
      <trkpt lat="43.5679466" lon="5.2949574">
        <ele>279.1223139263947</ele>
      </trkpt>
      <trkpt lat="43.5677653" lon="5.2954376">
        <ele>278.50459482878614</ele>
      </trkpt>
      <trkpt lat="43.5677454" lon="5.2958882">
        <ele>279.9643999999994</ele>
      </trkpt>
      <trkpt lat="43.5677706" lon="5.2962015">
        <ele>281.5991200000176</ele>
      </trkpt>
      <trkpt lat="43.5677958" lon="5.2966617">
        <ele>284.0469999999948</ele>
      </trkpt>
      <trkpt lat="43.5677958" lon="5.2969131">
        <ele>284.8944810592004</ele>
      </trkpt>
      <trkpt lat="43.567751" lon="5.2971993">
        <ele>284.80720000000883</ele>
      </trkpt>
      <trkpt lat="43.5677062" lon="5.2976325">
        <ele>283.74232000001257</ele>
      </trkpt>
      <trkpt lat="43.5676893" lon="5.2981739">
        <ele>283.49866226078785</ele>
      </trkpt>
      <trkpt lat="43.5676921" lon="5.2985684">
        <ele>283.6915600000077</ele>
      </trkpt>
      <trkpt lat="43.5677395" lon="5.2988338">
        <ele>283.8622000000066</ele>
      </trkpt>
      <trkpt lat="43.5677889" lon="5.299102">
        <ele>284.04003999998736</ele>
      </trkpt>
      <trkpt lat="43.567849" lon="5.2993812">
        <ele>284.25640000000885</ele>
      </trkpt>
      <trkpt lat="43.5678572" lon="5.2996603">
        <ele>284.84081728639956</ele>
      </trkpt>
      <trkpt lat="43.5678284" lon="5.3001051">
        <ele>285.4916476736064</ele>
      </trkpt>
      <trkpt lat="43.5678395" lon="5.3002272">
        <ele>285.858378175999</ele>
      </trkpt>
      <trkpt lat="43.5678837" lon="5.3003824">
        <ele>285.7669803648037</ele>
      </trkpt>
      <trkpt lat="43.5679151" lon="5.3005097">
        <ele>285.57783105120103</ele>
      </trkpt>
      <trkpt lat="43.5678985" lon="5.3006802">
        <ele>284.98587999999245</ele>
      </trkpt>
      <trkpt lat="43.5677086" lon="5.3018481">
        <ele>283.0</ele>
      </trkpt>
      <trkpt lat="43.5676447" lon="5.3021201">
        <ele>282.36764000000085</ele>
      </trkpt>
      <trkpt lat="43.5674523" lon="5.3026293">
        <ele>282.3855477744003</ele>
      </trkpt>
      <trkpt lat="43.5673066" lon="5.3030593">
        <ele>283.0</ele>
      </trkpt>
      <trkpt lat="43.5670172" lon="5.3038609">
        <ele>281.5238400000162</ele>
      </trkpt>
      <trkpt lat="43.5669423" lon="5.3040559">
        <ele>281.57808000000864</ele>
      </trkpt>
      <trkpt lat="43.5669506" lon="5.3042237">
        <ele>282.2405402175897</ele>
      </trkpt>
      <trkpt lat="43.5670012" lon="5.3043117">
        <ele>282.7174008832007</ele>
      </trkpt>
      <trkpt lat="43.5670725" lon="5.3044437">
        <ele>282.9997909600001</ele>
      </trkpt>
      <trkpt lat="43.5671549" lon="5.304648">
        <ele>282.2671999999991</ele>
      </trkpt>
      <trkpt lat="43.5672707" lon="5.3048944">
        <ele>280.4112799999866</ele>
      </trkpt>
      <trkpt lat="43.566399" lon="5.3065987">
        <ele>276.2446799999989</ele>
      </trkpt>
      <trkpt lat="43.5663707" lon="5.3066457">
        <ele>276.27191999999854</ele>
      </trkpt>
      <trkpt lat="43.5661856" lon="5.3069522">
        <ele>276.4357600000219</ele>
      </trkpt>
      <trkpt lat="43.5661088" lon="5.3070794">
        <ele>276.52675781118836</ele>
      </trkpt>
      <trkpt lat="43.5663037" lon="5.3072441">
        <ele>274.58920588320797</ele>
      </trkpt>
      <trkpt lat="43.5666617" lon="5.3075735">
        <ele>274.25986895199816</ele>
      </trkpt>
      <trkpt lat="43.5667706" lon="5.307673">
        <ele>275.1380931519913</ele>
      </trkpt>
      <trkpt lat="43.5668914" lon="5.3077848">
        <ele>275.81386746881054</ele>
      </trkpt>
      <trkpt lat="43.5671155" lon="5.307798">
        <ele>275.95516975999993</ele>
      </trkpt>
      <trkpt lat="43.5672628" lon="5.307692">
        <ele>275.56175999998095</ele>
      </trkpt>
      <trkpt lat="43.5673684" lon="5.3077008">
        <ele>274.4212800000064</ele>
      </trkpt>
      <trkpt lat="43.567442" lon="5.3076345">
        <ele>273.6264000000024</ele>
      </trkpt>
      <trkpt lat="43.5674548" lon="5.3074622">
        <ele>273.3520799999974</ele>
      </trkpt>
      <trkpt lat="43.5675157" lon="5.3073915">
        <ele>272.53080328799194</ele>
      </trkpt>
      <trkpt lat="43.5675669" lon="5.3073827">
        <ele>272.235178084785</ele>
      </trkpt>
      <trkpt lat="43.5677141" lon="5.3072811">
        <ele>270.8338102895776</ele>
      </trkpt>
      <trkpt lat="43.5677974" lon="5.3071176">
        <ele>269.508685849579</ele>
      </trkpt>
      <trkpt lat="43.5679606" lon="5.306857">
        <ele>268.55706246400473</ele>
      </trkpt>
      <trkpt lat="43.5680951" lon="5.3067509">
        <ele>267.2450307535865</ele>
      </trkpt>
      <trkpt lat="43.5681922" lon="5.3067194">
        <ele>265.4470139072255</ele>
      </trkpt>
      <trkpt lat="43.5682575" lon="5.3066983">
        <ele>264.2822092399744</ele>
      </trkpt>
      <trkpt lat="43.5682662" lon="5.3067406">
        <ele>264.00656554886535</ele>
      </trkpt>
      <trkpt lat="43.5683313" lon="5.3071047">
        <ele>262.6166169456588</ele>
      </trkpt>
      <trkpt lat="43.5684675" lon="5.3075528">
        <ele>259.33064864007406</ele>
      </trkpt>
      <trkpt lat="43.5685674" lon="5.3077548">
        <ele>256.039896819219</ele>
      </trkpt>
      <trkpt lat="43.5687436" lon="5.3079641">
        <ele>253.24919431042943</ele>
      </trkpt>
      <trkpt lat="43.5688056" lon="5.3080997">
        <ele>252.1993600000369</ele>
      </trkpt>
      <trkpt lat="43.5689594" lon="5.308598">
        <ele>249.27369875203246</ele>
      </trkpt>
      <trkpt lat="43.5689928" lon="5.3086977">
        <ele>248.56604000003767</ele>
      </trkpt>
      <trkpt lat="43.5690157" lon="5.3087662">
        <ele>248.07211999998594</ele>
      </trkpt>
      <trkpt lat="43.5691132" lon="5.3090579">
        <ele>245.9690000000346</ele>
      </trkpt>
      <trkpt lat="43.5692926" lon="5.3096815">
        <ele>239.1461825760308</ele>
      </trkpt>
      <trkpt lat="43.5694272" lon="5.3101797">
        <ele>233.72556000000372</ele>
      </trkpt>
      <trkpt lat="43.5695105" lon="5.3106205">
        <ele>230.81500000000324</ele>
      </trkpt>
      <trkpt lat="43.5695752" lon="5.3107252">
        <ele>229.50639999995974</ele>
      </trkpt>
      <trkpt lat="43.5697232" lon="5.3108816">
        <ele>226.64666327040797</ele>
      </trkpt>
      <trkpt lat="43.5696855" lon="5.3109983">
        <ele>226.3410400000248</ele>
      </trkpt>
      <trkpt lat="43.5696825" lon="5.3110261">
        <ele>226.18408000001227</ele>
      </trkpt>
      <trkpt lat="43.5696719" lon="5.3111255">
        <ele>225.6634559119565</ele>
      </trkpt>
      <trkpt lat="43.5695873" lon="5.3114027">
        <ele>225.40886000317795</ele>
      </trkpt>
      <trkpt lat="43.5693713" lon="5.3120865">
        <ele>225.541879999995</ele>
      </trkpt>
      <trkpt lat="43.5693417" lon="5.3121847">
        <ele>225.61459999996282</ele>
      </trkpt>
      <trkpt lat="43.5691659" lon="5.3127682">
        <ele>228.0168454943658</ele>
      </trkpt>
      <trkpt lat="43.5690737" lon="5.3130747">
        <ele>228.55834770885514</ele>
      </trkpt>
      <trkpt lat="43.5690191" lon="5.31339">
        <ele>227.4980929600182</ele>
      </trkpt>
      <trkpt lat="43.5689546" lon="5.3139537">
        <ele>227.05700000002412</ele>
      </trkpt>
      <trkpt lat="43.5688986" lon="5.3144084">
        <ele>225.99445640964035</ele>
      </trkpt>
      <trkpt lat="43.5688078" lon="5.3147563">
        <ele>226.92075999995313</ele>
      </trkpt>
      <trkpt lat="43.5686412" lon="5.3154344">
        <ele>225.67239029756092</ele>
      </trkpt>
      <trkpt lat="43.5685881" lon="5.3158305">
        <ele>222.69416496801816</ele>
      </trkpt>
      <trkpt lat="43.5683881" lon="5.3163794">
        <ele>220.94694501440492</ele>
      </trkpt>
      <trkpt lat="43.5682621" lon="5.3166845">
        <ele>219.194369656053</ele>
      </trkpt>
      <trkpt lat="43.5681083" lon="5.317">
        <ele>220.3746480000233</ele>
      </trkpt>
      <trkpt lat="43.5680068" lon="5.3172786">
        <ele>220.6208893824317</ele>
      </trkpt>
      <trkpt lat="43.5678938" lon="5.3176952">
        <ele>221.54663208959215</ele>
      </trkpt>
      <trkpt lat="43.5678562" lon="5.3178903">
        <ele>220.9228821855665</ele>
      </trkpt>
      <trkpt lat="43.5677013" lon="5.318881">
        <ele>217.76101908788772</ele>
      </trkpt>
      <trkpt lat="43.5675475" lon="5.3200809">
        <ele>214.32012407992238</ele>
      </trkpt>
      <trkpt lat="43.5673871" lon="5.3211586">
        <ele>209.80791501762008</ele>
      </trkpt>
      <trkpt lat="43.5673663" lon="5.3217132">
        <ele>206.05939072638955</ele>
      </trkpt>
      <trkpt lat="43.5673664" lon="5.3218087">
        <ele>205.1929244672135</ele>
      </trkpt>
      <trkpt lat="43.5674561" lon="5.322329">
        <ele>201.19457884799516</ele>
      </trkpt>
      <trkpt lat="43.567517" lon="5.3227108">
        <ele>201.88128000001757</ele>
      </trkpt>
      <trkpt lat="43.5675554" lon="5.3231575">
        <ele>203.09156552004336</ele>
      </trkpt>
      <trkpt lat="43.5675501" lon="5.3234685">
        <ele>203.14224317597962</ele>
      </trkpt>
      <trkpt lat="43.5675031" lon="5.3237103">
        <ele>201.68357498724268</ele>
      </trkpt>
      <trkpt lat="43.5674486" lon="5.3239506">
        <ele>200.8149599999956</ele>
      </trkpt>
      <trkpt lat="43.5673928" lon="5.3243218">
        <ele>200.8296086016004</ele>
      </trkpt>
      <trkpt lat="43.5673822" lon="5.3244969">
        <ele>200.91991673279853</ele>
      </trkpt>
      <trkpt lat="43.5673807" lon="5.3247325">
        <ele>200.54941076000446</ele>
      </trkpt>
      <trkpt lat="43.5674215" lon="5.3249472">
        <ele>200.13636339200013</ele>
      </trkpt>
      <trkpt lat="43.5674248" lon="5.3249842">
        <ele>200.04148144639876</ele>
      </trkpt>
      <trkpt lat="43.5674351" lon="5.3251015">
        <ele>199.9146279439967</ele>
      </trkpt>
      <trkpt lat="43.5674532" lon="5.3257894">
        <ele>200.53152679681745</ele>
      </trkpt>
      <trkpt lat="43.5674426" lon="5.3259771">
        <ele>200.0691599999966</ele>
      </trkpt>
      <trkpt lat="43.5673897" lon="5.3262439">
        <ele>199.39566012319787</ele>
      </trkpt>
      <trkpt lat="43.5672553" lon="5.327082">
        <ele>197.62387999999805</ele>
      </trkpt>
      <trkpt lat="43.567219" lon="5.3273265">
        <ele>196.59415464001415</ele>
      </trkpt>
      <trkpt lat="43.5671632" lon="5.3277032">
        <ele>195.57504000002245</ele>
      </trkpt>
      <trkpt lat="43.5671692" lon="5.3278783">
        <ele>195.68731565441252</ele>
      </trkpt>
      <trkpt lat="43.5671934" lon="5.3279784">
        <ele>195.8674196224036</ele>
      </trkpt>
      <trkpt lat="43.5672304" lon="5.3280804">
        <ele>196.14831999999842</ele>
      </trkpt>
      <trkpt lat="43.5672614" lon="5.328166">
        <ele>196.6796799999986</ele>
      </trkpt>
      <trkpt lat="43.5672855" lon="5.3282453">
        <ele>197.13867999997797</ele>
      </trkpt>
      <trkpt lat="43.5672991" lon="5.3284329">
        <ele>197.81275814559802</ele>
      </trkpt>
      <trkpt lat="43.567281" lon="5.3288915">
        <ele>199.21358904000476</ele>
      </trkpt>
      <trkpt lat="43.5672478" lon="5.3291917">
        <ele>199.18415999997796</ele>
      </trkpt>
      <trkpt lat="43.5671254" lon="5.3299777">
        <ele>198.6234576032071</ele>
      </trkpt>
      <trkpt lat="43.5671029" lon="5.3301677">
        <ele>198.57044000000678</ele>
      </trkpt>
      <trkpt lat="43.567157" lon="5.3302665">
        <ele>198.7652000000062</ele>
      </trkpt>
      <trkpt lat="43.5671653" lon="5.3305149">
        <ele>197.76651209119547</ele>
      </trkpt>
      <trkpt lat="43.5671744" lon="5.3306272">
        <ele>197.22864701439258</ele>
      </trkpt>
      <trkpt lat="43.567208" lon="5.3310406">
        <ele>195.25384000000122</ele>
      </trkpt>
      <trkpt lat="43.5670564" lon="5.3316522">
        <ele>193.05208000000107</ele>
      </trkpt>
      <trkpt lat="43.5669456" lon="5.3327589">
        <ele>191.07211999998867</ele>
      </trkpt>
      <trkpt lat="43.5668426" lon="5.3337872">
        <ele>189.80243914240862</ele>
      </trkpt>
      <trkpt lat="43.5668083" lon="5.3342231">
        <ele>189.9201872207851</ele>
      </trkpt>
      <trkpt lat="43.5667805" lon="5.3345758">
        <ele>189.03561377600144</ele>
      </trkpt>
      <trkpt lat="43.5667494" lon="5.3367913">
        <ele>197.96503485116983</ele>
      </trkpt>
      <trkpt lat="43.566761" lon="5.3372473">
        <ele>201.95698091198545</ele>
      </trkpt>
      <trkpt lat="43.5666911" lon="5.3375852">
        <ele>203.2291600000001</ele>
      </trkpt>
      <trkpt lat="43.5666483" lon="5.3377998">
        <ele>203.62168199352786</ele>
      </trkpt>
      <trkpt lat="43.56659" lon="5.3381699">
        <ele>203.64202735995033</ele>
      </trkpt>
      <trkpt lat="43.5666716" lon="5.3385025">
        <ele>206.72250415998565</ele>
      </trkpt>
      <trkpt lat="43.5669748" lon="5.3388888">
        <ele>213.43718993915655</ele>
      </trkpt>
      <trkpt lat="43.567195" lon="5.3390793">
        <ele>214.820268159993</ele>
      </trkpt>
      <trkpt lat="43.5675148" lon="5.3390218">
        <ele>215.03280000000404</ele>
      </trkpt>
      <trkpt lat="43.5677359" lon="5.3390066">
        <ele>214.4557199999872</ele>
      </trkpt>
      <trkpt lat="43.5679932" lon="5.339027">
        <ele>214.01120000000356</ele>
      </trkpt>
      <trkpt lat="43.568159" lon="5.338971">
        <ele>214.44519999999602</ele>
      </trkpt>
      <trkpt lat="43.5682467" lon="5.3389516">
        <ele>214.40883999999323</ele>
      </trkpt>
      <trkpt lat="43.5683176" lon="5.3389609">
        <ele>214.01967999999852</ele>
      </trkpt>
      <trkpt lat="43.5685273" lon="5.3390225">
        <ele>212.74012732000836</ele>
      </trkpt>
      <trkpt lat="43.569075" lon="5.3391776">
        <ele>208.15957120000402</ele>
      </trkpt>
      <trkpt lat="43.5690391" lon="5.3393833">
        <ele>204.98156790880668</ele>
      </trkpt>
      <trkpt lat="43.5690695" lon="5.3397082">
        <ele>201.1514400000044</ele>
      </trkpt>
      <trkpt lat="43.5691809" lon="5.3401135">
        <ele>201.05123999999705</ele>
      </trkpt>
      <trkpt lat="43.5692369" lon="5.3403747">
        <ele>201.60175999999933</ele>
      </trkpt>
      <trkpt lat="43.5690841" lon="5.3411679">
        <ele>202.37348774557893</ele>
      </trkpt>
      <trkpt lat="43.5685766" lon="5.3421354">
        <ele>202.87792000000218</ele>
      </trkpt>
      <trkpt lat="43.5682242" lon="5.3428876">
        <ele>203.43592000007789</ele>
      </trkpt>
      <trkpt lat="43.5681246" lon="5.3431468">
        <ele>203.64371301114036</ele>
      </trkpt>
      <trkpt lat="43.5679502" lon="5.3435779">
        <ele>203.86447999997085</ele>
      </trkpt>
      <trkpt lat="43.5678311" lon="5.3439138">
        <ele>203.06669497278958</ele>
      </trkpt>
      <trkpt lat="43.5678334" lon="5.3440047">
        <ele>203.50160406075824</ele>
      </trkpt>
      <trkpt lat="43.5676977" lon="5.3441688">
        <ele>202.43437201917635</ele>
      </trkpt>
      <trkpt lat="43.5677029" lon="5.3441857">
        <ele>202.5609794976019</ele>
      </trkpt>
      <trkpt lat="43.5677036" lon="5.344204">
        <ele>202.66293964801469</ele>
      </trkpt>
      <trkpt lat="43.5676998" lon="5.3442215">
        <ele>202.7225317439966</ele>
      </trkpt>
      <trkpt lat="43.567692" lon="5.3442363">
        <ele>202.7289400320105</ele>
      </trkpt>
      <trkpt lat="43.567681" lon="5.3442466">
        <ele>202.67820883200264</ele>
      </trkpt>
      <trkpt lat="43.5676682" lon="5.3442513">
        <ele>202.5800196671987</ele>
      </trkpt>
      <trkpt lat="43.5676734" lon="5.3443266">
        <ele>202.9673048447613</ele>
      </trkpt>
      <trkpt lat="43.5677086" lon="5.3445437">
        <ele>204.36116000004495</ele>
      </trkpt>
      <trkpt lat="43.5680116" lon="5.3454538">
        <ele>207.21692647678387</ele>
      </trkpt>
      <trkpt lat="43.5680365" lon="5.3466211">
        <ele>207.71434685597137</ele>
      </trkpt>
      <trkpt lat="43.5679992" lon="5.3472391">
        <ele>206.88253397761025</ele>
      </trkpt>
      <trkpt lat="43.5680769" lon="5.349216">
        <ele>224.2886332159884</ele>
      </trkpt>
      <trkpt lat="43.5680944" lon="5.3496616">
        <ele>229.34903736320803</ele>
      </trkpt>
      <trkpt lat="43.5680479" lon="5.3499204">
        <ele>231.1771248127211</ele>
      </trkpt>
      <trkpt lat="43.568023" lon="5.35003">
        <ele>232.1190848000857</ele>
      </trkpt>
      <trkpt lat="43.5679682" lon="5.350271">
        <ele>235.51454662395162</ele>
      </trkpt>
      <trkpt lat="43.5679292" lon="5.350577">
        <ele>236.86160326397487</ele>
      </trkpt>
      <trkpt lat="43.5678759" lon="5.3514356">
        <ele>241.57043916162465</ele>
      </trkpt>
      <trkpt lat="43.56787" lon="5.35188">
        <ele>244.0269760000082</ele>
      </trkpt>
      <trkpt lat="43.5678499" lon="5.3520542">
        <ele>245.27096000001166</ele>
      </trkpt>
      <trkpt lat="43.5678624" lon="5.3522173">
        <ele>246.3552799999834</ele>
      </trkpt>
      <trkpt lat="43.5678251" lon="5.3524319">
        <ele>247.54271454239884</ele>
      </trkpt>
      <trkpt lat="43.5678864" lon="5.3529245">
        <ele>249.65398732799704</ele>
      </trkpt>
      <trkpt lat="43.5678995" lon="5.3530256">
        <ele>250.61346451201626</ele>
      </trkpt>
      <trkpt lat="43.5679417" lon="5.3531589">
        <ele>251.77182824479095</ele>
      </trkpt>
      <trkpt lat="43.5679524" lon="5.3532176">
        <ele>252.20736343042543</ele>
      </trkpt>
      <trkpt lat="43.5680112" lon="5.353406">
        <ele>254.0023877120077</ele>
      </trkpt>
      <trkpt lat="43.5680738" lon="5.3535403">
        <ele>255.73613685440534</ele>
      </trkpt>
      <trkpt lat="43.5681208" lon="5.3536533">
        <ele>257.35948642564074</ele>
      </trkpt>
      <trkpt lat="43.5681624" lon="5.3537596">
        <ele>258.9366268415826</ele>
      </trkpt>
      <trkpt lat="43.5681728" lon="5.3537861">
        <ele>259.3123064831886</ele>
      </trkpt>
      <trkpt lat="43.5682168" lon="5.3538847">
        <ele>260.70495363842036</ele>
      </trkpt>
      <trkpt lat="43.5681587" lon="5.3539656">
        <ele>260.6977511935743</ele>
      </trkpt>
      <trkpt lat="43.5682827" lon="5.3540714">
        <ele>263.7220242463495</ele>
      </trkpt>
      <trkpt lat="43.5683147" lon="5.354107">
        <ele>264.78154635203686</ele>
      </trkpt>
      <trkpt lat="43.5682759" lon="5.3542818">
        <ele>265.50270211527464</ele>
      </trkpt>
      <trkpt lat="43.5682585" lon="5.354379">
        <ele>265.7064706399714</ele>
      </trkpt>
      <trkpt lat="43.568257" lon="5.3544172">
        <ele>265.9071923840685</ele>
      </trkpt>
      <trkpt lat="43.568278" lon="5.3544944">
        <ele>266.96527999998443</ele>
      </trkpt>
      <trkpt lat="43.5683291" lon="5.354582">
        <ele>268.88371999999026</ele>
      </trkpt>
      <trkpt lat="43.5683397" lon="5.3546436">
        <ele>269.5779272768634</ele>
      </trkpt>
      <trkpt lat="43.5684303" lon="5.3546354">
        <ele>271.5784684448661</ele>
      </trkpt>
      <trkpt lat="43.568496" lon="5.3547272">
        <ele>273.51360000007026</ele>
      </trkpt>
      <trkpt lat="43.5684817" lon="5.3547739">
        <ele>273.20471999999063</ele>
      </trkpt>
      <trkpt lat="43.568478" lon="5.3548542">
        <ele>273.12479999997686</ele>
      </trkpt>
      <trkpt lat="43.5684732" lon="5.3551154">
        <ele>273.2273776511933</ele>
      </trkpt>
      <trkpt lat="43.5684481" lon="5.355205">
        <ele>272.91204791995557</ele>
      </trkpt>
      <trkpt lat="43.5684158" lon="5.3552378">
        <ele>272.3832069695415</ele>
      </trkpt>
      <trkpt lat="43.5684002" lon="5.3554056">
        <ele>272.2035999999864</ele>
      </trkpt>
      <trkpt lat="43.5683634" lon="5.3556699">
        <ele>271.95284000004654</ele>
      </trkpt>
      <trkpt lat="43.5683218" lon="5.3558735">
        <ele>271.7093599999921</ele>
      </trkpt>
      <trkpt lat="43.5682601" lon="5.3560861">
        <ele>270.1545200000851</ele>
      </trkpt>
      <trkpt lat="43.5680835" lon="5.3563989">
        <ele>264.76876000000425</ele>
      </trkpt>
      <trkpt lat="43.5680886" lon="5.3566793">
        <ele>263.9007896992864</ele>
      </trkpt>
      <trkpt lat="43.5681021" lon="5.3574297">
        <ele>263.0053599999419</ele>
      </trkpt>
      <trkpt lat="43.5681298" lon="5.3577593">
        <ele>262.9197005344326</ele>
      </trkpt>
      <trkpt lat="43.5681426" lon="5.3578737">
        <ele>262.84820000004106</ele>
      </trkpt>
      <trkpt lat="43.5681609" lon="5.358038">
        <ele>262.7178800000602</ele>
      </trkpt>
      <trkpt lat="43.5682316" lon="5.3583383">
        <ele>263.3940116287297</ele>
      </trkpt>
      <trkpt lat="43.5682369" lon="5.3583967">
        <ele>263.0344458608579</ele>
      </trkpt>
      <trkpt lat="43.568225" lon="5.3584772">
        <ele>262.0321711999492</ele>
      </trkpt>
      <trkpt lat="43.5682132" lon="5.3585597">
        <ele>260.9903633984696</ele>
      </trkpt>
      <trkpt lat="43.5682459" lon="5.3586446">
        <ele>261.0755749312244</ele>
      </trkpt>
      <trkpt lat="43.5683724" lon="5.3586548">
        <ele>264.23683985922656</ele>
      </trkpt>
      <trkpt lat="43.5684419" lon="5.358988">
        <ele>261.30868000008513</ele>
      </trkpt>
      <trkpt lat="43.5686158" lon="5.3596103">
        <ele>257.9071200000749</ele>
      </trkpt>
      <trkpt lat="43.5687348" lon="5.3600677">
        <ele>257.18424000003006</ele>
      </trkpt>
      <trkpt lat="43.5687573" lon="5.3601543">
        <ele>257.0467200000344</ele>
      </trkpt>
      <trkpt lat="43.5687674" lon="5.3603343">
        <ele>256.1723599999723</ele>
      </trkpt>
      <trkpt lat="43.5687495" lon="5.3603963">
        <ele>255.56252000005838</ele>
      </trkpt>
      <trkpt lat="43.5687346" lon="5.3604263">
        <ele>255.13267999997925</ele>
      </trkpt>
      <trkpt lat="43.5687161" lon="5.3604636">
        <ele>254.59880000006797</ele>
      </trkpt>
      <trkpt lat="43.5687181" lon="5.3605416">
        <ele>254.361199999958</ele>
      </trkpt>
      <trkpt lat="43.5687311" lon="5.3606416">
        <ele>253.93008785921964</ele>
      </trkpt>
      <trkpt lat="43.5687617" lon="5.3606918">
        <ele>254.31307803528213</ele>
      </trkpt>
      <trkpt lat="43.5687582" lon="5.3607262">
        <ele>253.98474945273958</ele>
      </trkpt>
      <trkpt lat="43.5687517" lon="5.3607888">
        <ele>253.36763768320088</ele>
      </trkpt>
      <trkpt lat="43.5687465" lon="5.360839">
        <ele>252.86834296008914</ele>
      </trkpt>
      <trkpt lat="43.568732" lon="5.3609442">
        <ele>251.85705702391525</ele>
      </trkpt>
      <trkpt lat="43.5686668" lon="5.3611432">
        <ele>248.89668055048224</ele>
      </trkpt>
      <trkpt lat="43.5684857" lon="5.3618258">
        <ele>249.88835999993853</ele>
      </trkpt>
      <trkpt lat="43.5683841" lon="5.3623878">
        <ele>250.40094041924542</ele>
      </trkpt>
      <trkpt lat="43.5683738" lon="5.3625432">
        <ele>250.73824000004925</ele>
      </trkpt>
      <trkpt lat="43.5683804" lon="5.3626824">
        <ele>251.33440000003225</ele>
      </trkpt>
      <trkpt lat="43.5684078" lon="5.3627927">
        <ele>252.14044125764062</ele>
      </trkpt>
      <trkpt lat="43.5684287" lon="5.3628779">
        <ele>252.8574662607739</ele>
      </trkpt>
      <trkpt lat="43.5684579" lon="5.3629694">
        <ele>253.7929518495743</ele>
      </trkpt>
      <trkpt lat="43.568475" lon="5.3630414">
        <ele>254.4730503999908</ele>
      </trkpt>
      <trkpt lat="43.5684864" lon="5.3630871">
        <ele>254.6416399999555</ele>
      </trkpt>
      <trkpt lat="43.5684974" lon="5.3633082">
        <ele>254.04367999996998</ele>
      </trkpt>
      <trkpt lat="43.5685727" lon="5.3636895">
        <ele>254.30859999994937</ele>
      </trkpt>
      <trkpt lat="43.5686397" lon="5.3640282">
        <ele>256.17065643836605</ele>
      </trkpt>
      <trkpt lat="43.5686383" lon="5.3641167">
        <ele>256.48767334568663</ele>
      </trkpt>
      <trkpt lat="43.5686005" lon="5.3642309">
        <ele>256.1078066320262</ele>
      </trkpt>
      <trkpt lat="43.5684953" lon="5.3644535">
        <ele>255.39752000002863</ele>
      </trkpt>
      <trkpt lat="43.5684075" lon="5.3646566">
        <ele>255.5955199999903</ele>
      </trkpt>
      <trkpt lat="43.5683516" lon="5.3647336">
        <ele>255.34226647039674</ele>
      </trkpt>
      <trkpt lat="43.5683378" lon="5.3648157">
        <ele>255.73194875842646</ele>
      </trkpt>
      <trkpt lat="43.5683105" lon="5.3649304">
        <ele>256.3344800000218</ele>
      </trkpt>
      <trkpt lat="43.5682603" lon="5.3650701">
        <ele>256.97887999998693</ele>
      </trkpt>
      <trkpt lat="43.5682055" lon="5.3651443">
        <ele>257.1185599999826</ele>
      </trkpt>
      <trkpt lat="43.5681288" lon="5.3651724">
        <ele>256.7686399999734</ele>
      </trkpt>
      <trkpt lat="43.5680197" lon="5.3652249">
        <ele>256.2074683312105</ele>
      </trkpt>
      <trkpt lat="43.5678673" lon="5.3653595">
        <ele>255.6598104480299</ele>
      </trkpt>
      <trkpt lat="43.5677357" lon="5.3655052">
        <ele>255.8502400000043</ele>
      </trkpt>
      <trkpt lat="43.5675756" lon="5.3656887">
        <ele>255.39614826877002</ele>
      </trkpt>
      <trkpt lat="43.5673744" lon="5.3658737">
        <ele>255.59734789118815</ele>
      </trkpt>
      <trkpt lat="43.5673761" lon="5.3661203">
        <ele>258.68627999999535</ele>
      </trkpt>
      <trkpt lat="43.5673237" lon="5.3664864">
        <ele>263.5466819328178</ele>
      </trkpt>
      <trkpt lat="43.5673086" lon="5.3668462">
        <ele>267.56087999998135</ele>
      </trkpt>
      <trkpt lat="43.5672115" lon="5.3671812">
        <ele>270.56266044800174</ele>
      </trkpt>
      <trkpt lat="43.5671702" lon="5.367553">
        <ele>273.31365395199816</ele>
      </trkpt>
      <trkpt lat="43.5670634" lon="5.3677071">
        <ele>273.8123572288162</ele>
      </trkpt>
      <trkpt lat="43.5668425" lon="5.3679047">
        <ele>274.2808400000031</ele>
      </trkpt>
      <trkpt lat="43.5666441" lon="5.368059">
        <ele>276.61525787205284</ele>
      </trkpt>
      <trkpt lat="43.5665248" lon="5.3682014">
        <ele>280.8707547135368</ele>
      </trkpt>
      <trkpt lat="43.5664123" lon="5.3684138">
        <ele>284.02580269116385</ele>
      </trkpt>
      <trkpt lat="43.5663538" lon="5.3685296">
        <ele>285.62786734075445</ele>
      </trkpt>
      <trkpt lat="43.566297" lon="5.3687166">
        <ele>288.0751200000327</ele>
      </trkpt>
      <trkpt lat="43.5662403" lon="5.3690197">
        <ele>291.43437547367125</ele>
      </trkpt>
      <trkpt lat="43.5661957" lon="5.3693038">
        <ele>293.9672308671716</ele>
      </trkpt>
      <trkpt lat="43.5661483" lon="5.3694998">
        <ele>295.88971960637326</ele>
      </trkpt>
      <trkpt lat="43.5659437" lon="5.3697033">
        <ele>300.35658912322697</ele>
      </trkpt>
      <trkpt lat="43.5657302" lon="5.3698326">
        <ele>303.3636681792247</ele>
      </trkpt>
      <trkpt lat="43.5655241" lon="5.369993">
        <ele>305.1132400000088</ele>
      </trkpt>
      <trkpt lat="43.5653275" lon="5.3701571">
        <ele>305.3566752399962</ele>
      </trkpt>
      <trkpt lat="43.5652717" lon="5.3702476">
        <ele>305.1086400000004</ele>
      </trkpt>
      <trkpt lat="43.5650303" lon="5.3703938">
        <ele>304.21020053439173</ele>
      </trkpt>
      <trkpt lat="43.5649848" lon="5.3704659">
        <ele>303.6455199999991</ele>
      </trkpt>
      <trkpt lat="43.564888" lon="5.370613">
        <ele>302.5864000000024</ele>
      </trkpt>
      <trkpt lat="43.5647728" lon="5.370785">
        <ele>301.34800000000223</ele>
      </trkpt>
      <trkpt lat="43.5647431" lon="5.3708293">
        <ele>301.0290400000031</ele>
      </trkpt>
      <trkpt lat="43.564606" lon="5.371034">
        <ele>300.9982521600145</ele>
      </trkpt>
      <trkpt lat="43.5645575" lon="5.3710921">
        <ele>301.2138550800037</ele>
      </trkpt>
      <trkpt lat="43.564404" lon="5.371276">
        <ele>302.0</ele>
      </trkpt>
      <trkpt lat="43.564209" lon="5.371466">
        <ele>301.72240000000056</ele>
      </trkpt>
      <trkpt lat="43.564171" lon="5.371516">
        <ele>301.54240000000095</ele>
      </trkpt>
      <trkpt lat="43.5641093" lon="5.3716177">
        <ele>301.1398746543994</ele>
      </trkpt>
      <trkpt lat="43.563984" lon="5.371824">
        <ele>300.8060646400042</ele>
      </trkpt>
      <trkpt lat="43.5639757" lon="5.3718337">
        <ele>300.8120754735996</ele>
      </trkpt>
      <trkpt lat="43.56395" lon="5.371864">
        <ele>300.8437120000037</ele>
      </trkpt>
      <trkpt lat="43.5639601" lon="5.3719214">
        <ele>300.76490762559115</ele>
      </trkpt>
      <trkpt lat="43.5639336" lon="5.3719863">
        <ele>300.96546654720487</ele>
      </trkpt>
      <trkpt lat="43.5638472" lon="5.3721905">
        <ele>301.88580000000115</ele>
      </trkpt>
      <trkpt lat="43.5638027" lon="5.3723581">
        <ele>302.0</ele>
      </trkpt>
      <trkpt lat="43.5637403" lon="5.3726638">
        <ele>301.6845683743988</ele>
      </trkpt>
      <trkpt lat="43.5636941" lon="5.3728208">
        <ele>301.19015194879603</ele>
      </trkpt>
      <trkpt lat="43.5636291" lon="5.3730061">
        <ele>300.29603012960143</ele>
      </trkpt>
      <trkpt lat="43.5634905" lon="5.3734145">
        <ele>297.77761972000053</ele>
      </trkpt>
      <trkpt lat="43.5634272" lon="5.3735325">
        <ele>296.89405408000465</ele>
      </trkpt>
      <trkpt lat="43.5632836" lon="5.3737274">
        <ele>295.9231200000063</ele>
      </trkpt>
      <trkpt lat="43.5631574" lon="5.3739309">
        <ele>293.74103190078824</ele>
      </trkpt>
      <trkpt lat="43.5629985" lon="5.3740822">
        <ele>289.8607019679916</ele>
      </trkpt>
      <trkpt lat="43.5628674" lon="5.3741446">
        <ele>287.82491052160395</ele>
      </trkpt>
      <trkpt lat="43.5627493" lon="5.3742375">
        <ele>284.6788574000157</ele>
      </trkpt>
      <trkpt lat="43.562631" lon="5.3743349">
        <ele>281.22921982400715</ele>
      </trkpt>
      <trkpt lat="43.5625923" lon="5.3744583">
        <ele>277.0330000000017</ele>
      </trkpt>
      <trkpt lat="43.5625856" lon="5.3745907">
        <ele>274.1490400000007</ele>
      </trkpt>
      <trkpt lat="43.5626034" lon="5.3747636">
        <ele>270.92536000000564</ele>
      </trkpt>
      <trkpt lat="43.5625803" lon="5.3749458">
        <ele>268.8744400000028</ele>
      </trkpt>
      <trkpt lat="43.5624379" lon="5.3751753">
        <ele>265.6596399999885</ele>
      </trkpt>
      <trkpt lat="43.5623079" lon="5.375344">
        <ele>263.048744192003</ele>
      </trkpt>
      <trkpt lat="43.56226" lon="5.3754101">
        <ele>261.97248992002295</ele>
      </trkpt>
      <trkpt lat="43.5622189" lon="5.3755435">
        <ele>260.08339812796805</ele>
      </trkpt>
      <trkpt lat="43.5621609" lon="5.3757555">
        <ele>258.3971600000291</ele>
      </trkpt>
      <trkpt lat="43.5621437" lon="5.3758185">
        <ele>257.9226799999999</ele>
      </trkpt>
      <trkpt lat="43.5621548" lon="5.3759873">
        <ele>258.2981896832196</ele>
      </trkpt>
      <trkpt lat="43.5621488" lon="5.3760688">
        <ele>258.3908375552224</ele>
      </trkpt>
      <trkpt lat="43.5621257" lon="5.3761408">
        <ele>258.5885413376208</ele>
      </trkpt>
      <trkpt lat="43.5619935" lon="5.3763076">
        <ele>258.8928397759954</ele>
      </trkpt>
      <trkpt lat="43.5619065" lon="5.3763825">
        <ele>258.82054179999767</ele>
      </trkpt>
      <trkpt lat="43.5618533" lon="5.376489">
        <ele>259.15617110401854</ele>
      </trkpt>
      <trkpt lat="43.5618161" lon="5.3766766">
        <ele>259.66887744961446</ele>
      </trkpt>
      <trkpt lat="43.5617569" lon="5.3768116">
        <ele>259.6657685183859</ele>
      </trkpt>
      <trkpt lat="43.561674" lon="5.3768954">
        <ele>258.9243788159527</ele>
      </trkpt>
      <trkpt lat="43.5615089" lon="5.3770028">
        <ele>257.59696296319566</ele>
      </trkpt>
      <trkpt lat="43.5613772" lon="5.3771091">
        <ele>256.50860000001944</ele>
      </trkpt>
      <trkpt lat="43.561272" lon="5.3772779">
        <ele>256.2744948480196</ele>
      </trkpt>
      <trkpt lat="43.5612278" lon="5.3773947">
        <ele>256.10099607357637</ele>
      </trkpt>
      <trkpt lat="43.5612508" lon="5.3774164">
        <ele>256.35729323523395</ele>
      </trkpt>
      <trkpt lat="43.5612708" lon="5.3775366">
        <ele>256.74437237763084</ele>
      </trkpt>
      <trkpt lat="43.5612841" lon="5.3779614">
        <ele>257.27609854083886</ele>
      </trkpt>
      <trkpt lat="43.5612889" lon="5.3785606">
        <ele>259.363794620816</ele>
      </trkpt>
      <trkpt lat="43.5613034" lon="5.3790147">
        <ele>263.5006613183984</ele>
      </trkpt>
      <trkpt lat="43.5613235" lon="5.37909">
        <ele>264.12325920000137</ele>
      </trkpt>
      <trkpt lat="43.5612932" lon="5.3791979">
        <ele>264.346013337612</ele>
      </trkpt>
      <trkpt lat="43.561271" lon="5.3792553">
        <ele>264.1994448959797</ele>
      </trkpt>
      <trkpt lat="43.5612316" lon="5.3793015">
        <ele>263.8032142079921</ele>
      </trkpt>
      <trkpt lat="43.5613136" lon="5.3794769">
        <ele>264.7989999999752</ele>
      </trkpt>
      <trkpt lat="43.5613521" lon="5.3795625">
        <ele>265.04524000000924</ele>
      </trkpt>
      <trkpt lat="43.5613769" lon="5.3796299">
        <ele>265.15971999998555</ele>
      </trkpt>
      <trkpt lat="43.5614162" lon="5.379737">
        <ele>265.0318093759702</ele>
      </trkpt>
      <trkpt lat="43.5614554" lon="5.3798437">
        <ele>264.06220809919535</ele>
      </trkpt>
      <trkpt lat="43.5614809" lon="5.3799975">
        <ele>262.36122115999774</ele>
      </trkpt>
      <trkpt lat="43.5615155" lon="5.3802055">
        <ele>260.9108016799904</ele>
      </trkpt>
      <trkpt lat="43.5615224" lon="5.3803942">
        <ele>260.643365836814</ele>
      </trkpt>
      <trkpt lat="43.5615224" lon="5.3805142">
        <ele>260.8510023168172</ele>
      </trkpt>
      <trkpt lat="43.5615124" lon="5.3805742">
        <ele>260.9500757631707</ele>
      </trkpt>
      <trkpt lat="43.5614524" lon="5.3807442">
        <ele>261.7966460032002</ele>
      </trkpt>
      <trkpt lat="43.5613824" lon="5.3808542">
        <ele>262.1085599999883</ele>
      </trkpt>
      <trkpt lat="43.5612824" lon="5.3809342">
        <ele>261.17256000005295</ele>
      </trkpt>
      <trkpt lat="43.5612324" lon="5.3809642">
        <ele>260.5965600000286</ele>
      </trkpt>
      <trkpt lat="43.56104" lon="5.3810525">
        <ele>258.8009839999872</ele>
      </trkpt>
      <trkpt lat="43.5608804" lon="5.381073">
        <ele>257.81332716801273</ele>
      </trkpt>
      <trkpt lat="43.5604255" lon="5.3811316">
        <ele>258.30989113599026</ele>
      </trkpt>
      <trkpt lat="43.5600525" lon="5.3811796">
        <ele>259.57516032000103</ele>
      </trkpt>
      <trkpt lat="43.5599563" lon="5.381192">
        <ele>259.9045199999973</ele>
      </trkpt>
      <trkpt lat="43.5597237" lon="5.3812384">
        <ele>261.7441200000021</ele>
      </trkpt>
      <trkpt lat="43.55954" lon="5.3812674">
        <ele>263.40093183999926</ele>
      </trkpt>
      <trkpt lat="43.5593454" lon="5.3812926">
        <ele>264.80648204160656</ele>
      </trkpt>
      <trkpt lat="43.5593022" lon="5.381339">
        <ele>266.1629104319973</ele>
      </trkpt>
      <trkpt lat="43.5587829" lon="5.3811003">
        <ele>263.52960000001985</ele>
      </trkpt>
      <trkpt lat="43.5582164" lon="5.3808386">
        <ele>262.9287385984014</ele>
      </trkpt>
      <trkpt lat="43.5579964" lon="5.3807601">
        <ele>263.74182477439706</ele>
      </trkpt>
      <trkpt lat="43.5578878" lon="5.3807447">
        <ele>264.1584587935857</ele>
      </trkpt>
      <trkpt lat="43.5577918" lon="5.3807555">
        <ele>264.65517550401574</ele>
      </trkpt>
      <trkpt lat="43.5576809" lon="5.3807745">
        <ele>264.3655726320063</ele>
      </trkpt>
      <trkpt lat="43.557563" lon="5.380831">
        <ele>264.21190512000464</ele>
      </trkpt>
      <trkpt lat="43.5574281" lon="5.3809232">
        <ele>263.37189991683596</ele>
      </trkpt>
      <trkpt lat="43.5573332" lon="5.3810243">
        <ele>262.69837799042625</ele>
      </trkpt>
      <trkpt lat="43.5572076" lon="5.3811702">
        <ele>262.4690424191751</ele>
      </trkpt>
      <trkpt lat="43.5570441" lon="5.3813369">
        <ele>261.9935744783834</ele>
      </trkpt>
      <trkpt lat="43.5569" lon="5.38146">
        <ele>261.4479999999885</ele>
      </trkpt>
      <trkpt lat="43.5567778" lon="5.3815262">
        <ele>261.28311999998914</ele>
      </trkpt>
      <trkpt lat="43.5566864" lon="5.3815615">
        <ele>261.0062799999773</ele>
      </trkpt>
      <trkpt lat="43.5565575" lon="5.3815947">
        <ele>261.120941559996</ele>
      </trkpt>
      <trkpt lat="43.5563924" lon="5.3816412">
        <ele>261.6344388351973</ele>
      </trkpt>
      <trkpt lat="43.5563005" lon="5.3816871">
        <ele>262.12315999998964</ele>
      </trkpt>
      <trkpt lat="43.5562203" lon="5.3817323">
        <ele>262.8107600000062</ele>
      </trkpt>
      <trkpt lat="43.5561116" lon="5.381823">
        <ele>264.3785600000001</ele>
      </trkpt>
      <trkpt lat="43.5554216" lon="5.3824848">
        <ele>268.36797634564846</ele>
      </trkpt>
      <trkpt lat="43.5550498" lon="5.3828337">
        <ele>267.46426735038364</ele>
      </trkpt>
      <trkpt lat="43.5546903" lon="5.3831824">
        <ele>264.48872586232926</ele>
      </trkpt>
      <trkpt lat="43.5544001" lon="5.3834728">
        <ele>259.8071920512609</ele>
      </trkpt>
      <trkpt lat="43.554294" lon="5.383603">
        <ele>258.13458527996687</ele>
      </trkpt>
      <trkpt lat="43.5541948" lon="5.383735">
        <ele>256.60095999993973</ele>
      </trkpt>
      <trkpt lat="43.5535139" lon="5.3847563">
        <ele>251.37982690719053</ele>
      </trkpt>
      <trkpt lat="43.5531732" lon="5.3852701">
        <ele>250.231213907234</ele>
      </trkpt>
      <trkpt lat="43.5529933" lon="5.3855324">
        <ele>249.73136264314792</ele>
      </trkpt>
      <trkpt lat="43.552805" lon="5.3857993">
        <ele>246.4899999999884</ele>
      </trkpt>
      <trkpt lat="43.5520672" lon="5.3868047">
        <ele>239.1061611136303</ele>
      </trkpt>
      <trkpt lat="43.5517008" lon="5.3873063">
        <ele>237.08568668159754</ele>
      </trkpt>
      <trkpt lat="43.5514993" lon="5.3875754">
        <ele>234.21058802884232</ele>
      </trkpt>
      <trkpt lat="43.5513095" lon="5.3878337">
        <ele>231.48593725601356</ele>
      </trkpt>
      <trkpt lat="43.5511667" lon="5.3880378">
        <ele>231.14899167041276</ele>
      </trkpt>
      <trkpt lat="43.5511145" lon="5.3881203">
        <ele>230.77911999999037</ele>
      </trkpt>
      <trkpt lat="43.5510502" lon="5.3882217">
        <ele>230.00635150719236</ele>
      </trkpt>
      <trkpt lat="43.5509801" lon="5.3883609">
        <ele>229.42911999998728</ele>
      </trkpt>
      <trkpt lat="43.550926" lon="5.3884948">
        <ele>228.75231999998846</ele>
      </trkpt>
      <trkpt lat="43.5508449" lon="5.3886922">
        <ele>228.0416400000047</ele>
      </trkpt>
      <trkpt lat="43.5507699" lon="5.3888912">
        <ele>228.0</ele>
      </trkpt>
      <trkpt lat="43.5507198" lon="5.3890304">
        <ele>228.0</ele>
      </trkpt>
      <trkpt lat="43.5505839" lon="5.3894091">
        <ele>228.0</ele>
      </trkpt>
      <trkpt lat="43.5504451" lon="5.389716">
        <ele>227.4111328640092</ele>
      </trkpt>
      <trkpt lat="43.550291" lon="5.3901263">
        <ele>227.45468000000142</ele>
      </trkpt>
      <trkpt lat="43.5502531" lon="5.3902273">
        <ele>227.7455840047981</ele>
      </trkpt>
      <trkpt lat="43.5501297" lon="5.3905805">
        <ele>229.50884941599833</ele>
      </trkpt>
      <trkpt lat="43.5500841" lon="5.390711">
        <ele>229.47218449599603</ele>
      </trkpt>
      <trkpt lat="43.5500196" lon="5.3908955">
        <ele>229.34912867199273</ele>
      </trkpt>
      <trkpt lat="43.5499815" lon="5.3910046">
        <ele>229.4167600000119</ele>
      </trkpt>
      <trkpt lat="43.5498633" lon="5.3914154">
        <ele>230.15967206718588</ele>
      </trkpt>
      <trkpt lat="43.5498038" lon="5.3915815">
        <ele>230.48439771199463</ele>
      </trkpt>
      <trkpt lat="43.5496578" lon="5.3919898">
        <ele>233.02599999999165</ele>
      </trkpt>
      <trkpt lat="43.549578" lon="5.3922102">
        <ele>234.8317599999773</ele>
      </trkpt>
      <trkpt lat="43.5495045" lon="5.3924264">
        <ele>235.3263556479755</ele>
      </trkpt>
      <trkpt lat="43.549382" lon="5.3927686">
        <ele>235.29256000001556</ele>
      </trkpt>
      <trkpt lat="43.5493063" lon="5.3929417">
        <ele>235.68827999997416</ele>
      </trkpt>
      <trkpt lat="43.5492409" lon="5.3930808">
        <ele>235.98348000000942</ele>
      </trkpt>
      <trkpt lat="43.5492091" lon="5.3931322">
        <ele>236.01011999998786</ele>
      </trkpt>
      <trkpt lat="43.5493077" lon="5.3933584">
        <ele>238.7938800000029</ele>
      </trkpt>
      <trkpt lat="43.5494261" lon="5.3935914">
        <ele>242.5889999999797</ele>
      </trkpt>
      <trkpt lat="43.5490525" lon="5.3938282">
        <ele>242.94648943999866</ele>
      </trkpt>
      <trkpt lat="43.5480094" lon="5.3945162">
        <ele>243.59367999997085</ele>
      </trkpt>
      <trkpt lat="43.5479021" lon="5.3946197">
        <ele>242.42116000002397</ele>
      </trkpt>
      <trkpt lat="43.5478318" lon="5.3947455">
        <ele>241.82681227195883</ele>
      </trkpt>
      <trkpt lat="43.5477713" lon="5.3950294">
        <ele>241.05673181120724</ele>
      </trkpt>
      <trkpt lat="43.547752" lon="5.3951416">
        <ele>241.27685427202312</ele>
      </trkpt>
      <trkpt lat="43.5476987" lon="5.3956375">
        <ele>240.05337819998772</ele>
      </trkpt>
      <trkpt lat="43.5476839" lon="5.3957332">
        <ele>240.2926834624267</ele>
      </trkpt>
      <trkpt lat="43.5476631" lon="5.3958807">
        <ele>240.68968000001814</ele>
      </trkpt>
      <trkpt lat="43.5476374" lon="5.3959724">
        <ele>240.97983999998814</ele>
      </trkpt>
      <trkpt lat="43.5475729" lon="5.3960624">
        <ele>240.69903999998132</ele>
      </trkpt>
      <trkpt lat="43.5471702" lon="5.3964849">
        <ele>238.50399999998695</ele>
      </trkpt>
      <trkpt lat="43.5471216" lon="5.3965358">
        <ele>238.69551999998657</ele>
      </trkpt>
      <trkpt lat="43.5469922" lon="5.3966949">
        <ele>239.37519999999358</ele>
      </trkpt>
      <trkpt lat="43.5467813" lon="5.3967985">
        <ele>239.97903585600034</ele>
      </trkpt>
      <trkpt lat="43.5467132" lon="5.3969642">
        <ele>240.2978459775988</ele>
      </trkpt>
      <trkpt lat="43.5464499" lon="5.3972719">
        <ele>242.21812041759824</ele>
      </trkpt>
      <trkpt lat="43.5462072" lon="5.3974998">
        <ele>241.03751093757646</ele>
      </trkpt>
      <trkpt lat="43.5459557" lon="5.3979526">
        <ele>237.5289256672039</ele>
      </trkpt>
      <trkpt lat="43.5458687" lon="5.3982446">
        <ele>236.97587110079783</ele>
      </trkpt>
      <trkpt lat="43.5458531" lon="5.3983713">
        <ele>237.14232000001584</ele>
      </trkpt>
      <trkpt lat="43.5458145" lon="5.3985695">
        <ele>236.92204355999493</ele>
      </trkpt>
      <trkpt lat="43.5457905" lon="5.3987894">
        <ele>236.9447717280033</ele>
      </trkpt>
      <trkpt lat="43.5457742" lon="5.3989153">
        <ele>237.0</ele>
      </trkpt>
      <trkpt lat="43.5457482" lon="5.3992187">
        <ele>236.94259016639936</ele>
      </trkpt>
      <trkpt lat="43.5457339" lon="5.3995389">
        <ele>236.52031928160963</ele>
      </trkpt>
      <trkpt lat="43.5457272" lon="5.3998599">
        <ele>235.4339341312093</ele>
      </trkpt>
      <trkpt lat="43.5457364" lon="5.4000341">
        <ele>234.52828000000954</ele>
      </trkpt>
      <trkpt lat="43.5457581" lon="5.4001534">
        <ele>234.1769200000026</ele>
      </trkpt>
      <trkpt lat="43.5458089" lon="5.4002717">
        <ele>233.93391999998926</ele>
      </trkpt>
      <trkpt lat="43.5458786" lon="5.4003533">
        <ele>234.37996000002613</ele>
      </trkpt>
      <trkpt lat="43.546071" lon="5.400583">
        <ele>236.16880015996892</ele>
      </trkpt>
      <trkpt lat="43.5461791" lon="5.4007019">
        <ele>235.54842935841015</ele>
      </trkpt>
      <trkpt lat="43.5462691" lon="5.400832">
        <ele>234.58042995201018</ele>
      </trkpt>
      <trkpt lat="43.5463343" lon="5.4009302">
        <ele>233.89438090879443</ele>
      </trkpt>
      <trkpt lat="43.5464067" lon="5.401032">
        <ele>232.81787724800452</ele>
      </trkpt>
      <trkpt lat="43.5464929" lon="5.4011266">
        <ele>231.94423999999844</ele>
      </trkpt>
      <trkpt lat="43.5466316" lon="5.4012682">
        <ele>231.43448000000126</ele>
      </trkpt>
      <trkpt lat="43.546667" lon="5.4013114">
        <ele>231.28015999999775</ele>
      </trkpt>
      <trkpt lat="43.5466996" lon="5.401326">
        <ele>231.34495999998762</ele>
      </trkpt>
      <trkpt lat="43.5467399" lon="5.4013314">
        <ele>231.47059999999465</ele>
      </trkpt>
      <trkpt lat="43.5467827" lon="5.4013185">
        <ele>231.6711200000036</ele>
      </trkpt>
      <trkpt lat="43.5468331" lon="5.4013101">
        <ele>231.8828000000026</ele>
      </trkpt>
      <trkpt lat="43.5468947" lon="5.4013242">
        <ele>232.05380000000878</ele>
      </trkpt>
      <trkpt lat="43.5469544" lon="5.40137">
        <ele>232.10383999998953</ele>
      </trkpt>
      <trkpt lat="43.5468065" lon="5.4015954">
        <ele>231.5034000000087</ele>
      </trkpt>
      <trkpt lat="43.5466413" lon="5.4019605">
        <ele>229.99472170399935</ele>
      </trkpt>
      <trkpt lat="43.5465718" lon="5.4022518">
        <ele>229.6584800000087</ele>
      </trkpt>
      <trkpt lat="43.5465848" lon="5.4024388">
        <ele>229.70527999999285</ele>
      </trkpt>
      <trkpt lat="43.5466348" lon="5.402511">
        <ele>229.92033708799738</ele>
      </trkpt>
      <trkpt lat="43.5467022" lon="5.4026083">
        <ele>230.64571999998907</ele>
      </trkpt>
      <trkpt lat="43.5467824" lon="5.4027138">
        <ele>231.60295999998448</ele>
      </trkpt>
      <trkpt lat="43.5468188" lon="5.4030735">
        <ele>233.12457987197814</ele>
      </trkpt>
      <trkpt lat="43.5468291" lon="5.4033126">
        <ele>233.55376648638583</ele>
      </trkpt>
      <trkpt lat="43.5468407" lon="5.4035346">
        <ele>232.44800866879467</ele>
      </trkpt>
      <trkpt lat="43.5468317" lon="5.4037931">
        <ele>231.3448400000011</ele>
      </trkpt>
      <trkpt lat="43.5468196" lon="5.4040865">
        <ele>230.28859999999986</ele>
      </trkpt>
      <trkpt lat="43.5467674" lon="5.4043995">
        <ele>230.30396484800093</ele>
      </trkpt>
      <trkpt lat="43.5467631" lon="5.404856">
        <ele>231.3471599999989</ele>
      </trkpt>
      <trkpt lat="43.5467882" lon="5.4050808">
        <ele>231.7284000000077</ele>
      </trkpt>
      <trkpt lat="43.5468022" lon="5.4053211">
        <ele>232.40805600320778</ele>
      </trkpt>
      <trkpt lat="43.5468196" lon="5.4055559">
        <ele>232.10167730559454</ele>
      </trkpt>
      <trkpt lat="43.5467976" lon="5.4056417">
        <ele>232.1066618367876</ele>
      </trkpt>
      <trkpt lat="43.5467717" lon="5.4056863">
        <ele>232.0489464784043</ele>
      </trkpt>
      <trkpt lat="43.5467101" lon="5.4057318">
        <ele>231.84799270719236</ele>
      </trkpt>
      <trkpt lat="43.5466196" lon="5.4057733">
        <ele>231.34879874559644</ele>
      </trkpt>
      <trkpt lat="43.5464935" lon="5.4058298">
        <ele>230.1329392959661</ele>
      </trkpt>
      <trkpt lat="43.5464494" lon="5.4058679">
        <ele>229.750851990401</ele>
      </trkpt>
      <trkpt lat="43.5464153" lon="5.4059341">
        <ele>229.61350877919529</ele>
      </trkpt>
      <trkpt lat="43.5464079" lon="5.4060433">
        <ele>229.90946757278775</ele>
      </trkpt>
      <trkpt lat="43.5464109" lon="5.4061559">
        <ele>230.15847999998505</ele>
      </trkpt>
      <trkpt lat="43.5464377" lon="5.4066471">
        <ele>230.351439999989</ele>
      </trkpt>
      <trkpt lat="43.5464711" lon="5.4071223">
        <ele>230.74674273119774</ele>
      </trkpt>
      <trkpt lat="43.5465065" lon="5.4074818">
        <ele>230.46117883199796</ele>
      </trkpt>
      <trkpt lat="43.5465551" lon="5.4077349">
        <ele>230.09236284959883</ele>
      </trkpt>
      <trkpt lat="43.5464928" lon="5.4078149">
        <ele>229.9163520512014</ele>
      </trkpt>
      <trkpt lat="43.5463817" lon="5.4082685">
        <ele>228.98016039199376</ele>
      </trkpt>
      <trkpt lat="43.5462972" lon="5.4084776">
        <ele>229.1892799999937</ele>
      </trkpt>
      <trkpt lat="43.5459503" lon="5.4088912">
        <ele>227.41626338560397</ele>
      </trkpt>
      <trkpt lat="43.5458924" lon="5.4089353">
        <ele>227.08108789119967</ele>
      </trkpt>
      <trkpt lat="43.5455189" lon="5.4092203">
        <ele>223.37539883678195</ele>
      </trkpt>
      <trkpt lat="43.5451053" lon="5.4097184">
        <ele>221.0</ele>
      </trkpt>
      <trkpt lat="43.544796" lon="5.4102485">
        <ele>221.55261727998823</ele>
      </trkpt>
      <trkpt lat="43.5446139" lon="5.4104334">
        <ele>220.7333376192123</ele>
      </trkpt>
      <trkpt lat="43.5442486" lon="5.4107221">
        <ele>218.11811378240435</ele>
      </trkpt>
      <trkpt lat="43.5441803" lon="5.4107812">
        <ele>218.0092113344005</ele>
      </trkpt>
      <trkpt lat="43.5437194" lon="5.4111169">
        <ele>216.4025557344011</ele>
      </trkpt>
      <trkpt lat="43.5435237" lon="5.4112595">
        <ele>216.5341999999996</ele>
      </trkpt>
      <trkpt lat="43.5433884" lon="5.4113464">
        <ele>216.8470400000008</ele>
      </trkpt>
      <trkpt lat="43.5431183" lon="5.4115546">
        <ele>217.68850194562293</ele>
      </trkpt>
      <trkpt lat="43.5429528" lon="5.4116751">
        <ele>217.34000922881418</ele>
      </trkpt>
      <trkpt lat="43.5424503" lon="5.4121732">
        <ele>217.3207758015902</ele>
      </trkpt>
      <trkpt lat="43.5421148" lon="5.4125023">
        <ele>217.24819795840074</ele>
      </trkpt>
      <trkpt lat="43.5417387" lon="5.4128714">
        <ele>217.35495757441782</ele>
      </trkpt>
      <trkpt lat="43.5413824" lon="5.4132507">
        <ele>217.66274913282027</ele>
      </trkpt>
      <trkpt lat="43.5410494" lon="5.4136052">
        <ele>215.55567999998948</ele>
      </trkpt>
      <trkpt lat="43.5407786" lon="5.4140353">
        <ele>214.02914415682778</ele>
      </trkpt>
      <trkpt lat="43.5407309" lon="5.4141111">
        <ele>213.7674467503988</ele>
      </trkpt>
      <trkpt lat="43.5406714" lon="5.4142056">
        <ele>213.33282767360828</ele>
      </trkpt>
      <trkpt lat="43.5403779" lon="5.4146726">
        <ele>212.88574900160253</ele>
      </trkpt>
      <trkpt lat="43.5403514" lon="5.41474">
        <ele>213.0640000000003</ele>
      </trkpt>
      <trkpt lat="43.5400177" lon="5.4155887">
        <ele>214.18303999999898</ele>
      </trkpt>
      <trkpt lat="43.5398931" lon="5.4160156">
        <ele>215.27132000000051</ele>
      </trkpt>
      <trkpt lat="43.5395285" lon="5.4176611">
        <ele>210.60520000002134</ele>
      </trkpt>
      <trkpt lat="43.5394986" lon="5.417848">
        <ele>210.08783411200972</ele>
      </trkpt>
      <trkpt lat="43.539355" lon="5.4187463">
        <ele>204.84328904000134</ele>
      </trkpt>
      <trkpt lat="43.5393228" lon="5.4188791">
        <ele>204.57751230080305</ele>
      </trkpt>
      <trkpt lat="43.5391816" lon="5.4194623">
        <ele>202.11097569279397</ele>
      </trkpt>
      <trkpt lat="43.5390786" lon="5.4196796">
        <ele>202.21974676479198</ele>
      </trkpt>
      <trkpt lat="43.5390215" lon="5.4198002">
        <ele>203.3520714560055</ele>
      </trkpt>
      <trkpt lat="43.5388703" lon="5.4200715">
        <ele>205.6211347919911</ele>
      </trkpt>
      <trkpt lat="43.5384343" lon="5.4207182">
        <ele>204.41213519038195</ele>
      </trkpt>
      <trkpt lat="43.5382669" lon="5.4209928">
        <ele>204.0957600000238</ele>
      </trkpt>
      <trkpt lat="43.5381001" lon="5.4212845">
        <ele>204.4690232880035</ele>
      </trkpt>
      <trkpt lat="43.5380346" lon="5.4213903">
        <ele>204.7791432352325</ele>
      </trkpt>
      <trkpt lat="43.5379722" lon="5.4214661">
        <ele>204.46113023678691</ele>
      </trkpt>
      <trkpt lat="43.5379132" lon="5.4215354">
        <ele>204.26030245118443</ele>
      </trkpt>
      <trkpt lat="43.5377364" lon="5.4216596">
        <ele>203.6549895423994</ele>
      </trkpt>
      <trkpt lat="43.5376771" lon="5.4217013">
        <ele>203.434101961625</ele>
      </trkpt>
      <trkpt lat="43.5373425" lon="5.4221146">
        <ele>202.04556000000252</ele>
      </trkpt>
      <trkpt lat="43.5372463" lon="5.4222443">
        <ele>202.24563999999873</ele>
      </trkpt>
      <trkpt lat="43.5371512" lon="5.42231">
        <ele>202.4704102399946</ele>
      </trkpt>
      <trkpt lat="43.5369992" lon="5.4224728">
        <ele>202.3556360191797</ele>
      </trkpt>
      <trkpt lat="43.536622" lon="5.4229992">
        <ele>200.00945689600672</ele>
      </trkpt>
      <trkpt lat="43.5365203" lon="5.423156">
        <ele>199.47307999999794</ele>
      </trkpt>
      <trkpt lat="43.5363266" lon="5.4234973">
        <ele>198.0936043872117</ele>
      </trkpt>
      <trkpt lat="43.5359623" lon="5.4241502">
        <ele>198.91319748159813</ele>
      </trkpt>
      <trkpt lat="43.5358798" lon="5.424391">
        <ele>200.61519999999973</ele>
      </trkpt>
      <trkpt lat="43.5358238" lon="5.4245545">
        <ele>201.36188000001084</ele>
      </trkpt>
      <trkpt lat="43.5356681" lon="5.4250567">
        <ele>203.0144400000163</ele>
      </trkpt>
      <trkpt lat="43.5353932" lon="5.4259549">
        <ele>202.8310400000105</ele>
      </trkpt>
      <trkpt lat="43.5351721" lon="5.4266628">
        <ele>200.25303999997823</ele>
      </trkpt>
      <trkpt lat="43.535163" lon="5.4267688">
        <ele>199.95784537598414</ele>
      </trkpt>
      <trkpt lat="43.5351897" lon="5.4268912">
        <ele>199.813822105585</ele>
      </trkpt>
      <trkpt lat="43.5352317" lon="5.4269581">
        <ele>199.8751253391898</ele>
      </trkpt>
      <trkpt lat="43.5352829" lon="5.4270014">
        <ele>200.2343581247916</ele>
      </trkpt>
      <trkpt lat="43.5356289" lon="5.4272464">
        <ele>201.0</ele>
      </trkpt>
      <trkpt lat="43.5356534" lon="5.4272894">
        <ele>201.0</ele>
      </trkpt>
      <trkpt lat="43.5356698" lon="5.4273481">
        <ele>201.0</ele>
      </trkpt>
      <trkpt lat="43.5356751" lon="5.427406">
        <ele>201.0</ele>
      </trkpt>
      <trkpt lat="43.5356692" lon="5.427463">
        <ele>201.0</ele>
      </trkpt>
      <trkpt lat="43.5356672" lon="5.4274706">
        <ele>201.0</ele>
      </trkpt>
      <trkpt lat="43.5356538" lon="5.4275233">
        <ele>201.1380933215995</ele>
      </trkpt>
      <trkpt lat="43.5356048" lon="5.4275955">
        <ele>201.6266511359966</ele>
      </trkpt>
      <trkpt lat="43.535565" lon="5.4276981">
        <ele>202.40207256000272</ele>
      </trkpt>
      <trkpt lat="43.5355377" lon="5.4278292">
        <ele>203.10894048639466</ele>
      </trkpt>
      <trkpt lat="43.5355095" lon="5.4280675">
        <ele>203.7042706000252</ele>
      </trkpt>
      <trkpt lat="43.5354768" lon="5.4284686">
        <ele>204.28750289918113</ele>
      </trkpt>
      <trkpt lat="43.5354249" lon="5.4287769">
        <ele>204.05928000001768</ele>
      </trkpt>
      <trkpt lat="43.5353808" lon="5.4288408">
        <ele>203.74175999999034</ele>
      </trkpt>
      <trkpt lat="43.5353283" lon="5.4288881">
        <ele>203.36376000002383</ele>
      </trkpt>
      <trkpt lat="43.5351862" lon="5.4289046">
        <ele>202.06751999998164</ele>
      </trkpt>
      <trkpt lat="43.5350164" lon="5.4289095">
        <ele>200.25132000003646</ele>
      </trkpt>
      <trkpt lat="43.5349363" lon="5.4289292">
        <ele>199.45715999998038</ele>
      </trkpt>
      <trkpt lat="43.5348337" lon="5.4289768">
        <ele>198.52044000000137</ele>
      </trkpt>
      <trkpt lat="43.5346884" lon="5.4291264">
        <ele>197.97680000000037</ele>
      </trkpt>
      <trkpt lat="43.5344782" lon="5.4294396">
        <ele>198.99788069119995</ele>
      </trkpt>
      <trkpt lat="43.5343773" lon="5.4295899">
        <ele>199.6387857391949</ele>
      </trkpt>
      <trkpt lat="43.5342661" lon="5.4298899">
        <ele>200.0</ele>
      </trkpt>
      <trkpt lat="43.5342093" lon="5.4299933">
        <ele>200.0</ele>
      </trkpt>
      <trkpt lat="43.5341595" lon="5.4300877">
        <ele>199.3509055760056</ele>
      </trkpt>
      <trkpt lat="43.5339106" lon="5.4307916">
        <ele>196.07815999999525</ele>
      </trkpt>
      <trkpt lat="43.5337737" lon="5.4312722">
        <ele>197.75411877440453</ele>
      </trkpt>
      <trkpt lat="43.5336057" lon="5.4314696">
        <ele>197.70944000000077</ele>
      </trkpt>
      <trkpt lat="43.5334812" lon="5.4315898">
        <ele>197.27671999999916</ele>
      </trkpt>
      <trkpt lat="43.5331751" lon="5.431816">
        <ele>195.89276000000245</ele>
      </trkpt>
      <trkpt lat="43.5329952" lon="5.4319578">
        <ele>194.5278068224135</ele>
      </trkpt>
      <trkpt lat="43.5328959" lon="5.4320361">
        <ele>193.71016780959795</ele>
      </trkpt>
      <trkpt lat="43.5327412" lon="5.4322884">
        <ele>192.76801144317926</ele>
      </trkpt>
      <trkpt lat="43.5326723" lon="5.4326627">
        <ele>193.2060000000049</ele>
      </trkpt>
      <trkpt lat="43.5326225" lon="5.4330146">
        <ele>194.66953896001453</ele>
      </trkpt>
      <trkpt lat="43.5325416" lon="5.4337785">
        <ele>198.8118746240088</ele>
      </trkpt>
      <trkpt lat="43.5323487" lon="5.4345681">
        <ele>200.2026902511999</ele>
      </trkpt>
      <trkpt lat="43.5322367" lon="5.4349543">
        <ele>200.05211999999483</ele>
      </trkpt>
      <trkpt lat="43.5322231" lon="5.4351182">
        <ele>200.4273353568057</ele>
      </trkpt>
      <trkpt lat="43.5322193" lon="5.4351638">
        <ele>200.58967999999913</ele>
      </trkpt>
      <trkpt lat="43.5320505" lon="5.4351502">
        <ele>200.54071999999928</ele>
      </trkpt>
      <trkpt lat="43.5315961" lon="5.4351137">
        <ele>199.74596000000565</ele>
      </trkpt>
      <trkpt lat="43.531571" lon="5.4351241">
        <ele>199.65559999999846</ele>
      </trkpt>
      <trkpt lat="43.5315192" lon="5.435141">
        <ele>199.46911999999338</ele>
      </trkpt>
      <trkpt lat="43.5314963" lon="5.4351911">
        <ele>199.38668000000212</ele>
      </trkpt>
      <trkpt lat="43.5314643" lon="5.4352151">
        <ele>199.2714800000117</ele>
      </trkpt>
      <trkpt lat="43.5314279" lon="5.4352167">
        <ele>199.14043999998944</ele>
      </trkpt>
      <trkpt lat="43.5314045" lon="5.4352044">
        <ele>199.05620000000272</ele>
      </trkpt>
      <trkpt lat="43.531391" lon="5.4351909">
        <ele>199.0075999999974</ele>
      </trkpt>
      <trkpt lat="43.5313808" lon="5.4351754">
        <ele>198.9524924672049</ele>
      </trkpt>
      <trkpt lat="43.5313693" lon="5.4351452">
        <ele>198.892617785608</ele>
      </trkpt>
      <trkpt lat="43.5313289" lon="5.4351585">
        <ele>198.66081322399071</ele>
      </trkpt>
      <trkpt lat="43.5312436" lon="5.4351865">
        <ele>198.12579094401977</ele>
      </trkpt>
      <trkpt lat="43.531132" lon="5.4352328">
        <ele>197.3001436159979</ele>
      </trkpt>
      <trkpt lat="43.5308456" lon="5.4353327">
        <ele>195.85517131519651</ele>
      </trkpt>
      <trkpt lat="43.530689" lon="5.4353919">
        <ele>193.41810492803575</ele>
      </trkpt>
      <trkpt lat="43.5306532" lon="5.4354066">
        <ele>192.8953181696482</ele>
      </trkpt>
      <trkpt lat="43.5306042" lon="5.4354174">
        <ele>192.2021953663878</ele>
      </trkpt>
      <trkpt lat="43.5304025" lon="5.4354386">
        <ele>189.9259600000123</ele>
      </trkpt>
      <trkpt lat="43.5303716" lon="5.4354368">
        <ele>189.58576000002336</ele>
      </trkpt>
      <trkpt lat="43.5303591" lon="5.4354322">
        <ele>189.43419999998218</ele>
      </trkpt>
      <trkpt lat="43.5303474" lon="5.4354243">
        <ele>189.27939999996374</ele>
      </trkpt>
      <trkpt lat="43.5303341" lon="5.4354089">
        <ele>189.08031999997183</ele>
      </trkpt>
      <trkpt lat="43.5303178" lon="5.4353832">
        <ele>188.81175999998936</ele>
      </trkpt>
      <trkpt lat="43.5302851" lon="5.4353318">
        <ele>188.27356000000486</ele>
      </trkpt>
      <trkpt lat="43.5302781" lon="5.4353569">
        <ele>188.2883199999667</ele>
      </trkpt>
      <trkpt lat="43.5302649" lon="5.4353902">
        <ele>188.38595718079694</ele>
      </trkpt>
      <trkpt lat="43.5302347" lon="5.4354386">
        <ele>188.48917488320336</ele>
      </trkpt>
      <trkpt lat="43.530203" lon="5.4354816">
        <ele>188.53623180800093</ele>
      </trkpt>
      <trkpt lat="43.5301685" lon="5.4355184">
        <ele>188.5254611840071</ele>
      </trkpt>
      <trkpt lat="43.5300991" lon="5.435587">
        <ele>188.46996000000354</ele>
      </trkpt>
      <trkpt lat="43.5293541" lon="5.4363137">
        <ele>187.03347596319588</ele>
      </trkpt>
      <trkpt lat="43.5293161" lon="5.4363436">
        <ele>186.77633100160875</ele>
      </trkpt>
      <trkpt lat="43.5292875" lon="5.4363602">
        <ele>186.5966332000067</ele>
      </trkpt>
      <trkpt lat="43.5292595" lon="5.4363711">
        <ele>186.44087783200845</ele>
      </trkpt>
      <trkpt lat="43.5292287" lon="5.436379">
        <ele>186.28656980799315</ele>
      </trkpt>
      <trkpt lat="43.5291944" lon="5.4363854">
        <ele>186.12370600960634</ele>
      </trkpt>
      <trkpt lat="43.5291114" lon="5.4363998">
        <ele>185.1726951487698</ele>
      </trkpt>
      <trkpt lat="43.5289421" lon="5.4364185">
        <ele>182.74581970402542</ele>
      </trkpt>
      <trkpt lat="43.5288844" lon="5.4364306">
        <ele>181.95152000002827</ele>
      </trkpt>
      <trkpt lat="43.5288018" lon="5.436437">
        <ele>181.0594399999627</ele>
      </trkpt>
      <trkpt lat="43.5287336" lon="5.4364076">
        <ele>180.322880000027</ele>
      </trkpt>
      <trkpt lat="43.5287687" lon="5.4366337">
        <ele>180.70196000000578</ele>
      </trkpt>
      <trkpt lat="43.5287804" lon="5.4367035">
        <ele>180.96092000002477</ele>
      </trkpt>
      <trkpt lat="43.5288449" lon="5.4371851">
        <ele>182.7993135392125</ele>
      </trkpt>
      <trkpt lat="43.5289796" lon="5.4379669">
        <ele>182.74994488959697</ele>
      </trkpt>
      <trkpt lat="43.529118" lon="5.4387042">
        <ele>183.8454400000121</ele>
      </trkpt>
      <trkpt lat="43.5291554" lon="5.4389389">
        <ele>185.4079424223986</ele>
      </trkpt>
      <trkpt lat="43.5291585" lon="5.4390325">
        <ele>186.07859979999142</ele>
      </trkpt>
      <trkpt lat="43.5291446" lon="5.439099">
        <ele>186.652328415984</ele>
      </trkpt>
      <trkpt lat="43.5291188" lon="5.4391564">
        <ele>187.26435105280572</ele>
      </trkpt>
      <trkpt lat="43.5290766" lon="5.4392364">
        <ele>188.15055999997912</ele>
      </trkpt>
      <trkpt lat="43.5290302" lon="5.4393367">
        <ele>189.2067999999931</ele>
      </trkpt>
      <trkpt lat="43.5290126" lon="5.4393721">
        <ele>189.58839999998872</ele>
      </trkpt>
      <trkpt lat="43.5288712" lon="5.43965">
        <ele>191.11080320001545</ele>
      </trkpt>
      <trkpt lat="43.5288202" lon="5.439759">
        <ele>191.49456000001146</ele>
      </trkpt>
      <trkpt lat="43.5288002" lon="5.4398055">
        <ele>191.63856000000578</ele>
      </trkpt>
      <trkpt lat="43.5286806" lon="5.4400791">
        <ele>192.57091556159227</ele>
      </trkpt>
      <trkpt lat="43.5285806" lon="5.4403236">
        <ele>192.50551999997742</ele>
      </trkpt>
      <trkpt lat="43.5283761" lon="5.4407685">
        <ele>189.46188000002894</ele>
      </trkpt>
      <trkpt lat="43.5283168" lon="5.4408975">
        <ele>189.4162291199984</ele>
      </trkpt>
      <trkpt lat="43.5282767" lon="5.4409846">
        <ele>189.99626489280035</ele>
      </trkpt>
      <trkpt lat="43.5282328" lon="5.4410852">
        <ele>190.7796801023981</ele>
      </trkpt>
      <trkpt lat="43.5280521" lon="5.441473">
        <ele>193.29903316799698</ele>
      </trkpt>
      <trkpt lat="43.5279669" lon="5.4416509">
        <ele>193.6421955216089</ele>
      </trkpt>
      <trkpt lat="43.5277186" lon="5.4421891">
        <ele>192.76155711040036</ele>
      </trkpt>
      <trkpt lat="43.5276763" lon="5.4422805">
        <ele>192.7113241360085</ele>
      </trkpt>
      <trkpt lat="43.5276343" lon="5.4423809">
        <ele>192.7785368848037</ele>
      </trkpt>
      <trkpt lat="43.527532" lon="5.4426245">
        <ele>193.0</ele>
      </trkpt>
      <trkpt lat="43.5275019" lon="5.4426972">
        <ele>193.0</ele>
      </trkpt>
      <trkpt lat="43.5273481" lon="5.4430476">
        <ele>191.4817999999916</ele>
      </trkpt>
      <trkpt lat="43.5273393" lon="5.4430677">
        <ele>191.3524671056031</ele>
      </trkpt>
      <trkpt lat="43.5273266" lon="5.4430966">
        <ele>191.13576229761088</ele>
      </trkpt>
      <trkpt lat="43.5272749" lon="5.4432227">
        <ele>190.10031018081244</ele>
      </trkpt>
      <trkpt lat="43.5272213" lon="5.4433492">
        <ele>188.93956000000253</ele>
      </trkpt>
      <trkpt lat="43.5271645" lon="5.4434808">
        <ele>188.26131999999325</ele>
      </trkpt>
      <trkpt lat="43.5271039" lon="5.4436212">
        <ele>187.57404000000065</ele>
      </trkpt>
      <trkpt lat="43.5269664" lon="5.4439316">
        <ele>187.23279999999681</ele>
      </trkpt>
      <trkpt lat="43.5268923" lon="5.4440955">
        <ele>187.55608000000188</ele>
      </trkpt>
      <trkpt lat="43.5266426" lon="5.4446821">
        <ele>187.86807428159747</ele>
      </trkpt>
      <trkpt lat="43.5265835" lon="5.4448136">
        <ele>188.32895999999937</ele>
      </trkpt>
      <trkpt lat="43.5265413" lon="5.4449098">
        <ele>188.67527999999857</ele>
      </trkpt>
      <trkpt lat="43.5265149" lon="5.4449668">
        <ele>188.88048000000163</ele>
      </trkpt>
      <trkpt lat="43.5264753" lon="5.4450264">
        <ele>189.0</ele>
      </trkpt>
      <trkpt lat="43.5264196" lon="5.44506">
        <ele>189.0</ele>
      </trkpt>
      <trkpt lat="43.5264637" lon="5.4451105">
        <ele>189.0</ele>
      </trkpt>
      <trkpt lat="43.5265342" lon="5.4452339">
        <ele>189.0</ele>
      </trkpt>
      <trkpt lat="43.5265477" lon="5.4452776">
        <ele>189.0</ele>
      </trkpt>
      <trkpt lat="43.5265616" lon="5.4453313">
        <ele>188.92712071680015</ele>
      </trkpt>
      <trkpt lat="43.5265669" lon="5.4454323">
        <ele>188.80020647519748</ele>
      </trkpt>
      <trkpt lat="43.5265625" lon="5.4454891">
        <ele>188.71471499999268</ele>
      </trkpt>
      <trkpt lat="43.5265514" lon="5.4455389">
        <ele>188.60992100160848</ele>
      </trkpt>
      <trkpt lat="43.5265305" lon="5.4456052">
        <ele>188.3310799999988</ele>
      </trkpt>
      <trkpt lat="43.5265032" lon="5.445654">
        <ele>188.05712000000108</ele>
      </trkpt>
      <trkpt lat="43.5264799" lon="5.4456933">
        <ele>187.83175999999253</ele>
      </trkpt>
      <trkpt lat="43.5264574" lon="5.4457182">
        <ele>187.66111999999362</ele>
      </trkpt>
      <trkpt lat="43.5264361" lon="5.4457376">
        <ele>187.51459999999202</ele>
      </trkpt>
      <trkpt lat="43.5263829" lon="5.4457727">
        <ele>187.23983999999427</ele>
      </trkpt>
      <trkpt lat="43.5263602" lon="5.4457801">
        <ele>187.29492000000164</ele>
      </trkpt>
      <trkpt lat="43.5263418" lon="5.4457846">
        <ele>187.34496000001104</ele>
      </trkpt>
      <trkpt lat="43.5263651" lon="5.4459893">
        <ele>187.03755485280072</ele>
      </trkpt>
      <trkpt lat="43.5263854" lon="5.4461579">
        <ele>187.16632439360225</ele>
      </trkpt>
      <trkpt lat="43.5264469" lon="5.4466192">
        <ele>189.45564000003537</ele>
      </trkpt>
      <trkpt lat="43.526549" lon="5.4473839">
        <ele>191.734840000021</ele>
      </trkpt>
      <trkpt lat="43.5267043" lon="5.4485472">
        <ele>194.16665123839422</ele>
      </trkpt>
      <trkpt lat="43.5267178" lon="5.4485471">
        <ele>194.22649939520065</ele>
      </trkpt>
      <trkpt lat="43.5267307" lon="5.448553">
        <ele>194.27874478400688</ele>
      </trkpt>
      <trkpt lat="43.5267416" lon="5.4485642">
        <ele>194.31531706880511</ele>
      </trkpt>
      <trkpt lat="43.5267492" lon="5.4485797">
        <ele>194.33071832959055</ele>
      </trkpt>
      <trkpt lat="43.5267529" lon="5.4485977">
        <ele>194.32542804319348</ele>
      </trkpt>
      <trkpt lat="43.5267524" lon="5.4486157">
        <ele>194.30863999999792</ele>
      </trkpt>
      <trkpt lat="43.5267478" lon="5.4486326">
        <ele>194.29208000000926</ele>
      </trkpt>
      <trkpt lat="43.5267396" lon="5.4486468">
        <ele>194.2625599999967</ele>
      </trkpt>
      <trkpt lat="43.5267287" lon="5.4486567">
        <ele>194.2233199999987</ele>
      </trkpt>
      <trkpt lat="43.5267161" lon="5.4486616">
        <ele>194.17796000000567</ele>
      </trkpt>
      <trkpt lat="43.5268832" lon="5.449831">
        <ele>196.25745996799924</ele>
      </trkpt>
      <trkpt lat="43.5268912" lon="5.4498308">
        <ele>196.274123878403</ele>
      </trkpt>
      <trkpt lat="43.5268988" lon="5.4498345">
        <ele>196.3062981439941</ele>
      </trkpt>
      <trkpt lat="43.5269051" lon="5.4498414">
        <ele>196.34816922560242</ele>
      </trkpt>
      <trkpt lat="43.5269093" lon="5.4498508">
        <ele>196.39492357760017</ele>
      </trkpt>
      <trkpt lat="43.5269123" lon="5.4498615">
        <ele>196.44370200799835</ele>
      </trkpt>
      <trkpt lat="43.5269097" lon="5.4498727">
        <ele>196.48439833759667</ele>
      </trkpt>
      <trkpt lat="43.5269059" lon="5.4498826">
        <ele>196.5187144736023</ele>
      </trkpt>
      <trkpt lat="43.5268999" lon="5.44989">
        <ele>196.54049743999454</ele>
      </trkpt>
      <trkpt lat="43.5268924" lon="5.4498942">
        <ele>196.5477583232024</ele>
      </trkpt>
      <trkpt lat="43.5269839" lon="5.4505832">
        <ele>197.34073582077497</ele>
      </trkpt>
      <trkpt lat="43.5269883" lon="5.4506167">
        <ele>197.28827254559096</ele>
      </trkpt>
      <trkpt lat="43.5270028" lon="5.4506158">
        <ele>197.4589221503803</ele>
      </trkpt>
      <trkpt lat="43.527014" lon="5.4506212">
        <ele>197.57405452801544</ele>
      </trkpt>
      <trkpt lat="43.527026" lon="5.4506371">
        <ele>197.673429215993</ele>
      </trkpt>
      <trkpt lat="43.5270311" lon="5.4506512">
        <ele>197.69897406722453</ele>
      </trkpt>
      <trkpt lat="43.5270299" lon="5.4506759">
        <ele>197.62296195362757</ele>
      </trkpt>
      <trkpt lat="43.527022" lon="5.4506947">
        <ele>197.47653686403012</ele>
      </trkpt>
      <trkpt lat="43.5270649" lon="5.4507787">
        <ele>197.8459516847889</ele>
      </trkpt>
      <trkpt lat="43.52709" lon="5.4509504">
        <ele>198.09600000001683</ele>
      </trkpt>
      <trkpt lat="43.5271351" lon="5.451242">
        <ele>199.0688528320385</ele>
      </trkpt>
      <trkpt lat="43.5272338" lon="5.4513508">
        <ele>200.95195516158267</ele>
      </trkpt>
      <trkpt lat="43.52729" lon="5.4514128">
        <ele>201.48800000000483</ele>
      </trkpt>
      <trkpt lat="43.5273442" lon="5.4516664">
        <ele>201.87824000001228</ele>
      </trkpt>
      <trkpt lat="43.5273758" lon="5.4517534">
        <ele>202.27839125121315</ele>
      </trkpt>
      <trkpt lat="43.5274525" lon="5.4518864">
        <ele>203.3137721600267</ele>
      </trkpt>
      <trkpt lat="43.527488" lon="5.4519613">
        <ele>203.87302137598104</ele>
      </trkpt>
      <trkpt lat="43.5275533" lon="5.4519303">
        <ele>204.14096000000313</ele>
      </trkpt>
      <trkpt lat="43.5275652" lon="5.4519248">
        <ele>204.16399999999112</ele>
      </trkpt>
      <trkpt lat="43.5279792" lon="5.4516894">
        <ele>205.4727361791812</ele>
      </trkpt>
      <trkpt lat="43.5280368" lon="5.4516482">
        <ele>205.73648872961755</ele>
      </trkpt>
      <trkpt lat="43.5280522" lon="5.4516372">
        <ele>205.76496144638637</ele>
      </trkpt>
      <trkpt lat="43.5281278" lon="5.4515712">
        <ele>205.05256000000054</ele>
      </trkpt>
      <trkpt lat="43.5282814" lon="5.4514162">
        <ele>203.3836000000074</ele>
      </trkpt>
      <trkpt lat="43.52831" lon="5.4513752">
        <ele>203.03058048000884</ele>
      </trkpt>
      <trkpt lat="43.5283566" lon="5.4513082">
        <ele>202.62575999999126</ele>
      </trkpt>
      <trkpt lat="43.528415" lon="5.4512337">
        <ele>202.14731999999253</ele>
      </trkpt>
      <trkpt lat="43.5284336" lon="5.4512137">
        <ele>202.0083600000023</ele>
      </trkpt>
      <trkpt lat="43.5285106" lon="5.4511216">
        <ele>201.39960000000883</ele>
      </trkpt>
      <trkpt lat="43.5287444" lon="5.4511968">
        <ele>201.30847999999992</ele>
      </trkpt>
      <trkpt lat="43.5287765" lon="5.451208">
        <ele>201.3488000000009</ele>
      </trkpt>
      <trkpt lat="43.5288111" lon="5.4512202">
        <ele>201.39271999999937</ele>
      </trkpt>
      <trkpt lat="43.5291986" lon="5.4513705">
        <ele>202.107349648003</ele>
      </trkpt>
      <trkpt lat="43.5288332" lon="5.4512383">
        <ele>201.45787999999993</ele>
      </trkpt>
      <trkpt lat="43.5288111" lon="5.4512202">
        <ele>201.39271999999937</ele>
      </trkpt>
    </trkseg>
  </trk>
</gpx>